7990.000000 -76.7697 -75.1357 -68.6688 -76.8266 -76.5252 -76.8219 -76.1875 -76.5148 -76.7611 -76.4533 -74.4919 -76.7811 -74.9588 -76.6938 -72.4842 -74.8439 -75.7264 -76.9245 -76.7415 -76.7438 -76.7333 -76.794
7991.004883 -76.7705 -75.1364 -68.6699 -76.8274 -76.526 -76.8228 -76.189 -76.5165 -76.7621 -76.4545 -74.4928 -76.7846 -74.9599 -76.6945 -72.4846 -74.8452 -75.7275 -76.9274 -76.7427 -76.7449 -76.7348 -76.7951
7992.009766 -76.7714 -75.1372 -68.6709 -76.8282 -76.5269 -76.8236 -76.1906 -76.5181 -76.7631 -76.4557 -74.4937 -76.7882 -74.961 -76.6953 -72.485 -74.8465 -75.7286 -76.9303 -76.7439 -76.746 -76.7362 -76.7962
7993.015137 -76.7722 -75.138 -68.672 -76.8291 -76.5277 -76.8244 -76.1921 -76.5197 -76.7641 -76.4569 -74.4946 -76.7917 -74.9621 -76.696 -72.4854 -74.8478 -75.7297 -76.9331 -76.7452 -76.747 -76.7377 -76.7972
7994.020020 -76.7731 -75.1388 -68.6731 -76.8299 -76.5285 -76.8253 -76.1937 -76.5213 -76.7651 -76.4581 -74.4955 -76.7951 -74.9632 -76.6968 -72.4858 -74.849 -75.7308 -76.936 -76.7464 -76.7481 -76.7392 -76.7983
7995.024902 -76.7739 -75.1396 -68.6741 -76.8307 -76.5293 -76.8261 -76.1952 -76.523 -76.7661 -76.4593 -74.4964 -76.7986 -74.9643 -76.6975 -72.4861 -74.8503 -75.7318 -76.9389 -76.7476 -76.7491 -76.7406 -76.7994
7996.029785 -76.7748 -75.1404 -68.6752 -76.8315 -76.5301 -76.8269 -76.1967 -76.5246 -76.7671 -76.4605 -74.4973 -76.8021 -74.9654 -76.6983 -72.4865 -74.8516 -75.7329 -76.9417 -76.7488 -76.7502 -76.7421 -76.8004
7997.035156 -76.7756 -75.1411 -68.6762 -76.8323 -76.5307 -76.8277 -76.1982 -76.5262 -76.7681 -76.4617 -74.4982 -76.8055 -74.9665 -76.699 -72.4869 -74.8528 -75.734 -76.9445 -76.7501 -76.7512 -76.7435 -76.8015
7998.040039 -76.7765 -75.1412 -68.6772 -76.8332 -76.5244 -76.8286 -76.1998 -76.5278 -76.7691 -76.4628 -74.4991 -76.8089 -74.9676 -76.6998 -72.4873 -74.8541 -75.735 -76.9473 -76.7513 -76.7523 -76.7449 -76.8025
7999.044922 -76.7773 -75.1345 -68.6783 -76.834 -76.3255 -76.8294 -76.2013 -76.5294 -76.7701 -76.464 -74.5 -76.8124 -74.9687 -76.7005 -72.4877 -74.8553 -75.7361 -76.9501 -76.7525 -76.7533 -76.7464 -76.8036
8000.049805 -76.7781 -75.0284 -68.6793 -76.8348 -72.0875 -76.8302 -76.2028 -76.5309 -76.7711 -76.4652 -74.5009 -76.8158 -74.9697 -76.7013 -72.4881 -74.8566 -75.7372 -76.9529 -76.7537 -76.7543 -76.7478 -76.8046
8001.055176 -76.779 -73.6755 -68.6803 -76.8356 -3.32624 -76.831 -76.2043 -76.5325 -76.7721 -76.4664 -74.5018 -76.8191 -74.9708 -76.702 -72.4884 -74.8578 -75.7382 -76.9557 -76.7549 -76.7554 -76.7492 -76.8057
8002.060059 -76.7798 -50.3616 -68.6813 -76.8364 11.2044 -76.8318 -76.2058 -76.5341 -76.7731 -76.4675 -74.5027 -76.8225 -74.9719 -76.7028 -72.4888 -74.8591 -75.7393 -76.9585 -76.7561 -76.7564 -76.7507 -76.8067
8003.064941 -76.7807 14.8848 -68.6823 -76.8372 9.84347 -76.8326 -76.2073 -76.5357 -76.7741 -76.4687 -74.5035 -76.8259 -74.9729 -76.7035 -72.4892 -74.8603 -75.7403 -76.9612 -76.7573 -76.7574 -76.7521 -76.8078
8004.069824 -76.7815 10.9696 -68.6833 -76.838 6.82148 -76.8335 -76.2088 -76.5372 -76.775 -76.4699 -74.5044 -76.8292 -74.974 -76.7043 -72.4896 -74.8616 -75.7414 -76.964 -76.7585 -76.7585 -76.7535 -76.8088
8005.075195 -76.7823 7.27251 -68.6842 -76.8388 4.00995 -76.8343 -76.2102 -76.5388 -76.776 -76.471 -74.5053 -76.8325 -74.9751 -76.705 -72.49 -74.8628 -75.7424 -76.9667 -76.7596 -76.7595 -76.7549 -76.8098
8006.080078 -76.7831 4.00097 -68.6852 -76.8396 1.58677 -76.8351 -76.2117 -76.5403 -76.777 -76.4722 -74.5062 -76.8358 -74.9761 -76.7057 -72.4904 -74.864 -75.7435 -76.9694 -76.7608 -76.7605 -76.7563 -76.8109
8007.084961 -76.784 1.37924 -68.6862 -76.8404 -0.404187 -76.8359 -76.2132 -76.5419 -76.778 -76.4733 -74.5071 -76.8391 -74.9772 -76.7065 -72.4908 -74.8653 -75.7445 -76.9721 -76.762 -76.7615 -76.7577 -76.8119
8008.089844 -76.7848 -0.745293 -68.6872 -76.8412 -2.0365 -76.8367 -76.2147 -76.5434 -76.7789 -76.4745 -74.508 -76.8424 -74.9783 -76.7072 -72.4911 -74.8665 -75.7455 -76.9748 -76.7632 -76.7626 -76.7591 -76.8129
8009.095215 -76.7856 -2.49061 -68.6881 -76.842 -3.39088 -76.8375 -76.2161 -76.545 -76.7799 -76.4756 -74.5088 -76.8457 -74.9793 -76.7079 -72.4915 -74.8677 -75.7466 -76.9775 -76.7644 -76.7636 -76.7605 -76.8139
8010.100098 -76.7864 -3.94427 -68.6891 -76.8428 -4.53052 -76.8383 -76.2176 -76.5465 -76.7809 -76.4768 -74.5097 -76.849 -74.9804 -76.7087 -72.4919 -74.8689 -75.7476 -76.9802 -76.7655 -76.7646 -76.7619 -76.815
8011.104980 -76.7872 -5.17103 -68.69 -76.8436 -5.50246 -76.8391 -76.219 -76.548 -76.7818 -76.4779 -74.5106 -76.8522 -74.9814 -76.7094 -72.4923 -74.8701 -75.7486 -76.9829 -76.7667 -76.7656 -76.7632 -76.816
8012.109863 -76.7881 -6.21872 -68.6909 -76.8444 -6.3416 -76.8399 -76.2205 -76.5496 -76.7828 -76.479 -74.5115 -76.8554 -74.9825 -76.7101 -72.4927 -74.8713 -75.7496 -76.9855 -76.7679 -76.7666 -76.7646 -76.817
8013.115234 -76.7889 -7.12434 -68.6919 -76.8451 -7.07421 -76.8407 -76.2219 -76.5511 -76.7837 -76.4802 -74.5123 -76.8587 -74.9835 -76.7109 -72.4931 -74.8726 -75.7507 -76.9882 -76.769 -76.7676 -76.766 -76.818
8014.120117 -76.7897 -7.91677 -68.6928 -76.8459 -7.72028 -76.8415 -76.2234 -76.5526 -76.7847 -76.4813 -74.5132 -76.8619 -74.9846 -76.7116 -72.4935 -74.8738 -75.7517 -76.9908 -76.7702 -76.7686 -76.7673 -76.819
8015.125000 -76.7905 -8.61839 -68.6937 -76.8467 -8.2953 -76.8422 -76.2248 -76.5541 -76.7856 -76.4824 -74.5141 -76.865 -74.9856 -76.7123 -72.4939 -74.875 -75.7527 -76.9934 -76.7713 -76.7696 -76.7687 -76.82
8016.129883 -76.7913 -9.24648 -68.6946 -76.8475 -8.81141 -76.843 -76.2262 -76.5556 -76.7866 -76.4836 -74.5149 -76.8682 -74.9866 -76.713 -72.4943 -74.8762 -75.7537 -76.9961 -76.7725 -76.7706 -76.7701 -76.821
8017.134766 -76.7921 -9.8144 -68.6955 -76.8483 -9.27824 -76.8438 -76.2276 -76.5571 -76.7875 -76.4847 -74.5158 -76.8714 -74.9877 -76.7138 -72.4947 -74.8773 -75.7547 -76.9987 -76.7736 -76.7716 -76.7714 -76.822
8018.140137 -76.7929 -10.3326 -68.6964 -76.8491 -9.70355 -76.8446 -76.2291 -76.5586 -76.7885 -76.4858 -74.5167 -76.8745 -74.9887 -76.7145 -72.4951 -74.8785 -75.7557 -77.0013 -76.7747 -76.7726 -76.7728 -76.823
8019.145020 -76.7937 -10.8093 -68.6973 -76.8498 -10.0936 -76.8454 -76.2305 -76.5601 -76.7894 -76.4869 -74.5175 -76.8777 -74.9897 -76.7152 -72.4955 -74.8797 -75.7568 -77.0038 -76.7759 -76.7736 -76.7741 -76.824
8020.149902 -76.7945 -11.2512 -68.6982 -76.8506 -10.4537 -76.8462 -76.2319 -76.5616 -76.7904 -76.488 -74.5184 -76.8808 -74.9907 -76.7159 -72.4959 -74.8809 -75.7578 -77.0064 -76.777 -76.7746 -76.7755 -76.825
8021.154785 -76.7953 -11.6637 -68.6991 -76.8514 -10.7879 -76.8469 -76.2333 -76.563 -76.7913 -76.4891 -74.5192 -76.8839 -74.9918 -76.7166 -72.4963 -74.8821 -75.7588 -77.009 -76.7782 -76.7755 -76.7768 -76.826
8022.160156 -76.7961 -12.0512 -68.7 -76.8521 -11.1 -76.8477 -76.2347 -76.5645 -76.7922 -76.4902 -74.5201 -76.887 -74.9928 -76.7173 -72.4967 -74.8833 -75.7598 -77.0115 -76.7793 -76.7765 -76.7781 -76.827
8023.165039 -76.7969 -12.4174 -68.7009 -76.8529 -11.393 -76.8485 -76.2361 -76.566 -76.7932 -76.4913 -74.521 -76.8901 -74.9938 -76.7181 -72.4971 -74.8845 -75.7608 -77.0141 -76.7804 -76.7775 -76.7794 -76.828
8024.169922 -76.7977 -12.7654 -68.7017 -76.8537 -11.6694 -76.8493 -76.2375 -76.5674 -76.7941 -76.4924 -74.5218 -76.8932 -74.9948 -76.7188 -72.4975 -74.8856 -75.7618 -77.0166 -76.7815 -76.7785 -76.7808 -76.829
8025.174805 -76.7985 -13.0979 -68.7026 -76.8544 -11.9316 -76.85 -76.2389 -76.5689 -76.795 -76.4935 -74.5227 -76.8962 -74.9958 -76.7195 -72.4979 -74.8868 -75.7627 -77.0191 -76.7826 -76.7794 -76.7821 -76.83
8026.180176 -76.7993 -13.4172 -68.7035 -76.8552 -12.1815 -76.8508 -76.2402 -76.5704 -76.7959 -76.4946 -74.5235 -76.8993 -74.9968 -76.7202 -72.4983 -74.888 -75.7637 -77.0216 -76.7838 -76.7804 -76.7834 -76.831
8027.185059 -76.8 -13.7251 -68.7043 -76.856 -12.4207 -76.8516 -76.2406 -76.5718 -76.7968 -76.4957 -74.5244 -76.9023 -74.9979 -76.7209 -72.4987 -74.8891 -75.7647 -77.0241 -76.7849 -76.7814 -76.7847 -76.8319
8028.189941 -76.8008 -14.0234 -68.7052 -76.8567 -12.6508 -76.8523 -76.2151 -76.5732 -76.7978 -76.4968 -74.5252 -76.9053 -74.9989 -76.7216 -72.4991 -74.8903 -75.7657 -77.0266 -76.786 -76.7823 -76.786 -76.8329
8029.194824 -76.8016 -14.3135 -68.706 -76.8575 -12.873 -76.8531 -75.5229 -76.5747 -76.7986 -76.4979 -74.526 -76.9083 -74.9999 -76.7223 -72.4995 -74.8914 -75.7667 -77.0291 -76.7871 -76.7833 -76.7873 -76.8339
8030.200195 -76.8024 -14.5967 -68.7069 -76.8582 -13.0886 -76.8539 -65.2729 -76.5761 -76.7985 -76.4989 -74.5269 -76.9113 -75.0009 -76.723 -72.4999 -74.8926 -75.7677 -77.0316 -76.7882 -76.7843 -76.7886 -76.8348
8031.205078 -76.8032 -14.874 -68.7077 -76.859 -13.2986 -76.8546 19.4553 -76.5776 -76.778 -76.5 -74.5277 -76.9143 -75.0019 -76.7237 -72.5003 -74.8937 -75.7686 -77.0341 -76.7893 -76.7852 -76.7899 -76.8358
8032.209961 -76.804 -15.1466 -68.7085 -76.8597 -13.5039 -76.8554 15.9348 -76.579 -76.2971 -76.5011 -74.5286 -76.9173 -75.0029 -76.7244 -72.5007 -74.8949 -75.7696 -77.0365 -76.7904 -76.7862 -76.7912 -76.8368
8033.214844 -76.8047 -15.4152 -68.7094 -76.8605 -13.7052 -76.8561 10.3479 -76.5804 -66.6182 -76.5022 -74.5294 -76.9202 -75.0039 -76.7251 -72.5011 -74.896 -75.7706 -77.039 -76.7915 -76.7871 -76.7925 -76.8377
8034.220215 -76.8055 -15.6806 -68.7102 -76.8612 -13.9035 -76.8569 5.95986 -76.5818 10.9813 -76.5032 -74.5303 -76.9232 -75.0048 -76.7258 -72.5015 -74.8972 -75.7716 -77.0414 -76.7926 -76.7881 -76.7938 -76.8387
8035.225098 -76.8063 -15.9434 -68.711 -76.8615 -14.0992 -76.8577 2.63054 -76.5832 13.8374 -76.5043 -74.5311 -76.9261 -75.0058 -76.7265 -72.5019 -74.8983 -75.7725 -77.0438 -76.7937 -76.789 -76.795 -76.8397
8036.229980 -76.807 -16.2043 -68.7118 -76.8503 -14.2931 -76.8584 0.080179 -76.5846 9.8736 -76.5053 -74.5319 -76.9291 -75.0068 -76.7272 -72.5023 -74.8994 -75.7735 -77.0462 -76.7947 -76.79 -76.7963 -76.8406
8037.234863 -76.8078 -16.4637 -68.7127 -76.5618 -14.4857 -76.8592 -1.91318 -76.586 6.28146 -76.5064 -74.5328 -76.932 -75.0078 -76.7279 -72.5027 -74.9006 -75.7745 -77.0486 -76.7958 -76.7909 -76.7976 -76.8416
8038.240234 -76.8086 -16.7221 -68.7135 -69.486 -14.6773 -76.8599 -3.50651 -76.5874 3.35079 -76.5075 -74.5336 -76.9349 -75.0088 -76.7286 -72.5031 -74.9017 -75.7754 -77.051 -76.7969 -76.7919 -76.7988 -76.8425
8039.245117 -76.8093 -16.98 -68.7143 15.473 -14.8686 -76.8606 -4.8068 -76.5888 1.00167 -76.5085 -74.5344 -76.9378 -75.0098 -76.7293 -72.5035 -74.9028 -75.7764 -77.0534 -76.798 -76.7928 -76.8001 -76.8435
8040.250000 -76.81 -17.2376 -68.7151 18.8721 -15.0599 -76.8613 -5.88791 -76.5902 -0.8844 -76.5096 -74.5352 -76.9406 -75.0107 -76.73 -72.5039 -74.904 -75.7773 -77.0558 -76.799 -76.7938 -76.8014 -76.8444
8041.254883 -76.8088 -17.4953 -68.7159 13.8728 -15.2515 -76.8607 -6.8019 -76.5916 -2.41834 -76.5106 -74.5361 -76.9435 -75.0117 -76.7307 -72.5043 -74.9051 -75.7783 -77.0582 -76.8001 -76.7947 -76.8026 -76.8453
8042.259766 -76.7549 -17.7534 -68.7167 8.70853 -15.4438 -76.8216 -7.58627 -76.593 -3.68614 -76.5116 -74.5369 -76.9464 -75.0127 -76.7314 -72.5048 -74.9062 -75.7792 -77.0605 -76.8012 -76.7956 -76.8039 -76.8463
8043.265137 -75.2469 -18.0121 -68.7175 4.65543 -15.637 -75.6175 -8.26846 -76.5944 -4.75023 -76.5127 -74.5377 -76.9492 -75.0137 -76.7321 -72.5052 -74.9073 -75.7802 -77.0629 -76.8022 -76.7966 -76.8051 -76.8472
8044.270020 -32.3215 -18.2715 -68.7183 1.59974 -15.8315 -29.5835 -8.86893 -76.5957 -5.65566 -76.5137 -74.5386 -76.952 -75.0146 -76.7328 -72.5056 -74.9084 -75.7811 -77.0652 -76.8033 -76.7975 -76.8064 -76.8482
8045.274902 16.5259 -18.532 -68.7191 -0.721642 -16.0275 20.3349 -9.40317 -76.5971 -6.43569 -76.5147 -74.5394 -76.9548 -75.0156 -76.7335 -72.506 -74.9095 -75.7821 -77.0676 -76.8043 -76.7984 -76.8076 -76.8491
8046.279785 12.2149 -18.7936 -68.7199 -2.52017 -16.2252 14.789 -9.8831 -76.5985 -7.11536 -76.5158 -74.5402 -76.9576 -75.0166 -76.7341 -72.5064 -74.9106 -75.783 -77.0699 -76.8054 -76.7993 -76.8088 -76.85
8047.285156 8.02617 -19.0564 -68.7206 -3.94569 -16.4247 9.68017 -10.318 -76.5998 -7.71377 -76.5168 -74.541 -76.9604 -75.0175 -76.7348 -72.5068 -74.9117 -75.784 -77.0722 -76.8064 -76.8002 -76.8101 -76.8509
8048.290039 4.67682 -19.3207 -68.7214 -5.10121 -16.6264 5.62012 -10.7154 -76.6012 -8.24566 -76.5178 -74.5418 -76.9632 -75.0182 -76.7355 -72.5072 -74.9128 -75.7849 -77.0745 -76.8075 -76.8012 -76.8113 -76.8519
8049.294922 2.06736 -19.5864 -68.7222 -6.05747 -16.8303 2.50638 -11.0811 -76.6025 -8.72255 -76.5189 -74.5427 -76.966 -75.0141 -76.7362 -72.5077 -74.9139 -75.7858 -77.0768 -76.8085 -76.8021 -76.8125 -76.8528
8050.299805 -0.0145151 -19.8536 -68.723 -6.86358 -17.0366 0.102754 -11.4201 -76.6039 -9.15354 -76.5199 -74.5435 -76.9688 -74.9306 -76.7369 -72.5081 -74.915 -75.7868 -77.0791 -76.8096 -76.803 -76.8137 -76.8537
8051.305176 -1.6946 -20.1225 -68.7238 -7.55418 -17.2454 -1.78688 -11.7363 -76.6052 -9.54596 -76.5209 -74.5443 -76.9715 -73.337 -76.7375 -72.5085 -74.9161 -75.7877 -77.0814 -76.8106 -76.8039 -76.8149 -76.8546
8052.310059 -3.07034 -20.393 -68.7245 -8.15419 -17.4568 -3.30338 -12.0331 -76.6066 -9.90575 -76.5219 -74.5451 -76.9743 -32.0634 -76.7382 -72.5089 -74.9172 -75.7886 -77.0836 -76.8116 -76.8048 -76.8161 -76.8555
8053.314941 -4.21537 -20.6652 -68.7253 -8.68188 -17.6709 -4.54474 -12.3133 -76.6079 -10.2378 -76.5229 -74.5459 -76.977 21.4783 -76.7389 -72.5093 -74.9183 -75.7895 -77.0859 -76.8127 -76.8057 -76.8174 -76.8565
8054.319824 -5.1834 -20.9392 -68.7261 -9.15097 -17.8879 -5.57947 -12.5793 -76.6092 -10.5462 -76.5239 -74.5467 -76.9797 15.6471 -76.7396 -72.5097 -74.9194 -75.7905 -77.0882 -76.8137 -76.8066 -76.8186 -76.8574
8055.325195 -6.01361 -21.2148 -68.7268 -9.57196 -18.1078 -6.4561 -12.8331 -76.6105 -10.8343 -76.5249 -74.5475 -76.9824 9.19208 -76.7402 -72.5102 -74.9205 -75.7914 -77.0904 -76.8147 -76.8075 -76.8198 -76.8583
8056.330078 -6.73473 -21.4921 -68.7276 -9.95305 -18.3306 -7.20952 -13.0766 -76.6119 -11.1051 -76.5259 -74.5483 -76.9851 4.42929 -76.7409 -72.5106 -74.9215 -75.7923 -77.0926 -76.8158 -76.8084 -76.821 -76.8592
8057.334961 -7.36821 -21.7712 -68.7283 -10.3008 -18.5565 -7.86526 -13.3112 -76.6132 -11.361 -76.5269 -74.5491 -76.9878 0.987285 -76.7416 -72.511 -74.9226 -75.7932 -77.0949 -76.8168 -76.8093 -76.8221 -76.8601
8058.339844 -7.93029 -22.0519 -68.7291 -10.6204 -18.7854 -8.44237 -13.5383 -76.6145 -11.6042 -76.5279 -74.5499 -76.9905 -1.57439 -76.7422 -72.5114 -74.9237 -75.7941 -77.0971 -76.8178 -76.8102 -76.8233 -76.861
8059.345215 -8.43353 -22.3344 -68.7298 -10.9163 -19.0175 -8.95534 -13.7592 -76.6158 -11.8365 -76.5285 -74.5508 -76.9931 -3.55554 -76.7429 -72.5118 -74.9248 -75.795 -77.0993 -76.8188 -76.8111 -76.8245 -76.8619
8060.350098 -8.88777 -22.6184 -68.7306 -11.1921 -19.2526 -9.41537 -13.9748 -76.6171 -12.0596 -76.5203 -74.5516 -76.9958 -5.14801 -76.7436 -72.5123 -74.9258 -75.796 -77.1015 -76.8198 -76.812 -76.8257 -76.8628
8061.354980 -9.30085 -22.9041 -68.7313 -11.4508 -19.491 -9.8313 -14.186 -76.6184 -12.2748 -76.3864 -74.5524 -76.9984 -6.4724 -76.7442 -72.5127 -74.9269 -75.7969 -77.1037 -76.8208 -76.8129 -76.8269 -76.8637
8062.359863 -9.67911 -23.1914 -68.7321 -11.695 -19.7325 -10.2102 -14.3937 -76.6197 -12.4834 -72.43 -74.5531 -77.001 -7.60399 -76.7449 -72.5131 -74.928 -75.7978 -77.1059 -76.8218 -76.8138 -76.8281 -76.8646
8063.365234 -10.0277 -23.4802 -68.7328 -11.9269 -19.9772 -10.5578 -14.5986 -76.6208 -12.6865 15.9213 -74.5539 -77.0037 -8.59044 -76.7456 -72.5135 -74.929 -75.7987 -77.108 -76.8228 -76.8147 -76.8292 -76.8655
8064.370117 -10.3511 -23.7705 -68.7336 -12.1484 -20.2251 -10.8788 -14.8014 -76.6179 -12.8852 16.6368 -74.5547 -77.0063 -9.46304 -76.7462 -72.514 -74.9301 -75.7995 -77.1102 -76.8238 -76.8156 -76.8304 -76.8663
8065.375000 -10.6527 -24.0622 -68.7343 -12.3612 -20.4762 -11.1772 -15.0025 -76.529 -13.0801 11.9098 -74.5555 -77.0089 -10.2435 -76.7469 -72.5144 -74.9311 -75.799 -77.1124 -76.8248 -76.8164 -76.8316 -76.8672
8066.379883 -10.9357 -24.3553 -68.7351 -12.5666 -20.7304 -11.4563 -15.2026 -74.0814 -13.2722 7.84213 -74.5563 -77.0115 -10.9476 -76.7476 -72.5148 -74.9321 -75.7558 -77.1145 -76.8258 -76.8173 -76.8327 -76.8681
8067.384766 -11.2027 -24.6498 -68.7358 -12.766 -20.9879 -11.7189 -15.402 -18.5378 -13.4622 4.43102 -74.5571 -77.014 -11.5883 -76.7482 -72.5152 -74.9312 -74.8048 -77.1167 -76.8268 -76.8182 -76.8339 -76.869
8068.390137 -11.4559 -24.9455 -68.7365 -12.9605 -21.2484 -11.9674 -15.6012 19.8519 -13.6505 1.73355 -74.5579 -77.0166 -12.176 -76.7489 -72.5157 -74.901 -65.8539 -77.1188 -76.8278 -76.8191 -76.835 -76.8699
8069.395020 -11.6974 -25.2425 -68.7373 -13.151 -21.5121 -12.2038 -15.8006 15.6452 -13.8379 -0.40445 -74.5587 -77.0192 -12.718 -76.7495 -72.5161 -74.4457 14.8401 -77.1209 -76.8288 -76.8199 -76.8362 -76.8708
8070.399902 -11.9287 -25.5406 -68.738 -13.3384 -21.7788 -12.4301 -16.0004 12.021 -14.0247 -2.12933 -74.5595 -77.0217 -13.2207 -76.7502 -72.5165 -70.0135 14.7924 -77.123 -76.8298 -76.8208 -76.8373 -76.8716
8071.404785 -12.1515 -25.8399 -68.7387 -13.5235 -22.0486 -12.6477 -16.201 8.89899 -14.2115 -3.55047 -74.5603 -77.0243 -13.6896 -76.7508 -72.5169 -31.2339 9.32703 -77.1252 -76.8307 -76.8217 -76.8385 -76.8725
8072.410156 -12.367 -26.1401 -68.7394 -13.707 -22.3214 -12.8581 -16.4025 6.35656 -14.3987 -4.74537 -74.5611 -77.0268 -14.1298 -76.7515 -72.5174 11.9451 4.91738 -77.1273 -76.8317 -76.8225 -76.8396 -76.8734
8073.415039 -12.5764 -26.4414 -68.7402 -13.8895 -22.5971 -13.0625 -16.6054 4.29247 -14.5866 -5.76844 -74.5619 -77.0293 -14.5456 -76.7521 -72.5178 9.15309 1.59942 -77.1293 -76.8327 -76.8234 -76.8407 -76.8742
8074.419922 -12.7807 -26.7436 -68.7409 -14.0715 -22.8758 -13.2619 -16.8096 2.60025 -14.7755 -6.65824 -74.5626 -77.0318 -14.9409 -76.7528 -72.5182 4.81597 -0.944193 -77.1314 -76.8337 -76.8243 -76.8419 -76.8751
8075.424805 -12.9809 -27.0467 -68.7416 -14.2536 -23.1573 -13.4574 -17.0155 1.19642 -14.9658 -7.44278 -74.5634 -77.0343 -15.3187 -76.7534 -72.5187 1.4433 -2.93683 -77.1335 -76.8346 -76.8251 -76.843 -76.876
8076.430176 -13.1778 -27.3505 -68.7423 -14.4362 -23.4416 -13.6497 -17.2231 0.0150762 -15.1577 -8.14291 -74.5642 -77.0368 -15.6819 -76.7541 -72.5191 -1.17621 -4.53081 -77.1356 -76.8356 -76.826 -76.8441 -76.8768
8077.435059 -13.3721 -27.6552 -68.743 -14.6196 -23.7286 -13.8397 -17.4326 -0.994889 -15.3514 -8.7744 -74.565 -77.0393 -16.0329 -76.7547 -72.5195 -3.21647 -5.83565 -77.1376 -76.8366 -76.8268 -76.8453 -76.8777
8078.439941 -13.5645 -27.9605 -68.7438 -14.8042 -24.0184 -14.0281 -17.6442 -1.87209 -15.5472 -9.34934 -74.5658 -77.0417 -16.3736 -76.7548 -72.52 -4.84226 -6.92886 -77.1397 -76.8375 -76.8277 -76.8464 -76.8785
8079.444824 -13.7556 -28.2664 -68.7445 -14.9905 -24.3108 -14.2153 -17.8579 -2.64516 -15.7453 -9.87721 -74.5665 -77.0442 -16.7056 -76.7411 -72.5204 -6.17261 -7.86419 -77.1418 -76.8385 -76.8286 -76.8475 -76.8794
8080.450195 -13.9459 -28.573 -68.7452 -15.1785 -24.6057 -14.4021 -18.0738 -3.3352 -15.9458 -10.3655 -74.5673 -77.0466 -17.0305 -76.3901 -72.5208 -7.28703 -8.67898 -77.1438 -76.8394 -76.8294 -76.8486 -76.8802
8081.455078 -14.1359 -28.88 -68.7459 -15.3687 -24.9031 -14.5889 -18.292 -3.95775 -16.1489 -10.8202 -74.5681 -77.0491 -17.3495 -68.2627 -72.5213 -8.24012 -9.3996 -77.1458 -76.8404 -76.8302 -76.8497 -76.8811
8082.459961 -14.3261 -29.1876 -68.7466 -15.5612 -25.203 -14.7761 -18.5126 -4.52442 -16.3547 -11.2459 -74.5688 -77.0515 -17.6637 7.4993 -72.5217 -9.07007 -10.0451 -77.1479 -76.8413 -76.8311 -76.8508 -76.882
8083.464844 -14.5168 -29.4956 -68.7473 -15.7563 -25.5052 -14.9642 -18.7356 -5.04405 -16.5634 -11.6467 -74.5696 -77.0539 -17.9739 13.4116 -72.5221 -9.80408 -10.6296 -77.1499 -76.8423 -76.8319 -76.8519 -76.8828
8084.470215 -14.7085 -29.8039 -68.748 -15.9541 -25.8097 -15.1535 -18.961 -5.52357 -16.7751 -12.0258 -74.5704 -77.0564 -18.2809 9.01573 -72.5226 -10.462 -11.1638 -77.1519 -76.8432 -76.8328 -76.853 -76.8836
8085.475098 -14.9013 -30.1125 -68.7487 -16.1548 -26.1164 -15.3444 -19.1889 -5.96841 -16.9898 -12.3864 -74.5712 -77.0587 -18.5854 5.56574 -72.523 -11.0584 -11.6562 -77.1539 -76.8442 -76.8336 -76.8541 -76.8845
8086.479980 -15.0958 -30.4215 -68.7494 -16.3585 -26.4252 -15.5371 -19.4193 -6.38276 -17.2076 -12.731 -74.5719 -77.0611 -18.888 2.7119 -72.5234 -11.6045 -12.1136 -77.1559 -76.8451 -76.8344 -76.8552 -76.8853
8087.484863 -15.292 -30.7306 -68.7501 -16.5654 -26.7362 -15.7318 -19.6522 -6.77008 -17.4286 -13.0618 -74.5727 -77.0635 -19.1892 0.370402 -72.5239 -12.1089 -12.541 -77.1579 -76.8461 -76.8353 -76.8563 -76.8862
8088.490234 -15.4903 -31.0399 -68.7508 -16.7756 -27.0491 -15.929 -19.8876 -7.13342 -17.6529 -13.3809 -74.5735 -77.0659 -19.4894 -1.53096 -72.5243 -12.5783 -12.9428 -77.1598 -76.847 -76.8361 -76.8574 -76.887
8089.495117 -15.6908 -31.3494 -68.7515 -16.9892 -27.3639 -16.1287 -20.1255 -7.47555 -17.8805 -13.6901 -74.5742 -77.0683 -19.789 -3.08741 -72.5247 -13.0181 -13.3226 -77.1618 -76.8479 -76.837 -76.8585 -76.8878
8090.500000 -15.8938 -31.6589 -68.7522 -17.2063 -27.6806 -16.3312 -20.366 -7.79901 -18.1115 -13.9909 -74.575 -77.0706 -20.0884 -4.37961 -72.5252 -13.4327 -13.6836 -77.1636 -76.8489 -76.8378 -76.8595 -76.8887
8091.504883 -16.0994 -31.9685 -68.7529 -17.4269 -27.999 -16.5366 -20.6089 -8.10608 -18.3458 -14.2848 -74.5757 -77.073 -20.3877 -5.4682 -72.5256 -13.8259 -14.0284 -77.1631 -76.8498 -76.8386 -76.8606 -76.8895
8092.509766 -16.3078 -32.2781 -68.7536 -17.6512 -28.3191 -16.7451 -20.8543 -8.39885 -18.5835 -14.5729 -74.5765 -77.0753 -20.6874 -6.39822 -72.5261 -14.2007 -14.3596 -77.1168 -76.8507 -76.8394 -76.8617 -76.8903
8093.515137 -16.5192 -32.5877 -68.7543 -17.8791 -28.6409 -16.9568 -21.1021 -8.67916 -18.8247 -14.8563 -74.5773 -77.0776 -20.9875 -7.20349 -72.5265 -14.5596 -14.6792 -76.3301 -76.8516 -76.8403 -76.8628 -76.8911
8094.520020 -16.7336 -32.8972 -68.755 -18.1107 -28.9642 -17.1718 -21.3523 -8.9487 -19.0692 -15.1361 -74.578 -77.0799 -21.2883 -7.90971 -72.5269 -14.9049 -14.9889 -65.9061 -76.8526 -76.8411 -76.8638 -76.892
8095.524902 -16.9512 -33.2066 -68.7557 -18.3461 -29.289 -17.3903 -21.6049 -9.20891 -19.3172 -15.413 -74.5788 -77.0822 -21.59 -8.5366 -72.5274 -15.2384 -15.2905 16.1035 -76.8535 -76.8419 -76.8649 -76.8928
8096.529785 -17.1721 -33.5158 -68.7564 -18.5853 -29.6152 -17.6123 -21.8599 -9.46114 -19.5686 -15.6879 -74.5795 -77.0845 -21.8927 -9.09934 -72.5278 -15.5617 -15.5853 16.6497 -76.8544 -76.8427 -76.866 -76.8936
8097.535156 -17.3963 -33.8249 -68.7569 -18.8282 -29.9427 -17.838 -22.1171 -9.70653 -19.8234 -15.9614 -74.5803 -77.0868 -22.1966 -9.6097 -72.5283 -15.8763 -15.8745 12.0772 -76.8553 -76.8435 -76.867 -76.8944
8098.540039 -17.624 -34.1338 -68.757 -19.075 -30.2715 -18.0673 -22.3766 -9.94616 -20.0815 -16.2341 -74.581 -77.0891 -22.5017 -10.0769 -72.5287 -16.1834 -16.1592 8.16025 -76.8562 -76.8443 -76.8681 -76.8952
8099.544922 -17.8551 -34.4424 -68.7543 -19.3255 -30.6015 -18.3003 -22.6383 -10.1809 -20.343 -16.5066 -74.5818 -77.0914 -22.8082 -10.5082 -72.5291 -16.484 -16.4403 5.0994 -76.8571 -76.8452 -76.8691 -76.8961
8100.549805 -18.0898 -34.7507 -68.7373 -19.5798 -30.9326 -18.5372 -22.9022 -10.4117 -20.6078 -16.7793 -74.5825 -77.0937 -23.116 -10.9096 -72.5296 -16.7791 -16.7187 2.70577 -76.858 -76.846 -76.8702 -76.8969
8101.555176 -18.3281 -35.0588 -68.6401 -19.8379 -31.2648 -18.7778 -23.1681 -10.6392 -20.8759 -17.0527 -74.5833 -77.0959 -23.4252 -11.2857 -72.53 -17.0695 -16.995 0.795633 -76.8589 -76.8468 -76.8712 -76.8977
8102.560059 -18.57 -35.3665 -68.1389 -20.0998 -31.5979 -19.0223 -23.4361 -10.8642 -21.1472 -17.3272 -74.584 -77.0982 -23.7359 -11.6405 -72.5305 -17.356 -17.27 -0.762527 -76.8598 -76.8476 -76.8723 -76.8985
8103.564941 -18.8155 -35.6738 -65.5471 -20.3653 -31.932 -19.2706 -23.706 -11.0872 -21.4216 -17.603 -74.5848 -77.1004 -24.0479 -11.9771 -72.5309 -17.6392 -17.5442 -2.05896 -76.8607 -76.8484 -76.8733 -76.8993
8104.569824 -19.0647 -35.9808 -50.7825 -20.6346 -32.267 -19.5228 -23.9779 -11.3088 -21.6992 -17.8805 -74.5855 -77.1026 -24.3614 -12.2984 -72.5313 -17.9197 -17.818 -3.15864 -76.8616 -76.8492 -76.8743 -76.9001
8105.575195 -19.3175 -36.2873 -14.1901 -20.9075 -32.6027 -19.7788 -24.2516 -11.5295 -21.9799 -18.1599 -74.5853 -77.1048 -24.6763 -12.6067 -72.5318 -18.1979 -18.092 -4.10908 -76.8625 -76.85 -76.8754 -76.9009
8106.580078 -19.574 -36.5934 -6.60674 -21.184 -32.9392 -20.0387 -24.5271 -11.7497 -22.2636 -18.4414 -74.5763 -77.1071 -24.9926 -12.9039 -72.5322 -18.4744 -18.3665 -4.94449 -76.8634 -76.8508 -76.8764 -76.9017
8107.584961 -19.8341 -36.8991 -8.36203 -21.464 -33.2764 -20.3024 -24.8044 -11.9698 -22.5502 -18.7253 -74.4986 -77.1093 -25.3103 -13.1918 -72.5327 -18.7494 -18.6418 -5.68932 -76.8643 -76.8516 -76.8774 -76.9025
8108.589844 -20.0979 -37.2043 -9.70233 -21.7476 -33.6142 -20.5699 -25.0833 -12.1903 -22.8397 -19.0117 -73.9652 -77.1115 -25.6293 -13.4719 -72.5331 -19.0235 -18.9183 -6.36129 -76.8652 -76.8524 -76.8784 -76.9033
8109.595215 -20.3653 -37.5089 -10.9787 -22.0345 -33.9525 -20.8412 -25.3639 -12.4115 -23.132 -19.3007 -67.7317 -77.1136 -25.9497 -13.7456 -72.5336 -19.2968 -19.1961 -6.97352 -76.8661 -76.8532 -76.8795 -76.9041
8110.600098 -20.6363 -37.813 -12.1564 -22.3249 -34.2914 -21.1162 -25.646 -12.6336 -23.4271 -19.5925 12.8451 -77.1158 -26.2712 -14.0141 -72.534 -19.5696 -19.4755 -7.53617 -76.8669 -76.854 -76.8805 -76.9049
8111.604980 -20.9108 -38.1166 -13.2048 -22.6186 -34.6307 -21.3948 -25.9296 -12.8569 -23.7248 -19.8871 13.2832 -77.118 -26.594 -14.2783 -72.5345 -19.8423 -19.7568 -8.05721 -76.8678 -76.8547 -76.8815 -76.9057
8112.609863 -21.1888 -38.4196 -14.1411 -22.9155 -34.9704 -21.6772 -26.2146 -13.0817 -24.0251 -20.1847 7.88599 -77.1201 -26.9179 -14.5393 -72.5349 -20.1149 -20.04 -8.54272 -76.8681 -76.8555 -76.8825 -76.9064
8113.615234 -21.4702 -38.722 -14.9836 -23.2155 -35.3105 -21.963 -26.5009 -13.3083 -24.3279 -20.4852 3.71924 -77.1223 -27.243 -14.798 -72.5353 -20.3877 -20.3253 -8.99753 -76.859 -76.8563 -76.8835 -76.9072
8114.620117 -21.7551 -39.0238 -15.744 -23.5187 -35.6509 -22.2524 -26.7886 -13.5368 -24.6331 -20.7889 0.553917 -77.1244 -27.5691 -15.0549 -72.5358 -20.6609 -20.6128 -9.4257 -76.802 -76.8571 -76.8845 -76.908
8115.625000 -22.0433 -39.3249 -16.4305 -23.8248 -35.9915 -22.5453 -27.0774 -13.7674 -24.9407 -21.0955 -1.88614 -77.1266 -27.8962 -15.3109 -72.5361 -20.9345 -20.9026 -9.83073 -75.8552 -76.8579 -76.8855 -76.9088
8116.629883 -22.3348 -39.6254 -17.0522 -24.1339 -36.3323 -22.8415 -27.3675 -14.0003 -25.2506 -21.4053 -3.7833 -77.1287 -28.2242 -15.5664 -72.5321 -21.2088 -21.1949 -10.2157 -34.2404 -76.8587 -76.8865 -76.9096
8117.634766 -22.6296 -39.9253 -17.6191 -24.4458 -36.6733 -23.1411 -27.6586 -14.2356 -25.5626 -21.7182 -5.30459 -77.1308 -28.5531 -15.8221 -72.4415 -21.4838 -21.4895 -10.5835 20.7352 -76.8594 -76.8875 -76.9103
8118.640137 -22.9274 -40.2245 -18.1408 -24.7604 -37.0144 -23.4439 -27.9509 -14.4735 -25.8767 -22.0342 -6.56443 -77.1329 -28.8828 -16.0783 -71.0169 -21.7597 -21.7867 -10.9364 15.5245 -76.8602 -76.8885 -76.911
8119.645020 -23.2284 -40.523 -18.6254 -25.0777 -37.3555 -23.7498 -28.2441 -14.7142 -26.1928 -22.3532 -7.63662 -77.135 -29.2133 -16.3356 -53.2663 -22.0364 -22.0863 -11.2767 10.1532 -76.861 -76.8895 -76.9075
8120.649902 -23.5324 -40.8207 -19.0791 -25.3976 -37.6967 -24.0588 -28.5382 -14.9577 -26.5108 -22.6752 -8.56949 -77.1371 -29.5444 -16.5943 -1.63355 -22.314 -22.3885 -11.6063 5.97252 -76.8618 -76.8905 -76.6818
8121.654785 -23.8392 -41.1177 -19.5067 -25.7199 -38.0379 -24.3708 -28.8332 -15.2041 -26.8307 -23.0002 -9.39529 -77.1392 -29.8762 -16.8547 -1.62695 -22.5927 -22.6932 -11.9268 2.63127 -76.8625 -76.8915 -64.0505
8122.660156 -24.149 -41.4139 -19.9121 -26.0446 -38.379 -24.6856 -29.129 -15.4535 -27.1523 -23.3281 -10.1363 -77.1413 -30.2086 -17.1171 -1.77869 -22.8724 -23.0005 -12.2397 -0.0332563 -76.8633 -76.8925 19.4531
8123.665039 -24.4615 -41.7094 -20.2982 -26.3717 -38.7199 -25.0033 -29.4256 -15.706 -27.4756 -23.6589 -10.8085 -77.1434 -30.5414 -17.3818 -3.50198 -23.1532 -23.3103 -12.5464 -2.17658 -76.8641 -76.8935 15.8904
8124.669922 -24.7766 -42.004 -20.6674 -26.7009 -39.0608 -25.3237 -29.7229 -15.9617 -27.8005 -23.9926 -11.4239 -77.1454 -30.8748 -17.6491 -5.25319 -23.4351 -23.6225 -12.848 -3.93095 -76.8648 -76.8944 11.0683
8125.674805 -25.0944 -42.2978 -21.0217 -27.0322 -39.4015 -25.6467 -30.0209 -16.2206 -28.1269 -24.3289 -11.9918 -77.1475 -31.2085 -17.919 -6.8455 -23.7182 -23.9372 -13.1455 -5.39564 -76.8656 -76.8954 7.41937
8126.680176 -25.4146 -42.5908 -21.3628 -27.3655 -39.7419 -25.9722 -30.3194 -16.4828 -28.4547 -24.6679 -12.5198 -77.1495 -31.5425 -18.1919 -8.22873 -24.0023 -24.2543 -13.4398 -6.64382 -76.8664 -76.8964 4.56451
8127.685059 -25.7372 -42.8829 -21.6923 -27.7008 -40.0822 -26.3001 -30.6186 -16.7483 -28.7838 -25.0094 -13.0138 -77.1516 -31.8768 -18.4679 -9.41961 -24.2876 -24.5737 -13.7317 -7.78461 -76.8671 -76.8974 2.13757
8128.689941 -26.0622 -43.1742 -22.0114 -28.0378 -40.4221 -26.6303 -30.9182 -17.0172 -29.1142 -25.3534 -13.4787 -77.1536 -32.2113 -18.747 -10.451 -24.574 -24.8954 -14.0219 -8.82867 -76.8679 -76.8983 0.094588
8129.694824 -26.3893 -43.4646 -22.3212 -28.3767 -40.7617 -26.9628 -31.2183 -17.2895 -29.4458 -25.6998 -13.9188 -77.1556 -32.5459 -19.0295 -11.3538 -24.8615 -25.2193 -14.311 -9.51234 -76.8686 -76.8993 -1.60388
8130.700195 -26.7186 -43.754 -22.6228 -28.7171 -41.101 -27.2974 -31.5188 -17.5651 -29.7785 -26.0484 -14.3375 -77.1577 -32.8807 -19.3154 -12.1533 -25.1502 -25.5453 -14.5996 -9.96974 -76.8694 -76.9002 -3.01419
8131.705078 -27.0499 -44.0426 -22.917 -29.0591 -41.4398 -27.634 -31.8197 -17.8442 -30.1122 -26.3993 -14.7378 -77.1597 -33.2155 -19.6048 -12.8696 -25.4399 -25.8735 -14.8882 -10.3166 -76.8702 -76.9012 -4.1927
8132.709961 -27.3832 -44.3302 -23.2045 -29.4026 -41.7782 -27.9726 -32.1209 -18.1266 -30.4469 -26.7522 -15.1221 -77.1617 -33.5503 -19.8977 -13.5179 -25.7307 -26.2036 -15.1771 -10.6112 -76.8699 -76.9022 -5.18753
8133.714844 -27.7183 -44.617 -23.4862 -29.7475 -42.1161 -28.313 -32.4224 -18.4125 -30.7825 -27.1071 -15.4928 -77.1637 -33.885 -20.1942 -14.11 -26.0226 -26.5356 -15.4667 -10.8789 -76.7398 -76.9031 -6.03707
8134.720215 -28.0551 -44.9027 -23.7625 -30.0937 -42.4536 -28.6551 -32.7241 -18.7018 -31.1189 -27.4639 -15.8516 -77.1656 -34.2196 -20.4944 -14.6547 -26.3154 -26.8695 -15.7575 -11.1303 -70.4182 -76.9041 -6.77106
8135.725098 -28.3937 -45.1875 -24.0341 -30.4411 -42.7904 -28.9989 -33.0261 -18.9944 -31.456 -27.8224 -16.2003 -77.1659 -34.5541 -20.7982 -15.1591 -26.6093 -27.2051 -16.0496 -11.3697 14.7101 -76.905 -7.41238
8136.729980 -28.7337 -45.4713 -24.3014 -30.7896 -43.1267 -29.3443 -33.3282 -19.2904 -31.7938 -28.1826 -16.5402 -77.1284 -34.8883 -21.1056 -15.629 -26.9041 -27.5423 -16.3433 -11.5988 15.273 -76.906 -7.97862
8137.734863 -29.0753 -45.7541 -24.5648 -31.1392 -43.4624 -29.6911 -33.6304 -19.5898 -32.1322 -28.5444 -16.8725 -76.1648 -35.2223 -21.4167 -16.0693 -27.1999 -27.8811 -16.6388 -11.8189 11.1826 -76.9069 -8.48341
8138.740234 -29.4183 -46.036 -24.8248 -31.4898 -43.7975 -30.0393 -33.9328 -19.8924 -32.4712 -28.9076 -17.1985 -52.3701 -35.556 -21.7314 -16.4841 -27.4965 -28.2215 -16.9364 -12.0305 7.36864 -76.9078 -8.93743
8139.745117 -29.7626 -46.3168 -25.0817 -31.8412 -44.1319 -30.3888 -34.2351 -20.1982 -32.8106 -29.2721 -17.519 18.1388 -35.8894 -22.0497 -16.8771 -27.794 -28.5632 -17.2362 -12.2346 4.23531 -76.9088 -9.34913
8140.750000 -30.1081 -46.5966 -25.3358 -32.1935 -44.4656 -30.7395 -34.5376 -20.5073 -33.1505 -29.6379 -17.8348 13.8126 -36.2223 -22.3715 -17.2514 -28.0923 -28.9062 -17.5384 -12.4319 1.73262 -76.9097 -9.72531
8141.754883 -30.4548 -46.8754 -25.5874 -32.5466 -44.7986 -31.0913 -34.8399 -20.8195 -33.4907 -30.0048 -18.1469 10.1544 -36.5548 -22.6969 -17.6094 -28.3914 -29.2504 -17.8429 -12.6231 -0.27069 -76.9106 -10.0715
8142.759766 -30.8025 -47.1531 -25.8367 -32.9003 -45.1308 -31.4441 -35.1423 -21.1349 -33.8312 -30.3727 -18.4557 6.95812 -36.8869 -23.0257 -17.9534 -28.6912 -29.5957 -18.15 -12.8091 -1.8936 -76.9116 -10.3922
8143.765137 -31.1512 -47.4298 -26.084 -33.2546 -45.4622 -31.7979 -35.4446 -21.4532 -34.172 -30.7416 -18.7619 3.99717 -37.2184 -23.3578 -18.2853 -28.9918 -29.9421 -18.4597 -12.9907 -3.22848 -76.9125 -10.6912
8144.770020 -31.5008 -47.7055 -26.3294 -33.6095 -45.7929 -32.1525 -35.7467 -21.7746 -34.513 -31.1113 -19.066 1.45818 -37.5494 -23.6933 -18.6067 -29.293 -30.2894 -18.772 -13.1684 -4.34341 -76.9134 -10.9717
8145.774902 -31.8512 -47.9801 -26.5731 -33.9649 -46.1228 -32.508 -36.0488 -22.0988 -34.8541 -31.4818 -19.3685 -0.632169 -37.8798 -24.032 -18.9191 -29.5948 -30.6376 -19.087 -13.3431 -5.28805 -76.9143 -11.2364
8146.779785 -32.2024 -48.2536 -26.8153 -34.3207 -46.4518 -32.8642 -36.3506 -22.4258 -35.1954 -31.8529 -19.6697 -2.342 -38.2096 -24.3739 -19.2236 -29.8972 -30.9865 -19.4048 -13.5153 -6.09898 -76.9153 -11.4876
8147.785156 -32.5542 -48.526 -27.0561 -34.6769 -46.7799 -33.221 -36.6523 -22.7557 -35.5367 -32.2245 -19.9701 -3.75819 -38.5387 -24.7189 -19.5213 -30.2001 -31.3361 -19.7252 -13.6856 -6.80344 -76.9171 -11.7273
8148.790039 -32.9067 -48.7974 -27.2956 -35.0333 -47.1071 -33.5785 -36.9538 -23.0881 -35.878 -32.5966 -20.2698 -4.95607 -38.8672 -25.0668 -19.8132 -30.5036 -31.6864 -20.0484 -13.8545 -7.42201 -76.954 -11.9571
8149.794922 -33.2597 -49.0677 -27.534 -35.39 -47.4335 -33.9364 -37.255 -23.4232 -36.2192 -32.9691 -20.5692 -5.99211 -39.1949 -25.4176 -20.1 -30.8075 -32.0371 -20.3743 -14.0227 -7.97043 -77.042 -12.1787
8150.799805 -33.6132 -49.3369 -27.7714 -35.7469 -47.7589 -34.2948 -37.5559 -23.7608 -36.5603 -33.3419 -20.8686 -6.9058 -39.5219 -25.7711 -20.3825 -31.1118 -32.3883 -20.7028 -14.1904 -8.46098 -77.3544 -12.3934
8151.805176 -33.9671 -49.605 -28.0078 -36.1039 -48.0833 -34.6535 -37.8566 -24.1008 -36.9014 -33.7149 -21.168 -7.72411 -39.8481 -26.1273 -20.6613 -31.4165 -32.7399 -21.034 -14.3582 -8.90332 -76.8669 -12.6023
8152.810059 -34.3213 -49.872 -28.2433 -36.461 -48.4068 -35.0126 -38.1569 -24.4431 -37.2422 -34.088 -21.4678 -8.4656 -40.1735 -26.4861 -20.9371 -31.7216 -33.0917 -21.3678 -14.5265 -9.30521 -65.7164 -12.8065
8153.814941 -34.6758 -50.1379 -28.478 -36.8181 -48.7294 -35.3719 -38.4569 -24.7876 -37.5828 -34.4611 -21.768 -9.14345 -40.498 -26.8473 -21.2102 -32.0269 -33.4438 -21.7042 -14.6955 -9.67291 20.7538 -13.0068
8154.819824 -35.0306 -50.4027 -28.712 -37.1753 -49.0509 -35.7314 -38.7565 -25.1343 -37.9232 -34.8343 -22.0687 -9.76756 -40.8216 -27.2109 -21.4812 -32.3325 -33.796 -22.043 -14.8656 -10.0116 17.5027 -13.2043
8155.825195 -35.3855 -50.6664 -28.9452 -37.5323 -49.3714 -36.0911 -39.0558 -25.483 -38.2633 -35.2073 -22.3702 -10.3457 -41.1444 -27.5767 -21.7504 -32.6384 -34.1482 -22.3842 -15.0372 -10.3255 12.1065 -13.3995
8156.830078 -35.7405 -50.929 -29.1779 -37.8892 -49.6909 -36.4508 -39.3546 -25.8337 -38.6031 -35.5801 -22.6724 -10.8837 -41.4662 -27.9446 -22.0183 -32.9444 -34.5005 -22.7277 -15.2104 -10.6182 7.885 -13.5931
8157.834961 -36.0956 -51.1904 -29.4099 -38.246 -50.0093 -36.8106 -39.653 -26.1862 -38.9425 -35.9527 -22.9755 -11.3862 -41.787 -28.3145 -22.2851 -33.2505 -34.8526 -23.0735 -15.3856 -10.8928 4.69267 -13.7858
8158.839844 -36.4507 -51.4507 -29.6414 -38.6026 -50.3267 -37.1704 -39.951 -26.5405 -39.2816 -36.3251 -23.2795 -11.8574 -42.1068 -28.6863 -22.5511 -33.5568 -35.2047 -23.4214 -15.5629 -11.1519 2.04943 -13.978
8159.845215 -36.8058 -51.7099 -29.8723 -38.959 -50.643 -37.5301 -40.2485 -26.8965 -39.6202 -36.697 -23.5844 -12.3015 -42.4255 -29.0598 -22.8166 -33.8631 -35.5565 -23.7714 -15.7426 -11.3976 -0.148795 -14.1703
8160.850098 -37.1608 -51.968 -30.1028 -39.3151 -50.9582 -37.8896 -40.5455 -27.254 -39.9584 -37.0685 -23.8903 -12.7219 -42.7432 -29.435 -23.0818 -34.1694 -35.9081 -24.1234 -15.9248 -11.6319 -1.95991 -14.363
8161.854980 -37.5157 -52.2249 -30.3328 -39.6709 -51.2723 -38.2491 -40.842 -27.613 -40.296 -37.4395 -24.1973 -13.1219 -43.0599 -29.8118 -23.3468 -34.4758 -36.2594 -24.4773 -16.1098 -11.8566 -3.45215 -14.5567
8162.859863 -37.8703 -52.4807 -30.5623 -40.0263 -51.5852 -38.6083 -41.138 -27.9734 -40.6332 -37.81 -24.5052 -13.5044 -43.3754 -30.19 -23.612 -34.7821 -36.6103 -24.8329 -16.2976 -12.0729 -4.69112 -14.7515
8163.865234 -38.2248 -52.7353 -30.7913 -40.3814 -51.8971 -38.9673 -41.4334 -28.3351 -40.9698 -38.1799 -24.8142 -13.8718 -43.6898 -30.5695 -23.8774 -35.0883 -36.9608 -25.1902 -16.4885 -12.2823 -5.7319 -14.948
8164.870117 -38.579 -52.9888 -31.02 -40.736 -52.2078 -39.3259 -41.7282 -28.6979 -41.3059 -38.5491 -25.1242 -14.2265 -44.003 -30.9502 -24.1432 -35.3945 -37.3108 -25.549 -16.6825 -12.4859 -6.61789 -15.1462
8165.875000 -38.9329 -53.2411 -31.2482 -41.0902 -52.5173 -39.6843 -42.0224 -29.0619 -41.6413 -38.9176 -25.4352 -14.5703 -44.315 -31.3321 -24.4095 -35.7004 -37.6602 -25.9094 -16.8797 -12.6847 -7.38233 -15.3466
8166.879883 -39.2864 -53.4922 -31.4761 -41.4438 -52.8256 -40.0423 -42.316 -29.4269 -41.976 -39.2854 -25.7472 -14.9048 -44.6259 -31.7149 -24.6764 -36.0062 -38.0091 -26.271 -17.0803 -12.8795 -8.0504 -15.5493
8167.884766 -39.6396 -53.7422 -31.7035 -41.7969 -53.1328 -40.3999 -42.609 -29.7929 -42.3101 -39.6524 -26.0602 -15.2316 -44.9355 -32.0987 -24.944 -36.3118 -38.3573 -26.634 -17.2844 -13.0713 -8.64109 -15.7546
8168.890137 -39.9924 -53.9909 -31.9305 -42.1494 -53.4387 -40.7571 -42.9013 -30.1597 -42.6435 -40.0186 -26.3741 -15.552 -45.244 -32.4832 -25.2124 -36.6171 -38.7049 -26.9981 -17.4919 -13.2607 -9.16888 -15.9626
8169.895020 -40.3447 -54.2386 -32.1572 -42.5013 -53.7434 -41.1137 -43.193 -30.5272 -42.9761 -40.3839 -26.6889 -15.8669 -45.5511 -32.8685 -25.4817 -36.9222 -39.0518 -27.3632 -17.7031 -13.4483 -9.64487 -16.1735
8170.899902 -40.6966 -54.485 -32.3835 -42.8526 -54.0468 -41.4699 -43.4839 -30.8954 -43.308 -40.7482 -27.0047 -16.1775 -45.857 -33.2543 -25.7518 -37.227 -39.3979 -27.7293 -17.9179 -13.6348 -10.0777 -16.3875
8171.904785 -41.0479 -54.7302 -32.6094 -43.2031 -54.349 -41.8254 -43.7742 -31.2643 -43.6391 -41.1116 -27.3213 -16.4845 -46.1616 -33.6407 -26.0229 -37.5314 -39.7432 -28.0962 -18.1363 -13.8207 -10.4742 -16.6047
8172.910156 -41.3986 -54.9742 -32.8349 -43.553 -54.6499 -42.1804 -44.0637 -31.6337 -43.9694 -41.4739 -27.6387 -16.7888 -46.4649 -34.0275 -26.2949 -37.8354 -40.0876 -28.4639 -18.3585 -14.0064 -10.8401 -16.8252
8173.915039 -41.7487 -55.217 -33.06 -43.9021 -54.9494 -42.5347 -44.3525 -32.0035 -44.2988 -41.8352 -27.9568 -17.091 -46.7669 -34.4147 -26.568 -38.1391 -40.4312 -28.8322 -18.5844 -14.1924 -11.1796 -17.0492
8174.919922 -42.0982 -55.4586 -33.2848 -44.2505 -55.2476 -42.8883 -44.6405 -32.3737 -44.6274 -42.1953 -28.2757 -17.3917 -47.0676 -34.8021 -26.8422 -38.4423 -40.7739 -29.2011 -18.8141 -14.3791 -11.4966 -17.2767
8175.924805 -42.447 -55.6989 -33.5091 -44.598 -55.5445 -43.2412 -44.9278 -32.7442 -44.9552 -42.5544 -28.5953 -17.6914 -47.3669 -35.1896 -27.1173 -38.745 -41.1156 -29.5704 -19.0476 -14.5667 -11.7942 -17.5079
8176.930176 -42.7952 -55.938 -33.7331 -44.9448 -55.8399 -43.5934 -45.2143 -33.1149 -45.282 -42.9122 -28.9155 -17.9906 -47.6649 -35.5773 -27.3936 -39.0473 -41.4563 -29.9401 -19.2849 -14.7557 -12.0751 -17.7427
8177.935059 -43.1425 -56.1758 -33.9566 -45.2907 -56.134 -43.9448 -45.5 -33.4859 -45.6079 -43.2689 -29.2363 -18.2896 -47.9615 -35.9649 -27.6709 -39.3491 -41.7959 -30.3101 -19.5259 -14.9463 -12.3416 -17.9813
8178.939941 -43.4891 -56.4124 -34.1798 -45.6357 -56.4266 -44.2954 -45.7849 -33.8569 -45.9329 -43.6243 -29.5576 -18.5888 -48.2567 -36.3525 -27.9492 -39.6503 -42.1345 -30.6803 -19.7708 -15.1387 -12.5956 -18.2236
8179.944824 -43.835 -56.6477 -34.4025 -45.9798 -56.7178 -44.6452 -46.069 -34.228 -46.2569 -43.9784 -29.8795 -18.8886 -48.5505 -36.74 -28.2286 -39.951 -42.472 -31.0506 -20.0194 -15.3332 -12.839 -18.4698
8180.950195 -44.18 -56.8818 -34.6249 -46.323 -57.0074 -44.9942 -46.3522 -34.599 -46.58 -44.3312 -30.2017 -19.1891 -48.843 -37.1272 -28.5091 -40.2511 -42.8083 -31.4209 -20.2718 -15.5301 -13.0734 -18.7199
8181.955078 -44.5241 -57.1145 -34.8468 -46.6653 -57.2955 -45.3422 -46.6346 -34.97 -46.9021 -44.6827 -30.5244 -19.4906 -49.1341 -37.5142 -28.7906 -40.5505 -43.1435 -31.7912 -20.5279 -15.7294 -13.3 -18.9738
8182.959961 -44.8674 -57.3459 -35.0682 -47.0066 -57.5821 -45.6894 -46.9162 -35.3409 -47.2232 -45.0328 -30.8474 -19.7933 -49.4237 -37.9008 -29.073 -40.8493 -43.4775 -32.1614 -20.7877 -15.9314 -13.5202 -19.2316
8183.964844 -45.2098 -57.576 -35.2893 -47.347 -57.8671 -46.0356 -47.1969 -35.7116 -47.5433 -45.3815 -31.1707 -20.0973 -49.7119 -38.287 -29.3565 -41.1474 -43.8102 -32.5313 -21.0511 -16.1362 -13.735 -19.4934
8184.970215 -45.5513 -57.8048 -35.5098 -47.6863 -58.1505 -46.3809 -47.4767 -36.082 -47.8623 -45.7289 -31.4942 -20.4028 -49.9987 -38.6727 -29.6409 -41.4449 -44.1417 -32.9011 -21.3182 -16.3439 -13.9455 -19.759
8185.975098 -45.8918 -58.0323 -35.7299 -48.0247 -58.4322 -46.7252 -47.7557 -36.4522 -48.1803 -46.0747 -31.818 -20.71 -50.2841 -39.0579 -29.9263 -41.7415 -44.4719 -33.2704 -21.5888 -16.5548 -14.1524 -20.0285
8186.979980 -46.2314 -58.2583 -35.9496 -48.362 -58.7122 -47.0685 -48.0337 -36.822 -48.4973 -46.4192 -32.1419 -21.0188 -50.568 -39.4426 -30.2125 -42.0374 -44.8009 -33.6394 -21.863 -16.7688 -14.3565 -20.3019
8187.984863 -46.57 -58.483 -36.1688 -48.6982 -58.9905 -47.4108 -48.3109 -37.1914 -48.8132 -46.7622 -32.4659 -21.3295 -50.8505 -39.8266 -30.4996 -42.3326 -45.1284 -34.008 -22.1406 -16.9861 -14.5586 -20.5791
8188.990234 -46.9076 -58.7063 -36.3875 -49.0334 -59.267 -47.7521 -48.5872 -37.5604 -49.128 -47.1036 -32.79 -21.642 -51.1316 -40.2099 -30.7875 -42.6269 -45.4547 -34.376 -22.4216 -17.2068 -14.7593 -20.8601
8189.995117 -47.2441 -58.9282 -36.6056 -49.3676 -59.5417 -48.0924 -48.8625 -37.929 -49.4417 -47.4436 -33.114 -21.9565 -51.4112 -40.5925 -31.0763 -42.9204 -45.7796 -34.7435 -22.7059 -17.4309 -14.9591 -21.1448
8191.000000 -47.5797 -59.1487 -36.8233 -49.7006 -59.8146 -48.4315 -49.137 -38.297 -49.7543 -47.782 -33.4381 -22.273 -51.6893 -40.9742 -31.3658 -43.213 -46.1031 -35.1103 -22.9936 -17.6585 -15.1586 -21.4333
8192.004883 -47.9141 -59.3678 -37.0405 -50.0325 -60.0856 -48.7696 -49.4105 -38.6645 -50.0658 -48.1189 -33.762 -22.5914 -51.9659 -41.3551 -31.656 -43.5048 -46.4252 -35.4765 -23.2844 -17.8896 -15.3582 -21.7255
8193.009766 -48.2475 -59.5854 -37.2572 -50.3633 -60.3548 -49.1066 -49.6831 -39.0314 -50.3762 -48.4542 -34.0858 -22.9119 -52.2411 -41.7351 -31.9469 -43.7956 -46.7458 -35.8419 -23.5784 -18.1244 -15.5583 -22.0212
8194.014648 -48.5798 -59.8016 -37.4733 -50.693 -60.6219 -49.4425 -49.9547 -39.3976 -50.6855 -48.788 -34.4095 -23.2344 -52.5148 -42.1142 -32.2384 -44.0856 -47.0651 -36.2065 -23.8754 -18.3627 -15.7594 -22.3205
8195.019531 -48.9111 -60.0162 -37.6889 -51.0216 -60.8871 -49.7772 -50.2254 -39.7632 -50.9937 -49.1202 -34.7329 -23.559 -52.787 -42.4922 -32.5305 -44.3746 -47.3828 -36.5704 -24.1754 -18.6047 -15.9616 -22.6233
8196.025391 -49.2412 -60.2294 -37.9039 -51.349 -61.1502 -50.1108 -50.4952 -40.1281 -51.3007 -49.4508 -35.0561 -23.8855 -53.0577 -42.8692 -32.8232 -44.6626 -47.6992 -36.9334 -24.4783 -18.8504 -16.1654 -22.9295
8197.030273 -49.5701 -60.4411 -38.1184 -51.6752 -61.4113 -50.4433 -50.764 -40.4923 -51.6065 -49.7797 -35.379 -24.214 -53.3269 -43.2451 -33.1164 -44.9497 -48.014 -37.2954 -24.784 -19.0997 -16.3709 -23.2391
8198.035156 -49.898 -60.6512 -38.3323 -52.0002 -61.6702 -50.7746 -51.0318 -40.8557 -51.9112 -50.1071 -35.7015 -24.5443 -53.5946 -43.6199 -33.4101 -45.2357 -48.3274 -37.6566 -25.0924 -19.3527 -16.5785 -23.5519
8199.040039 -50.2247 -60.8598 -38.5456 -52.324 -61.927 -51.1047 -51.2987 -41.2182 -52.2147 -50.4328 -36.0237 -24.8766 -53.8608 -43.9935 -33.7042 -45.5208 -48.6392 -38.0167 -25.4035 -19.6094 -16.7884 -23.8679
8200.044922 -50.5502 -61.0668 -38.7583 -52.6466 -62.1816 -51.4336 -51.5646 -41.5799 -52.517 -50.7569 -36.3455 -25.2107 -54.1254 -44.3659 -33.9987 -45.8048 -48.9496 -38.3758 -25.7171 -19.8697 -17.0007 -24.1869
8201.049805 -50.8745 -61.2723 -38.9705 -52.968 -62.434 -51.7613 -51.8295 -41.9407 -52.8181 -51.0794 -36.6668 -25.5466 -54.3886 -44.7371 -34.2936 -46.0878 -49.2584 -38.7339 -26.0332 -20.1337 -17.2157 -24.509
8202.054688 -51.1976 -61.4761 -39.182 -53.2881 -62.6841 -52.0878 -52.0935 -42.3006 -53.118 -51.4002 -36.9876 -25.8843 -54.6501 -45.107 -34.5887 -46.3697 -49.5657 -39.0909 -26.3517 -20.4012 -17.4334 -24.834
8203.059570 -51.5196 -61.6784 -39.3929 -53.607 -62.9319 -52.413 -52.3564 -42.6595 -53.4167 -51.7193 -37.3079 -26.2236 -54.9101 -45.4756 -34.8841 -46.6505 -49.8714 -39.4468 -26.6725 -20.6723 -17.6541 -25.1618
8204.065430 -51.8403 -61.879 -39.6032 -53.9246 -63.1773 -52.737 -52.6184 -43.0174 -53.7141 -52.0367 -37.6276 -26.5645 -55.1686 -45.8428 -35.1797 -46.9303 -50.1756 -39.8016 -26.9954 -20.947 -17.8777 -25.4924
8205.070312 -52.1598 -62.078 -39.8129 -54.2408 -63.4204 -53.0597 -52.8793 -43.3743 -54.0103 -52.3525 -37.9468 -26.9069 -55.4255 -46.2087 -35.4755 -47.2089 -50.4783 -40.1552 -27.3205 -21.2252 -18.1046 -25.8256
8206.075195 -52.4781 -62.2754 -40.0219 -54.5558 -63.661 -53.3811 -53.1393 -43.7302 -54.3052 -52.6666 -38.2653 -27.2508 -55.6807 -46.5732 -35.7714 -47.4864 -50.7794 -40.5076 -27.6476 -21.5068 -18.3347 -26.1613
8207.080078 -52.7951 -62.471 -40.2303 -54.8694 -63.8992 -53.7012 -53.3982 -44.0849 -54.5989 -52.979 -38.5832 -27.5961 -55.9344 -46.9362 -36.0674 -47.7628 -51.079 -40.8587 -27.9766 -21.7918 -18.568 -26.4994
8208.084961 -53.1108 -62.665 -40.438 -55.1816 -64.1349 -54.02 -53.6561 -44.4386 -54.8913 -53.2896 -38.9004 -27.9428 -56.1865 -47.2978 -36.3635 -48.0381 -51.3769 -41.2086 -28.3075 -22.0801 -18.8048 -26.8399
8209.089844 -53.4252 -62.8573 -40.6451 -55.4924 -64.368 -54.3374 -53.9129 -44.7911 -55.1823 -53.5985 -39.2169 -28.2907 -56.437 -47.6579 -36.6595 -48.3122 -51.6733 -41.5572 -28.6402 -22.3717 -19.045 -27.1827
8210.094727 -53.7383 -63.0478 -40.8514 -55.8018 -64.5986 -54.6535 -54.1687 -45.1424 -55.472 -53.9057 -39.5326 -28.6398 -56.6858 -48.0166 -36.9555 -48.5851 -51.9681 -41.9044 -28.9745 -22.6665 -19.2887 -27.5275
8211.099609 -54.0501 -63.2366 -41.0571 -56.1097 -64.8266 -54.9681 -54.4235 -45.4926 -55.7604 -54.2111 -39.8475 -28.99 -56.933 -48.3737 -37.2514 -48.8569 -52.2613 -42.2504 -29.3104 -22.9645 -19.5358 -27.8745
8212.105469 -54.3606 -63.4237 -41.262 -56.4162 -65.052 -55.2814 -54.6772 -45.8416 -56.0474 -54.5148 -40.1617 -29.3413 -57.1785 -48.7293 -37.5473 -49.1275 -52.553 -42.5949 -29.6478 -23.2655 -19.7865 -28.2233
8213.110352 -54.6697 -63.609 -41.4663 -56.7212 -65.2747 -55.5932 -54.9298 -46.1893 -56.3331 -54.8167 -40.475 -29.6935 -57.4224 -49.0833 -37.8429 -49.3969 -52.843 -42.938 -29.9866 -23.5696 -20.0407 -28.5741
8214.115234 -54.9774 -63.7926 -41.6698 -57.0246 -65.4947 -55.9035 -55.1814 -46.5358 -56.6173 -55.1168 -40.7875 -30.0466 -57.6645 -49.4358 -38.1384 -49.6651 -53.1314 -43.2798 -30.3267 -23.8765 -20.2985 -28.9265
8215.120117 -55.2837 -63.9743 -41.8725 -57.3264 -65.712 -56.2124 -55.4318 -46.881 -56.9001 -55.4151 -41.099 -30.4005 -57.905 -49.7867 -38.4336 -49.932 -53.4182 -43.6201 -30.6681 -24.1863 -20.5598 -29.2806
8216.125000 -55.5886 -64.1543 -42.0746 -57.6267 -65.9266 -56.5197 -55.6812 -47.2249 -57.1814 -55.7116 -41.4097 -30.7552 -58.1437 -50.1359 -38.7286 -50.1978 -53.7034 -43.9589 -31.0107 -24.4989 -20.8246 -29.6363
8217.129883 -55.8921 -64.3324 -42.2759 -57.9253 -66.1384 -56.8254 -55.9294 -47.5675 -57.4613 -56.0062 -41.7193 -31.1106 -58.3808 -50.4836 -39.0232 -50.4624 -53.9869 -44.2963 -31.3544 -24.8141 -21.0929 -29.9935
8218.134766 -56.194 -64.5087 -42.4764 -58.2222 -66.3475 -57.1296 -56.1765 -47.9088 -57.7396 -56.299 -42.028 -31.4666 -58.616 -50.8296 -39.3175 -50.7257 -54.2688 -44.6321 -31.6991 -25.1319 -21.3648 -30.352
8219.139648 -56.4945 -64.6832 -42.6762 -58.5174 -66.5537 -57.4321 -56.4224 -48.2488 -58.0164 -56.5898 -42.3357 -31.8231 -58.8495 -51.174 -39.6114 -50.9878 -54.549 -44.9665 -32.0448 -25.4522 -21.64 -30.7118
8220.144531 -56.7934 -64.8558 -42.8752 -58.8109 -66.7571 -57.733 -56.6672 -48.5874 -58.2917 -56.8788 -42.6424 -32.1801 -59.0813 -51.5166 -39.905 -51.2487 -54.8276 -45.2993 -32.3913 -25.7749 -21.9187 -31.0729
8221.150391 -57.0908 -65.0266 -43.0734 -59.1025 -66.9577 -58.0322 -56.9109 -48.9246 -58.5654 -57.1659 -42.948 -32.5374 -59.3112 -51.8576 -40.198 -51.5083 -55.1045 -45.6306 -32.7386 -26.1 -22.2007 -31.435
8222.155273 -57.3866 -65.1955 -43.2709 -59.3923 -67.1554 -58.3297 -57.1533 -49.2604 -58.8374 -57.4511 -43.2525 -32.8952 -59.5393 -52.1969 -40.4906 -51.7667 -55.3798 -45.9604 -33.0867 -26.4273 -22.4861 -31.7982
8223.160156 -57.6808 -65.3626 -43.4676 -59.6803 -67.3503 -58.6254 -57.3945 -49.5948 -59.1078 -57.7343 -43.5559 -33.2532 -59.7656 -52.5345 -40.7827 -52.0238 -55.6533 -46.2886 -33.4355 -26.7567 -22.7747 -32.1623
8224.165039 -57.9733 -65.5278 -43.6634 -59.9663 -67.5422 -58.9193 -57.6345 -49.9278 -59.3766 -58.0155 -43.8582 -33.6114 -59.9901 -52.8704 -41.0741 -52.2796 -55.9251 -46.6152 -33.7848 -27.0882 -23.0665 -32.5273
8225.169922 -58.2641 -65.691 -43.8585 -60.2504 -67.7313 -59.2113 -57.8733 -50.2594 -59.6436 -58.2947 -44.1594 -33.9697 -60.2127 -53.2045 -41.365 -52.5342 -56.1953 -46.9402 -34.1347 -27.4216 -23.3615 -32.893
8226.174805 -58.5532 -65.8524 -44.0528 -60.5324 -67.9175 -59.5015 -58.1108 -50.5896 -59.9089 -58.5719 -44.4594 -34.3282 -60.4334 -53.5368 -41.6553 -52.7875 -56.4637 -47.2636 -34.4851 -27.7569 -23.6595 -33.2595
8227.179688 -58.8406 -66.0119 -44.2462 -60.8124 -68.1008 -59.7897 -58.347 -50.9182 -60.1724 -58.847 -44.7582 -34.6866 -60.6523 -53.8673 -41.9449 -53.0395 -56.7303 -47.5855 -34.8359 -28.094 -23.9606 -33.6266
8228.184570 -59.1261 -66.1695 -44.4388 -61.0903 -68.2812 -60.076 -58.582 -51.2455 -60.4341 -59.12 -45.0558 -35.0451 -60.8692 -54.1961 -42.2337 -53.2903 -56.9952 -47.9057 -35.1871 -28.4328 -24.2645 -33.9943
8229.190430 -59.4099 -66.3252 -44.6306 -61.3661 -68.4586 -60.3602 -58.8156 -51.5712 -60.6939 -59.391 -45.3523 -35.4035 -61.0843 -54.523 -42.5219 -53.5397 -57.2584 -48.2243 -35.5386 -28.7732 -24.5714 -34.3625
8230.195312 -59.6917 -66.4789 -44.8216 -61.6396 -68.6332 -60.6424 -59.0479 -51.8955 -60.9519 -59.6598 -45.6475 -35.7617 -61.2974 -54.848 -42.8093 -53.7879 -57.5197 -48.5412 -35.8903 -29.1152 -24.881 -34.7311
8231.200195 -59.9717 -66.6308 -45.0117 -61.911 -68.8049 -60.9224 -59.2789 -52.2182 -61.208 -59.9265 -45.9414 -36.1197 -61.5085 -55.1712 -43.0959 -54.0347 -57.7793 -48.8566 -36.2422 -29.4585 -25.1933 -35.1001
8232.205078 -60.2497 -66.7807 -45.201 -62.18 -68.9737 -61.2003 -59.5085 -52.5395 -61.4621 -60.191 -46.2341 -36.4776 -61.7177 -55.4925 -43.3817 -54.2803 -58.037 -49.1703 -36.5943 -29.8033 -25.5082 -35.4693
8233.209961 -60.5257 -66.9287 -45.3895 -62.4467 -69.1395 -61.476 -59.7367 -52.8592 -61.7142 -60.4533 -46.5255 -36.8351 -61.9249 -55.8119 -43.6666 -54.5245 -58.2929 -49.4823 -36.9464 -30.1493 -25.8256 -35.8389
8234.214844 -60.7997 -67.0748 -45.5771 -62.7111 -69.3025 -61.7495 -59.9635 -53.1773 -61.9643 -60.7134 -46.8156 -37.1923 -62.1301 -56.1294 -43.9507 -54.7674 -58.5469 -49.7928 -37.2987 -30.4964 -26.1455 -36.2085
8235.219727 -61.0716 -67.219 -45.7638 -62.973 -69.4626 -62.0207 -60.1889 -53.4939 -62.2124 -60.9712 -47.1045 -37.5491 -62.3333 -56.4448 -44.2338 -55.009 -58.7991 -50.1015 -37.6509 -30.8447 -26.4677 -36.5783
8236.224609 -61.3414 -67.3612 -45.9497 -63.2324 -69.6199 -62.2895 -60.4128 -53.809 -62.4584 -61.2267 -47.392 -37.9055 -62.5345 -56.7583 -44.5161 -55.2492 -59.0494 -50.4087 -38.0031 -31.1941 -26.7922 -36.9482
8237.230469 -61.609 -67.5015 -46.1347 -63.4893 -69.7743 -62.5559 -60.6352 -54.1224 -62.7023 -61.4799 -47.6782 -38.2614 -62.7337 -57.0698 -44.7973 -55.4881 -59.2978 -50.7141 -38.3552 -31.5444 -27.1188 -37.3181
8238.235352 -61.8745 -67.6399 -46.3189 -63.7437 -69.9258 -62.8199 -60.8562 -54.4342 -62.944 -61.7308 -47.963 -38.6169 -62.9308 -57.3792 -45.0776 -55.7257 -59.5443 -51.018 -38.7072 -31.8955 -27.4475 -37.6879
8239.240234 -62.1377 -67.7764 -46.5022 -63.9955 -70.0745 -63.0815 -61.0756 -54.7444 -63.1835 -61.9793 -48.2466 -38.9717 -63.1259 -57.6865 -45.3569 -55.9619 -59.7888 -51.3201 -39.059 -32.2475 -27.7783 -38.0576
8240.245117 -62.3986 -67.911 -46.6846 -64.2446 -70.2205 -63.3405 -61.2935 -55.0529 -63.4208 -62.2255 -48.5288 -39.326 -63.3188 -57.9917 -45.6352 -56.1967 -60.0313 -51.6206 -39.4106 -32.6002 -28.1109 -38.4272
8241.250000 -62.6572 -68.0437 -46.8662 -64.4911 -70.3636 -63.5969 -61.5099 -55.3598 -63.6559 -62.4692 -48.8096 -39.6797 -63.5096 -58.2947 -45.9125 -56.4301 -60.2719 -51.9194 -39.762 -32.9536 -28.4454 -38.7966
8242.254883 -62.9135 -68.1745 -47.0469 -64.7348 -70.504 -63.8508 -61.7246 -55.6649 -63.8886 -62.7105 -49.089 -40.0328 -63.6979 -58.5956 -46.1887 -56.6622 -60.5105 -52.2166 -40.113 -33.3076 -28.7816 -39.1658
8243.259766 -63.1673 -68.3034 -47.2267 -64.9757 -70.6416 -64.102 -61.9378 -55.9683 -64.1191 -62.9493 -49.3671 -40.3851 -63.8827 -58.8943 -46.4638 -56.8928 -60.7471 -52.5121 -40.4638 -33.6621 -29.1194 -39.5347
8244.264648 -63.4187 -68.4304 -47.4056 -65.2139 -70.7765 -64.3504 -62.1493 -56.27 -64.3471 -63.1856 -49.6439 -40.7367 -64.0628 -59.1907 -46.7378 -57.1221 -60.9816 -52.8059 -40.8142 -34.0171 -29.4588 -39.9032
8245.269531 -63.6676 -68.5555 -47.5836 -65.4492 -70.9087 -64.5962 -62.3591 -56.5699 -64.5728 -63.4194 -49.9192 -41.0875 -64.2364 -59.4848 -47.0107 -57.3499 -61.2141 -53.0981 -41.1642 -34.3725 -29.7997 -40.2715
8246.275391 -63.914 -68.6788 -47.7608 -65.6816 -71.0382 -64.8392 -62.5673 -56.8681 -64.7961 -63.6507 -50.1931 -41.4375 -64.4015 -59.7766 -47.2824 -57.5763 -61.4445 -53.3885 -41.5138 -34.7283 -30.142 -40.6393
8247.280273 -64.1578 -68.8001 -47.9371 -65.9111 -71.1651 -65.0794 -62.7739 -57.1643 -65.017 -63.8794 -50.4657 -41.7866 -64.5561 -60.0661 -47.553 -57.8013 -61.6728 -53.6773 -41.8628 -35.0843 -30.4856 -41.0066
8248.285156 -64.399 -68.9197 -48.1125 -66.1377 -71.2893 -65.3167 -62.9787 -57.4588 -65.2354 -64.1055 -50.7369 -42.1349 -64.6986 -60.3531 -47.8224 -58.0248 -61.899 -53.9643 -42.2114 -35.4406 -30.8304 -41.3735
8249.290039 -64.6376 -69.0374 -48.287 -66.3614 -71.411 -65.5511 -63.1817 -57.7513 -65.4513 -64.329 -51.0066 -42.4822 -64.8278 -60.6377 -48.0907 -58.2469 -62.1231 -54.2497 -42.5594 -35.7971 -31.1764 -41.7398
8250.294922 -64.8735 -69.1532 -48.4606 -66.582 -71.5301 -65.7826 -63.383 -58.0419 -65.6646 -64.5499 -51.275 -42.8286 -64.9429 -60.9199 -48.3577 -58.4675 -62.345 -54.5334 -42.9068 -36.1537 -31.5234 -42.1055
8251.299805 -65.1067 -69.2672 -48.6333 -66.7996 -71.6467 -66.0112 -63.5826 -58.3306 -65.8755 -64.7682 -51.5419 -43.174 -65.0441 -61.1995 -48.6236 -58.6867 -62.5647 -54.8153 -43.2536 -36.5104 -31.8714 -42.4706
8252.304688 -65.3372 -69.3794 -48.8052 -67.0142 -71.7608 -66.2368 -63.7803 -58.6173 -66.0837 -64.9838 -51.8074 -43.5184 -65.1317 -61.4766 -48.8882 -58.9043 -62.7823 -55.0955 -43.5998 -36.8671 -32.2204 -42.835
8253.309570 -65.5649 -69.4899 -48.9761 -67.2256 -71.8724 -66.4594 -63.9763 -58.902 -66.2894 -65.1968 -52.0715 -43.8617 -65.2065 -61.7512 -49.1516 -59.1204 -62.9977 -55.374 -43.9453 -37.2238 -32.5702 -43.1988
8254.315430 -65.7898 -69.5985 -49.1462 -67.4341 -71.9816 -66.6789 -64.1703 -59.1846 -66.4925 -65.4071 -52.3342 -44.204 -65.2698 -62.0231 -49.4138 -59.3351 -63.2108 -55.6507 -44.2901 -37.5804 -32.9208 -43.5618
8255.320312 -66.0118 -69.7053 -49.3154 -67.6394 -72.0884 -66.8954 -64.3626 -59.4651 -66.6929 -65.6146 -52.5955 -44.5452 -65.3228 -62.2923 -49.6746 -59.5482 -63.4217 -55.9257 -44.6341 -37.9369 -33.2721 -43.924
8256.325195 -66.231 -69.8104 -49.4837 -67.8415 -72.1928 -67.1088 -64.553 -59.7435 -66.8907 -65.8195 -52.8553 -44.8853 -65.3668 -62.5588 -49.9343 -59.7597 -63.6304 -56.199 -44.9774 -38.2933 -33.624 -44.2855
8257.330078 -66.4474 -69.9138 -49.6511 -68.0406 -72.2949 -67.3191 -64.7415 -60.0198 -67.0859 -66.0216 -53.1137 -45.2242 -65.4033 -62.8227 -50.1926 -59.9698 -63.8368 -56.4704 -45.3199 -38.6495 -33.9765 -44.6461
8258.334961 -66.6608 -70.0154 -49.8176 -68.2365 -72.3947 -67.5263 -64.9281 -60.2938 -67.2784 -66.221 -53.3707 -45.5619 -65.4334 -63.0837 -50.4497 -60.1782 -64.0409 -56.7401 -45.6616 -39.0054 -34.3295 -45.0058
8259.339844 -66.8713 -70.1153 -49.9832 -68.4293 -72.4922 -67.7304 -65.1127 -60.5657 -67.4682 -66.4177 -53.6262 -45.8985 -65.4584 -63.342 -50.7055 -60.3851 -64.2427 -57.008 -46.0024 -39.3611 -34.683 -45.3647
8260.344727 -67.0788 -70.2135 -50.148 -68.6189 -72.5875 -67.9313 -65.2955 -60.8352 -67.6553 -66.6116 -53.8803 -46.2338 -65.4795 -63.5974 -50.96 -60.5904 -64.4423 -57.2741 -46.3425 -39.7164 -35.0368 -45.7227
8261.349609 -67.2835 -70.31 -50.3119 -68.8053 -72.6806 -68.129 -65.4762 -61.1024 -67.8397 -66.8027 -54.1329 -46.5679 -65.4975 -63.8499 -51.2131 -60.7941 -64.6395 -57.5383 -46.6816 -40.0714 -35.391 -46.0797
8262.355469 -67.4851 -70.4048 -50.4748 -68.9886 -72.7716 -68.3236 -65.6551 -61.3673 -68.0213 -66.9911 -54.3841 -46.9008 -65.5134 -64.0996 -51.465 -60.9961 -64.8343 -57.8007 -47.0198 -40.4261 -35.7455 -46.4358
8263.360352 -67.6837 -70.498 -50.637 -69.1687 -72.8605 -68.515 -65.8319 -61.6298 -68.2003 -67.1767 -54.6338 -47.2324 -65.5278 -64.3463 -51.7155 -61.1966 -65.0269 -58.0613 -47.3571 -40.7803 -36.1002 -46.7908
8264.365234 -67.8793 -70.5895 -50.7982 -69.3457 -72.9472 -68.7033 -66.0068 -61.8899 -68.3766 -67.3596 -54.8821 -47.5627 -65.5415 -64.59 -51.9647 -61.3954 -65.2171 -58.32 -47.6935 -41.134 -36.455 -47.1449
8265.370117 -68.072 -70.6795 -50.9585 -69.5195 -73.032 -68.8883 -66.1796 -62.1475 -68.5501 -67.5397 -55.1288 -47.8917 -65.5549 -64.8308 -52.2125 -61.5926 -65.4049 -58.5768 -48.0289 -41.4872 -36.81 -47.4979
8266.375000 -68.2616 -70.7678 -51.118 -69.6901 -73.1147 -69.0702 -66.3505 -62.4026 -68.7209 -67.717 -55.3741 -48.2194 -65.5684 -65.0685 -52.459 -61.7881 -65.5904 -58.8317 -48.3633 -41.8399 -37.165 -47.8499
8267.379883 -68.4482 -70.8545 -51.2766 -69.8577 -73.1954 -69.2489 -66.5193 -62.6551 -68.889 -67.8916 -55.618 -48.5458 -65.5824 -65.3032 -52.7042 -61.9819 -65.7735 -59.0846 -48.6968 -42.192 -37.5201 -48.2008
8268.384766 -68.6317 -70.9397 -51.4343 -70.0221 -73.2742 -69.4245 -66.6861 -62.9051 -69.0543 -68.0635 -55.8603 -48.8708 -65.5971 -65.5349 -52.9479 -62.174 -65.9543 -59.3357 -49.0293 -42.5435 -37.8751 -48.5505
8269.389648 -68.8122 -71.0233 -51.5912 -70.1834 -73.3512 -69.5968 -66.8509 -63.1525 -69.217 -68.2325 -56.1012 -49.1945 -65.6128 -65.7634 -53.1903 -62.3645 -66.1326 -59.5848 -49.3607 -42.8943 -38.2301 -48.8992
8270.394531 -68.9897 -71.1055 -51.7472 -70.3415 -73.4262 -69.766 -67.0136 -63.3973 -69.3769 -68.3989 -56.3405 -49.5168 -65.6296 -65.9889 -53.4314 -62.5532 -66.3086 -59.8319 -49.6911 -43.2445 -38.5849 -49.2468
8271.400391 -69.1642 -71.186 -51.9023 -70.4967 -73.4995 -69.9321 -67.1742 -63.6393 -69.5341 -68.5625 -56.5783 -49.8378 -65.6475 -66.2112 -53.671 -62.7402 -66.4822 -60.077 -50.0204 -43.594 -38.9396 -49.5932
8272.405273 -69.3357 -71.2651 -52.0566 -70.6487 -73.5709 -70.095 -67.3328 -63.8787 -69.6887 -68.7234 -56.8146 -50.1573 -65.6665 -66.4303 -53.9092 -62.9255 -66.6534 -60.3202 -50.3487 -43.9427 -39.2941 -49.9384
8273.410156 -69.5041 -71.3428 -52.21 -70.7977 -73.6406 -70.2549 -67.4894 -64.1153 -69.8405 -68.8815 -57.0494 -50.4755 -65.6867 -66.6463 -54.1461 -63.1091 -66.8222 -60.5613 -50.6759 -44.2907 -39.6483 -50.2824
8274.415039 -69.6696 -71.4189 -52.3625 -70.9437 -73.7086 -70.4116 -67.6439 -64.3491 -69.9897 -69.037 -57.2827 -50.7922 -65.708 -66.8592 -54.3815 -63.2909 -66.9887 -60.8003 -51.002 -44.6379 -40.0023 -50.6253
8275.419922 -69.832 -71.4937 -52.5142 -71.0867 -73.7749 -70.5652 -67.7963 -64.5802 -70.1363 -69.1898 -57.5144 -51.1075 -65.7303 -67.0688 -54.6155 -63.4709 -67.1527 -61.0373 -51.327 -44.9842 -40.356 -50.9669
8276.424805 -69.9915 -71.567 -52.665 -71.2268 -73.8396 -70.7158 -67.9466 -64.8084 -70.2801 -69.3399 -57.7446 -51.4214 -65.7535 -67.2753 -54.8481 -63.6492 -67.3144 -61.2722 -51.6509 -45.3297 -40.7093 -51.3073
8277.429688 -70.148 -71.6389 -52.815 -71.3639 -73.9027 -70.8633 -68.0949 -65.0338 -70.4214 -69.4873 -57.9732 -51.7339 -65.7775 -67.4785 -55.0792 -63.8257 -67.4737 -61.505 -51.9737 -45.6744 -41.0622 -51.6465
8278.434570 -70.3015 -71.7095 -52.9641 -71.4981 -73.9641 -71.0078 -68.2411 -65.2562 -70.56 -69.6321 -58.2002 -52.0449 -65.802 -67.6786 -55.3089 -64.0004 -67.6306 -61.7357 -52.2953 -46.0182 -41.4147 -51.9844
8279.440430 -70.4521 -71.7787 -53.1123 -71.6294 -74.0241 -71.1494 -68.3852 -65.4758 -70.6961 -69.7743 -58.4257 -52.3545 -65.8271 -67.8754 -55.5372 -64.1732 -67.7852 -61.9643 -52.6157 -46.361 -41.7667 -52.321
8280.445312 -70.5998 -71.8466 -53.2597 -71.7578 -74.0825 -71.288 -68.5273 -65.6925 -70.8295 -69.9139 -58.6495 -52.6625 -65.8524 -68.0691 -55.764 -64.3443 -67.9374 -62.1907 -52.935 -46.7029 -42.1182 -52.6563
8281.450195 -70.7446 -71.9131 -53.4063 -71.8835 -74.1394 -71.4236 -68.6673 -65.9062 -70.9605 -70.0509 -58.8718 -52.9691 -65.8779 -68.2595 -55.9893 -64.5136 -68.0873 -62.4149 -53.253 -47.0439 -42.4691 -52.9903
8282.455078 -70.8866 -71.9783 -53.552 -72.0063 -74.1944 -71.5564 -68.8053 -66.1169 -71.0889 -70.1854 -59.0925 -53.2742 -65.9032 -68.4467 -56.2131 -64.6811 -68.2348 -62.637 -53.5698 -47.3839 -42.8194 -53.3229
8283.459961 -71.0257 -72.0418 -53.6969 -72.1265 -74.2426 -71.6862 -68.9411 -66.3247 -71.2147 -70.3173 -59.3115 -53.5778 -65.928 -68.6307 -56.4355 -64.8467 -68.38 -62.8568 -53.8854 -47.7229 -43.1692 -53.6542
8284.464844 -71.1619 -72.1025 -53.841 -72.2439 -74.2385 -71.8133 -69.075 -66.5294 -71.3382 -70.4467 -59.5289 -53.8799 -65.9521 -68.8115 -56.6563 -65.0105 -68.5229 -63.0745 -54.1998 -48.0609 -43.5183 -53.984
8285.469727 -71.2954 -72.1561 -53.9842 -72.3586 -73.8747 -71.9375 -69.2068 -66.7312 -71.4591 -70.5736 -59.7447 -54.1804 -65.975 -68.9891 -56.8756 -65.1725 -68.6634 -63.2899 -54.5128 -48.3979 -43.8667 -54.3125
8286.474609 -71.4261 -72.184 -54.1266 -72.4707 -70.5953 -72.059 -69.3366 -66.9299 -71.5776 -70.6981 -59.9588 -54.4793 -65.9961 -69.1636 -57.0934 -65.3326 -68.8017 -63.503 -54.8246 -48.7339 -44.2144 -54.6395
8287.480469 -71.5541 -72.0818 -54.2681 -72.5802 -37.5813 -72.1777 -69.4643 -67.1257 -71.6937 -70.8201 -60.1712 -54.7767 -66.0146 -69.3349 -57.3097 -65.4909 -68.9377 -63.7139 -55.135 -49.0688 -44.5613 -54.9651
8288.485352 -71.6793 -71.2758 -54.4088 -72.6872 -0.286486 -72.2938 -69.59 -67.3183 -71.8074 -70.9397 -60.382 -55.0725 -66.0291 -69.503 -57.5244 -65.6473 -69.0714 -63.9225 -55.4441 -49.4026 -44.9076 -55.2892
8289.490234 -71.8019 -65.7347 -54.5487 -72.7916 -0.808246 -72.4071 -69.7138 -67.508 -71.9188 -71.0569 -60.591 -55.3667 -66.0371 -69.668 -57.7376 -65.8019 -69.2028 -64.1288 -55.7518 -49.7353 -45.253 -55.6117
8290.495117 -71.9218 -15.594 -54.6878 -72.8935 -2.2003 -72.5179 -69.8355 -67.6946 -72.0279 -71.1718 -60.7984 -55.6593 -66.0328 -69.8299 -57.9492 -65.9546 -69.332 -64.3328 -56.0581 -50.067 -45.5976 -55.9327
8291.500000 -72.0391 -1.02446 -54.826 -72.9931 -3.93594 -72.6261 -69.9552 -67.8782 -72.1347 -71.2843 -61.004 -55.9502 -66.0018 -69.9887 -58.1592 -66.1054 -69.459 -64.5344 -56.3629 -50.3975 -45.9413 -56.2522
8292.504883 -72.1539 -3.69579 -54.9634 -73.0902 -5.55057 -72.7317 -70.073 -68.0587 -72.2392 -71.3946 -61.208 -56.2395 -65.9096 -70.1445 -58.3677 -66.2544 -69.5838 -64.7338 -56.6663 -50.7269 -46.2842 -56.57
8293.509766 -72.2661 -5.74965 -55.1 -73.1849 -6.95241 -72.8348 -70.1888 -68.2362 -72.3414 -71.5026 -61.4102 -56.527 -65.6755 -70.2972 -58.5745 -66.4016 -69.7064 -64.9308 -56.9682 -51.0552 -46.6263 -56.8861
8294.514648 -72.3757 -7.69925 -55.2358 -73.2774 -8.16728 -72.9355 -70.3027 -68.4106 -72.4415 -71.6083 -61.6106 -56.8129 -65.066 -70.4468 -58.7797 -66.5469 -69.8269 -65.1255 -57.2686 -51.3823 -46.9674 -57.2006
8295.519531 -72.4829 -9.33531 -55.3708 -73.3675 -9.22223 -73.0338 -70.4146 -68.5821 -72.5394 -71.7119 -61.8093 -57.0969 -63.2495 -70.5935 -58.9833 -66.6903 -69.9452 -65.3178 -57.5674 -51.7082 -47.3075 -57.5133
8296.525391 -72.5877 -10.6842 -55.5049 -73.4554 -10.1452 -73.1297 -70.5246 -68.7505 -72.6352 -71.8132 -62.0062 -57.3793 -57.6972 -70.7371 -59.1853 -66.8319 -70.0614 -65.5077 -57.8646 -52.033 -47.6468 -57.8243
8297.530273 -72.6901 -11.8037 -55.6382 -73.5412 -10.9628 -73.2232 -70.6328 -68.9159 -72.7289 -71.9125 -62.2013 -57.6598 -43.5129 -70.8779 -59.3856 -66.9716 -70.1754 -65.6953 -58.1602 -52.3566 -47.9851 -58.1335
8298.535156 -72.7901 -12.7604 -55.7707 -73.6248 -11.6966 -73.3144 -70.739 -69.0783 -72.8205 -72.0096 -62.3946 -57.9385 -22.7541 -71.0157 -59.5842 -67.1094 -70.2874 -65.8805 -58.4541 -52.6789 -48.3224 -58.4408
8299.540039 -72.8878 -13.6058 -55.9024 -73.7063 -12.3626 -73.4034 -70.8434 -69.2378 -72.91 -72.1046 -62.5862 -58.2154 -19.899 -71.1506 -59.7812 -67.2454 -70.3973 -66.0633 -58.7464 -53.0001 -48.6587 -58.7462
8300.544922 -72.9832 -14.3697 -56.0333 -73.7857 -12.9734 -73.4902 -70.9459 -69.3942 -72.9976 -72.1976 -62.7759 -58.4904 -20.5053 -71.2827 -59.9765 -67.3796 -70.5052 -66.2438 -59.0368 -53.32 -48.9939 -59.0497
8301.549805 -73.0763 -15.0698 -56.1634 -73.8631 -13.5386 -73.5748 -71.0465 -69.5478 -73.0832 -72.2886 -62.9638 -58.7635 -21.3066 -71.412 -60.1701 -67.5119 -70.6111 -66.4218 -59.3255 -53.6386 -49.3282 -59.3512
8302.554688 -73.1672 -15.7179 -56.2927 -73.9385 -14.0658 -73.6573 -71.1454 -69.6984 -73.1668 -72.3776 -63.1498 -59.0347 -22.24 -71.5385 -60.362 -67.6424 -70.7149 -66.5975 -59.6123 -53.9559 -49.6614 -59.6506
8303.559570 -73.256 -16.3227 -56.4212 -74.0119 -14.5608 -73.7377 -71.2425 -69.8461 -73.2486 -72.4646 -63.334 -59.3039 -23.3542 -71.6622 -60.5522 -67.7711 -70.8168 -66.7708 -59.8973 -54.272 -49.9936 -59.948
8304.565430 -73.3426 -16.8911 -56.5489 -74.0835 -15.0287 -73.8161 -71.3378 -69.9909 -73.3285 -72.5497 -63.5164 -59.5711 -24.4929 -71.7832 -60.7407 -67.8979 -70.9168 -66.9417 -60.1803 -54.5867 -50.3246 -60.2432
8305.570312 -73.4272 -17.4286 -56.6757 -74.1532 -15.4732 -73.8924 -71.4313 -70.1329 -73.4065 -72.633 -63.6968 -59.8363 -25.5565 -71.9016 -60.9274 -68.0229 -71.0148 -67.1102 -60.4614 -54.9001 -50.6546 -60.5363
8306.575195 -73.5096 -17.9396 -56.8018 -74.2211 -15.8979 -73.9668 -71.5231 -70.272 -73.4827 -72.7144 -63.8754 -60.0994 -26.5195 -72.0173 -61.1123 -68.1461 -71.1109 -67.2763 -60.7405 -55.2121 -50.9835 -60.8271
8307.580078 -73.5901 -18.4276 -56.9271 -74.2872 -16.3055 -74.0393 -71.6132 -70.4083 -73.5572 -72.7939 -64.0522 -60.3604 -27.3937 -72.1304 -61.2955 -68.2675 -71.2052 -67.44 -61.0175 -55.5227 -51.3113 -61.1156
8308.584961 -73.6686 -18.8956 -57.0516 -74.3516 -16.6983 -74.1099 -71.7015 -70.5419 -73.6299 -72.8713 -64.227 -60.6193 -28.1974 -72.241 -61.477 -68.3871 -71.2976 -67.6014 -61.2924 -55.8319 -51.6379 -61.4018
8309.589844 -73.7451 -19.3459 -57.1752 -74.4142 -17.0783 -74.1786 -71.7882 -70.6727 -73.7009 -72.9444 -64.3999 -60.876 -28.9446 -72.349 -61.6566 -68.5049 -71.3882 -67.7604 -61.5652 -56.1397 -51.9634 -61.6856
8310.594727 -73.8198 -19.7806 -57.2981 -74.4752 -17.4474 -74.2456 -71.8733 -70.8008 -73.7703 -72.9982 -64.571 -61.1305 -29.6452 -72.4545 -61.8345 -68.621 -71.477 -67.9171 -61.8358 -56.446 -52.2878 -61.967
8311.599609 -73.8926 -20.2016 -57.4202 -74.5346 -17.807 -74.3108 -71.9567 -70.9262 -73.838 -72.9692 -64.7401 -61.3829 -30.3072 -72.5576 -62.0106 -68.7352 -71.564 -68.0714 -62.1041 -56.7508 -52.6109 -62.2459
8312.605469 -73.9635 -20.6103 -57.5415 -74.5924 -18.1584 -74.3743 -72.0385 -71.0489 -73.904 -72.4815 -64.9073 -61.6329 -30.9368 -72.6583 -62.1848 -68.8477 -71.6493 -68.2233 -62.3702 -57.054 -52.9329 -62.5222
8313.610352 -74.0327 -21.0083 -57.6619 -74.6486 -18.5028 -74.4361 -72.1187 -71.169 -73.9686 -68.1995 -65.0726 -61.8807 -31.5389 -72.7567 -62.3573 -68.9585 -71.7328 -68.373 -62.6339 -57.3557 -53.2536 -62.7959
8314.615234 -74.1001 -21.3967 -57.7816 -74.7034 -18.8411 -74.4962 -72.1973 -71.2865 -74.0315 -37.0375 -65.236 -62.1261 -32.117 -72.8527 -62.5279 -69.0676 -71.8147 -68.5203 -62.8953 -57.6558 -53.5731 -63.067
8315.620117 -74.1658 -21.7765 -57.9005 -74.7566 -19.1743 -74.5548 -72.2744 -71.4015 -74.093 -9.28528 -65.3974 -62.3692 -32.6742 -72.9464 -62.6967 -69.1749 -71.8949 -68.6653 -63.1542 -57.9542 -53.8914 -63.3354
8316.625000 -74.2299 -22.1487 -58.0186 -74.8084 -19.503 -74.6118 -72.35 -71.5139 -74.153 -3.78417 -65.5569 -62.6099 -33.2126 -73.0379 -62.8637 -69.2805 -71.9734 -68.808 -63.4107 -58.251 -54.2084 -63.6011
8317.629883 -74.2923 -22.5141 -58.1359 -74.8588 -19.828 -74.6672 -72.424 -71.6239 -74.2115 -5.3371 -65.7144 -62.8482 -33.7342 -73.1272 -63.0288 -69.3844 -72.0504 -68.9484 -63.6646 -58.546 -54.5241 -63.8639
8318.634766 -74.3531 -22.8736 -58.2525 -74.9079 -20.1498 -74.7212 -72.4966 -71.7314 -74.2686 -6.79814 -65.8701 -63.084 -34.2402 -73.2143 -63.192 -69.4867 -72.1257 -69.0865 -63.916 -58.8393 -54.8385 -64.1239
8319.639648 -74.4123 -23.2276 -58.3682 -74.9556 -20.4689 -74.7737 -72.5677 -71.8365 -74.3243 -8.22764 -66.0237 -63.3174 -34.7317 -73.2993 -63.3535 -69.5872 -72.1995 -69.2224 -64.1648 -59.1309 -55.1515 -64.381
8320.644531 -74.47 -23.5768 -58.4831 -75.002 -20.7858 -74.8248 -72.6374 -71.9392 -74.3787 -9.51048 -66.1755 -63.5483 -35.2094 -73.3822 -63.513 -69.6862 -72.2718 -69.356 -64.4109 -59.4206 -55.4632 -64.6352
8321.650391 -74.5262 -23.9217 -58.5972 -75.0471 -21.101 -74.8741 -72.7057 -72.0396 -74.4317 -10.6349 -66.3253 -63.7766 -35.6743 -73.4631 -63.6707 -69.7835 -72.3425 -69.4875 -64.6544 -59.7084 -55.7735 -64.8864
8322.655273 -74.581 -24.2628 -58.7106 -75.091 -21.4146 -74.9183 -72.7726 -72.1377 -74.4835 -11.6245 -66.4731 -64.0024 -36.1268 -73.542 -63.8265 -69.8791 -72.4115 -69.6167 -64.8951 -59.9943 -56.0824 -65.1345
8323.660156 -74.6343 -24.6003 -58.8232 -75.1337 -21.7271 -74.9164 -72.8381 -72.2336 -74.5338 -12.5063 -66.619 -64.2256 -36.5677 -73.619 -63.9805 -69.9732 -72.4782 -69.7437 -65.1331 -60.2782 -56.3898 -65.3797
8324.665039 -74.6862 -24.9347 -58.9349 -75.1752 -22.0387 -74.3643 -72.9022 -72.3272 -74.5824 -13.3017 -66.763 -64.4461 -36.9976 -73.694 -64.1326 -70.0656 -72.5387 -69.8686 -65.3683 -60.5602 -56.6957 -65.6217
8325.669922 -74.7368 -25.2662 -59.0459 -75.2156 -22.3497 -66.941 -72.9651 -72.4187 -74.6259 -14.0273 -66.905 -64.6641 -37.417 -73.7672 -64.2828 -70.1565 -72.5696 -69.9913 -65.6007 -60.84 -57.0002 -65.8605
8326.674805 -74.786 -25.5952 -59.1561 -75.2548 -22.6602 5.33918 -73.0266 -72.508 -74.635 -14.696 -67.0451 -64.8794 -37.8265 -73.8385 -64.4311 -70.2458 -72.4101 -70.1119 -65.8302 -61.1178 -57.303 -66.0962
8327.679688 -74.834 -25.9217 -59.2655 -75.293 -22.9703 5.3612 -73.0869 -72.5952 -74.339 -15.317 -67.1833 -65.092 -38.2265 -73.908 -64.5775 -70.3336 -71.3005 -70.2304 -66.0568 -61.3935 -57.6043 -66.3287
8328.684570 -74.8806 -26.2461 -59.3741 -75.3301 -23.2804 2.36063 -73.1459 -72.6803 -70.8949 -15.8979 -67.3195 -65.302 -38.6177 -73.9758 -64.7221 -70.4198 -66.8138 -70.3468 -66.2804 -61.667 -57.904 -66.558
8329.690430 -74.9261 -26.5685 -59.4819 -75.3662 -23.5904 -0.535535 -73.2037 -72.7634 -38.063 -16.4446 -67.4538 -65.5092 -39.0006 -74.0418 -64.8648 -70.5045 -52.0252 -70.4612 -66.5012 -61.9382 -58.202 -66.784
8330.695312 -74.9703 -26.8889 -59.5889 -75.4012 -23.9006 -2.85351 -73.2602 -72.8445 6.86241 -16.9625 -67.5862 -65.7137 -39.3756 -74.1062 -65.0056 -70.5878 -1.79919 -70.5735 -66.7189 -62.2072 -58.4983 -67.0066
8331.700195 -75.0134 -27.2077 -59.6951 -75.4353 -24.2109 -4.68634 -73.3156 -72.9237 2.25301 -17.4559 -67.7167 -65.9155 -39.7432 -74.1689 -65.1446 -70.6695 -2.50825 -70.6837 -66.9336 -62.4738 -58.7929 -67.226
8332.705078 -75.0553 -27.5248 -59.8006 -75.4685 -24.5215 -6.18887 -73.3698 -73.001 -0.265547 -17.9285 -67.8452 -66.1145 -40.104 -74.23 -65.2817 -70.7498 -5.06288 -70.792 -67.1453 -62.7381 -59.0857 -67.4421
8333.709961 -75.0961 -27.8405 -59.9052 -75.5007 -24.8324 -7.45841 -73.4228 -73.0764 -2.46877 -18.3834 -67.9719 -66.3107 -40.4583 -74.2895 -65.4169 -70.8287 -7.15061 -70.8984 -67.354 -62.9999 -59.3767 -67.6548
8334.714844 -75.1358 -28.1547 -60.0091 -75.532 -25.1437 -8.55417 -73.4748 -73.15 -4.33921 -18.8235 -68.0967 -66.5042 -40.8065 -74.3475 -65.5502 -70.9061 -8.87689 -71.0027 -67.5595 -63.2593 -59.6658 -67.8641
8335.719727 -75.1744 -28.4675 -60.1121 -75.5625 -25.4555 -9.51575 -73.5256 -73.2217 -5.92446 -19.2507 -68.2196 -66.6949 -41.1492 -74.404 -65.6817 -70.9821 -10.3191 -71.1052 -67.762 -63.5162 -59.953 -68.07
8336.724609 -75.2121 -28.7791 -60.2144 -75.5921 -25.7677 -10.371 -73.5753 -73.2918 -7.26563 -19.6671 -68.3406 -66.8828 -41.4865 -74.459 -65.8113 -71.0567 -11.5423 -71.2058 -67.9614 -63.7705 -60.2382 -68.2726
8337.730469 -75.2487 -29.0894 -60.3159 -75.6209 -26.0804 -11.1403 -73.624 -73.3601 -8.41379 -20.0743 -68.4598 -67.068 -41.8188 -74.5126 -65.9391 -71.13 -12.5884 -71.3045 -68.1577 -64.0222 -60.5214 -68.4717
8338.735352 -75.2843 -29.3986 -60.4166 -75.6489 -26.3936 -11.8393 -73.6716 -73.4267 -9.41094 -20.4735 -68.5771 -67.2503 -42.1465 -74.5648 -66.065 -71.2019 -13.4945 -71.4013 -68.3509 -64.2713 -60.8026 -68.6675
8339.740234 -75.319 -29.7067 -60.5165 -75.6761 -26.7073 -12.4799 -73.7182 -73.4917 -10.2889 -20.8661 -68.6925 -67.4298 -42.4697 -74.6152 -66.1891 -71.2725 -14.2923 -71.4963 -68.541 -64.5177 -61.0817 -68.8598
8340.745117 -75.3527 -30.0137 -60.6156 -75.7025 -27.0215 -13.072 -73.7638 -73.5551 -11.0717 -21.2529 -68.8061 -67.6066 -42.7888 -74.66 -66.3114 -71.3417 -15.0065 -71.5895 -68.7279 -64.7614 -61.3586 -69.0488
8341.750000 -75.3855 -30.3197 -60.7139 -75.7282 -27.3363 -13.6235 -73.8084 -73.6169 -11.7776 -21.635 -68.918 -67.7805 -43.1038 -74.6576 -66.4319 -71.4097 -15.6552 -71.681 -68.9117 -65.0023 -61.6333 -69.2343
8342.754883 -75.4175 -30.6247 -60.8114 -75.7532 -27.6516 -14.1406 -73.8521 -73.6772 -12.4208 -22.013 -69.028 -67.9517 -43.4152 -74.193 -66.5505 -71.4763 -16.2519 -71.7707 -69.0923 -65.2404 -61.9058 -69.4164
8343.759766 -75.4486 -30.9287 -60.9082 -75.7774 -27.9674 -14.6287 -73.8948 -73.7359 -13.0125 -22.3876 -69.1362 -68.1201 -43.7229 -69.0307 -66.6674 -71.5418 -16.8065 -71.8587 -69.2699 -65.4757 -62.176 -69.5951
8344.764648 -75.4788 -31.2318 -61.0041 -75.8003 -28.2837 -15.0921 -73.9365 -73.7932 -13.5614 -22.7594 -69.2426 -68.2857 -44.0272 -20.1563 -66.7824 -71.6059 -17.3267 -71.945 -69.4443 -65.7082 -62.4439 -69.7705
8345.769531 -75.5083 -31.534 -61.0993 -75.8117 -28.6005 -15.5346 -73.9774 -73.8491 -14.0745 -23.1289 -69.3472 -68.4486 -44.3283 3.34687 -66.8957 -71.6689 -17.8188 -72.0297 -69.6155 -65.9377 -62.7093 -69.9425
8346.775391 -75.5369 -31.8354 -61.1937 -75.6521 -28.9177 -15.9591 -74.0174 -73.9036 -14.5575 -23.4965 -69.4501 -68.6087 -44.6262 -0.27332 -67.0071 -71.7306 -18.2873 -72.1127 -69.7837 -66.1643 -62.9723 -70.1111
8347.780273 -75.5648 -32.1358 -61.2873 -72.6913 -29.2354 -16.3683 -74.0564 -73.9567 -15.0149 -23.8626 -69.5513 -68.766 -44.9211 -2.40618 -67.1169 -71.791 -18.7363 -72.1941 -69.9488 -66.3879 -63.2328 -70.2764
8348.785156 -75.5919 -32.4354 -61.3801 -17.8482 -29.5535 -16.7644 -74.0934 -74.0085 -15.4506 -24.2275 -69.6507 -68.9206 -45.2132 -4.2409 -67.2248 -71.8494 -19.1689 -72.2739 -70.1108 -66.6085 -63.4908 -70.4383
8349.790039 -75.6183 -32.7342 -61.4721 17.1503 -29.8721 -17.1494 -74.1155 -74.059 -15.8678 -24.5915 -69.7485 -69.0726 -45.5024 -5.85442 -67.3311 -71.9008 -19.5876 -72.3521 -70.2697 -66.8261 -63.7462 -70.597
8350.794922 -75.644 -33.0322 -61.5633 11.1699 -30.191 -17.5248 -73.9558 -74.1082 -16.2692 -24.9549 -69.8445 -69.2218 -45.789 -7.27561 -67.4356 -71.9115 -19.9946 -72.4288 -70.4255 -67.0407 -63.9989 -70.7524
8351.799805 -75.669 -33.3294 -61.6537 5.70497 -30.5103 -17.8921 -71.8396 -74.1561 -16.657 -25.3178 -69.9389 -69.3683 -46.073 -8.51052 -67.5384 -71.6633 -20.3916 -72.504 -70.5783 -67.2522 -64.249 -70.9045
8352.804688 -75.6933 -33.6258 -61.7434 1.63715 -30.8299 -18.2526 -56.7714 -74.2029 -17.0332 -25.6804 -70.0316 -69.5122 -46.3544 -9.58672 -67.6395 -69.8579 -20.7801 -72.5778 -70.7281 -67.4606 -64.4964 -71.0534
8353.809570 -75.717 -33.9214 -61.8322 -1.3666 -31.1498 -18.6074 7.68323 -74.2485 -17.3995 -26.0428 -70.1227 -69.6534 -46.6334 -10.5342 -67.7389 -61.0094 -21.1614 -72.65 -70.8749 -67.6659 -64.741 -71.1991
8354.815430 -75.74 -34.2162 -61.9203 -3.63862 -31.47 -18.9574 5.46704 -74.2929 -17.7573 -26.4053 -70.2121 -69.792 -46.91 -11.3784 -67.8367 -15.7854 -21.5366 -72.7209 -71.0187 -67.8681 -64.9828 -71.3417
8355.820312 -75.7625 -34.5103 -62.0076 -5.40992 -31.7905 -19.3033 1.8095 -74.3362 -18.1079 -26.7678 -70.2999 -69.9281 -47.1843 -12.1396 -67.9328 -8.66247 -21.9067 -72.7903 -71.1596 -68.0672 -65.2217 -71.4811
8356.825195 -75.7843 -34.8036 -62.0941 -6.83285 -32.1112 -19.6461 -1.23764 -74.3784 -18.4524 -27.1305 -70.3862 -70.0615 -47.4563 -12.8335 -68.0272 -7.84299 -22.2723 -72.8583 -71.2975 -68.2631 -65.4578 -71.6175
8357.830078 -75.8052 -35.0962 -62.1798 -8.00764 -32.4321 -19.9862 -3.66018 -74.4196 -18.7918 -27.4933 -70.4708 -70.1924 -47.7261 -13.4725 -68.12 -9.20347 -22.6343 -72.925 -71.4326 -68.4559 -65.6909 -71.7507
8358.834961 -75.8213 -35.388 -62.2647 -9.00126 -32.7532 -20.3242 -5.58707 -74.4597 -19.1269 -27.8565 -70.5539 -70.3208 -47.9938 -14.0662 -68.2113 -10.2033 -22.9933 -72.9904 -71.5648 -68.6456 -65.9212 -71.881
8359.839844 -75.7656 -35.6791 -62.3489 -9.85934 -33.0744 -20.6607 -7.14601 -74.4988 -19.4583 -28.2199 -70.6355 -70.4467 -48.2594 -14.6223 -68.3009 -11.1829 -23.3496 -73.0545 -71.6941 -68.832 -66.1484 -72.0083
8360.844727 -74.4631 -35.9695 -62.4323 -10.6137 -33.3958 -20.996 -8.43565 -74.537 -19.7869 -28.5837 -70.7156 -70.5701 -48.523 -15.1472 -68.3889 -12.1887 -23.7039 -73.1172 -71.8207 -69.0153 -66.3726 -72.1326
8361.849609 -49.4257 -36.2591 -62.5149 -11.2869 -33.7172 -21.3305 -9.52619 -74.5742 -20.113 -28.9478 -70.7941 -70.6911 -48.7846 -15.6457 -68.4754 -13.1158 -24.0564 -73.1787 -71.9444 -69.1955 -66.5937 -72.254
8362.855469 10.1495 -36.548 -62.5967 -11.8955 -34.0387 -21.6646 -10.4663 -74.6104 -20.4373 -29.3122 -70.8712 -70.8097 -49.0442 -16.1221 -68.5604 -13.959 -24.4075 -73.239 -72.0655 -69.3724 -66.8118 -72.3726
8363.860352 7.79352 -36.8362 -62.6777 -12.452 -34.3603 -21.9985 -11.2902 -74.6457 -20.7601 -29.6769 -70.9468 -70.9259 -49.302 -16.5798 -68.6438 -14.7339 -24.7575 -73.2981 -72.1838 -69.5463 -67.0267 -72.4883
8364.865234 4.3704 -37.1237 -62.758 -12.9657 -34.6819 -22.3324 -12.0226 -74.6802 -21.0817 -30.042 -71.021 -71.0397 -49.5579 -17.0217 -68.7257 -15.4515 -25.1066 -73.356 -72.2995 -69.717 -67.2386 -72.6012
8365.870117 1.37155 -37.4104 -62.8375 -13.4442 -35.0034 -22.6666 -12.6817 -74.7138 -21.4026 -30.4073 -71.0938 -71.1513 -49.8121 -17.4503 -68.8061 -16.1199 -25.455 -73.4128 -72.4125 -69.8845 -67.4473 -72.7115
8366.875000 -0.984615 -37.6964 -62.9162 -13.8933 -35.325 -23.0012 -13.2813 -74.7465 -21.7231 -30.7729 -71.1651 -71.2605 -50.0645 -17.8675 -68.8851 -16.7454 -25.8029 -73.4684 -72.5229 -70.0489 -67.6529 -72.819
8367.879883 -2.90255 -37.9817 -62.9942 -14.3177 -35.6465 -23.3364 -13.8319 -74.7784 -22.0432 -31.1388 -71.235 -71.3675 -50.3151 -18.2753 -68.9626 -17.3332 -26.1505 -73.5228 -72.6308 -70.2102 -67.8552 -72.9239
8368.884766 -4.4856 -38.2663 -63.0714 -14.7214 -35.9678 -23.6723 -14.3418 -74.8096 -22.3634 -31.5048 -71.303 -71.4723 -50.5641 -18.6751 -69.0386 -17.8878 -26.4978 -73.5762 -72.7362 -70.3684 -68.0544 -73.0262
8369.889648 -5.80961 -38.5501 -63.1478 -15.1077 -36.2891 -24.0091 -14.8176 -74.8399 -22.6836 -31.8711 -71.368 -71.5749 -50.8114 -19.0682 -69.1133 -18.4131 -26.8449 -73.6285 -72.8391 -70.5236 -68.2504 -73.1259
8370.894531 -6.93588 -38.8333 -63.2235 -15.4792 -36.6103 -24.3466 -15.2646 -74.8695 -23.0042 -32.2375 -71.425 -71.6754 -51.0572 -19.4557 -69.1865 -18.9125 -27.192 -73.6798 -72.9395 -70.6756 -68.4432 -73.2231
8371.900391 -7.91016 -39.1157 -63.2983 -15.8384 -36.9313 -24.6852 -15.687 -74.8984 -23.3252 -32.604 -71.4617 -71.7737 -51.3013 -19.8387 -69.2583 -19.3893 -27.5391 -73.73 -73.0376 -70.8246 -68.6327 -73.3179
8372.905273 -8.76606 -39.3974 -63.3725 -16.1871 -37.2521 -25.0247 -16.0885 -74.9266 -23.6467 -32.9705 -71.4527 -71.87 -51.5439 -20.2179 -69.3288 -19.8462 -27.8861 -73.7793 -73.1333 -70.9706 -68.8191 -73.4102
8373.910156 -9.5283 -39.6783 -63.4458 -16.5272 -37.5728 -25.3653 -16.4719 -74.954 -23.9689 -33.3371 -71.3492 -71.9642 -51.785 -20.5941 -69.398 -20.2856 -28.2333 -73.8275 -73.2267 -71.1137 -69.0022 -73.5002
8374.915039 -10.2153 -39.9586 -63.5184 -16.86 -37.8932 -25.7069 -16.8399 -74.9808 -24.2917 -33.7036 -71.0513 -72.0564 -52.0246 -20.968 -69.4658 -20.7098 -28.5805 -73.8748 -73.3178 -71.2537 -69.1821 -73.5879
8375.919922 -10.8411 -40.2381 -63.5902 -17.1867 -38.2133 -26.0496 -17.1946 -75.007 -24.6153 -34.0701 -70.3033 -72.1466 -52.2628 -21.34 -69.5323 -21.1206 -28.9279 -73.9211 -73.4067 -71.3908 -69.3588 -73.6733
8376.924805 -11.4165 -40.5169 -63.6612 -17.5086 -38.5332 -26.3933 -17.5377 -75.0325 -24.9397 -34.4365 -68.069 -72.2348 -52.4995 -21.7107 -69.5975 -21.5197 -29.2753 -73.9665 -73.4934 -71.525 -69.5323 -73.7564
8377.929688 -11.9498 -40.7949 -63.7313 -17.8265 -38.8529 -26.7381 -17.8709 -75.0574 -25.2649 -34.8027 -57.5716 -72.3212 -52.7347 -22.0804 -69.6614 -21.9085 -29.6229 -74.011 -73.5779 -71.6563 -69.7026 -73.8374
8378.934570 -12.4479 -41.0722 -63.8004 -18.1413 -39.1722 -27.084 -18.1955 -75.0816 -25.591 -35.1688 -5.95107 -72.4056 -52.9686 -22.4496 -69.7241 -22.2883 -29.9705 -74.0547 -73.6603 -71.7847 -69.8697 -73.9162
8379.940430 -12.9163 -41.3487 -63.8685 -18.4537 -39.4912 -27.4308 -18.5127 -75.1053 -25.9179 -35.5345 -4.62456 -72.4883 -53.2011 -22.8185 -69.7855 -22.6602 -30.3182 -74.0974 -73.7407 -71.9104 -70.0336 -73.993
8380.945312 -13.3594 -41.6244 -63.9353 -18.7642 -39.8099 -27.7787 -18.8236 -75.1284 -26.2457 -35.9 -6.97323 -72.5691 -53.4323 -23.1874 -69.8458 -23.0251 -30.666 -74.1393 -73.819 -72.0332 -70.1943 -74.0677
8381.950195 -13.781 -41.8994 -64.0007 -19.0736 -40.1282 -28.1275 -19.1291 -75.151 -26.5744 -36.2652 -8.90642 -72.6481 -53.662 -23.5565 -69.9048 -23.3839 -31.0138 -74.1804 -73.8954 -72.1533 -70.3519 -74.1404
8382.955078 -14.1843 -42.1736 -64.0642 -19.3822 -40.4461 -28.4772 -19.4299 -75.173 -26.9039 -36.63 -10.443 -72.7254 -53.8905 -23.926 -69.9627 -23.7372 -31.3617 -74.2206 -73.9698 -72.2707 -70.5064 -74.2111
8383.959961 -14.5718 -42.447 -64.1256 -19.6904 -40.7636 -28.8278 -19.7268 -75.1945 -27.2343 -36.9944 -11.7695 -72.8011 -54.1176 -24.2961 -70.0194 -24.0858 -31.7095 -74.2601 -74.0423 -72.3854 -70.6578 -74.2799
8384.964844 -14.9458 -42.7196 -64.1845 -19.9987 -41.0806 -29.1793 -20.0205 -75.2155 -27.5654 -37.3584 -12.9266 -72.875 -54.3435 -24.6668 -70.0749 -24.4301 -32.0572 -74.2988 -74.1129 -72.4975 -70.8061 -74.3469
8385.969727 -15.3084 -42.9914 -64.2403 -20.3072 -41.3972 -29.5316 -20.3114 -75.236 -27.8974 -37.7218 -13.9401 -72.9473 -54.568 -25.0383 -70.1293 -24.7708 -32.4049 -74.3367 -74.1817 -72.6069 -70.9513 -74.412
8386.974609 -15.6612 -43.2625 -64.2927 -20.6164 -41.7133 -29.8846 -20.6 -75.256 -28.2301 -38.0848 -14.845 -73.018 -54.7912 -25.4106 -70.1827 -25.1081 -32.7525 -74.3739 -74.2487 -72.7139 -71.0935 -74.4754
8387.980469 -16.0056 -43.5327 -64.3411 -20.9263 -42.0289 -30.2383 -20.8868 -75.2755 -28.5636 -38.4471 -15.6664 -73.0871 -55.0132 -25.7838 -70.2349 -25.4426 -33.0999 -74.4104 -74.314 -72.8182 -71.2327 -74.537
8388.985352 -16.343 -43.8021 -64.3851 -21.2373 -42.344 -30.5927 -21.1722 -75.2927 -28.8977 -38.8089 -16.4209 -73.1547 -55.2339 -26.1579 -70.2859 -25.7744 -33.4471 -74.4461 -74.3775 -72.9201 -71.3689 -74.5969
8389.990234 -16.6745 -44.0707 -64.4241 -21.5494 -42.6586 -30.9477 -21.4565 -75.2786 -29.2326 -39.17 -17.1205 -73.2208 -55.4533 -26.533 -70.3347 -26.1041 -33.7941 -74.4812 -74.4394 -73.0196 -71.5021 -74.6552
8390.995117 -17.0011 -44.3384 -64.4578 -21.8628 -42.9725 -31.3033 -21.74 -74.6783 -29.5681 -39.5305 -17.7738 -73.2854 -55.6715 -26.9091 -70.3727 -26.4317 -34.1409 -74.5155 -74.4997 -73.1166 -71.6325 -74.7119
8392.000000 -17.3236 -44.6054 -64.4857 -22.1777 -43.2859 -31.6593 -22.0229 -61.6548 -29.9041 -39.8903 -18.3873 -73.3485 -55.8884 -27.2862 -70.3329 -26.7576 -34.4873 -74.5492 -74.5583 -73.2113 -71.7599 -74.767
8393.004883 -17.6427 -44.8714 -64.5074 -22.494 -43.5987 -32.0159 -22.3056 11.1017 -30.2407 -40.2493 -18.9662 -73.4103 -56.1041 -27.6642 -69.8188 -27.0819 -34.8334 -74.5823 -74.615 -73.3037 -71.8846 -74.8205
8394.009766 -17.9593 -45.1367 -64.5225 -22.812 -43.9109 -32.3728 -22.5881 12.6021 -30.5779 -40.6075 -19.5148 -73.4706 -56.3185 -28.0432 -67.0076 -27.4049 -35.1791 -74.6147 -74.6656 -73.3938 -72.0064 -74.8726
8395.014648 -18.2738 -45.4011 -64.5305 -23.1315 -44.2224 -32.73 -22.8708 9.2449 -30.9155 -40.9649 -20.0368 -73.5297 -56.5316 -28.4231 -55.5999 -27.7267 -35.5244 -74.6465 -74.6941 -73.4816 -72.1254 -74.923
8396.019531 -18.5867 -45.6647 -64.5311 -23.4527 -44.5333 -33.0876 -23.1537 5.98127 -31.2535 -41.3215 -20.5355 -73.5874 -56.7435 -28.8038 -23.0963 -28.0474 -35.8692 -74.6776 -74.6392 -73.5673 -72.2417 -74.9709
8397.025391 -18.8987 -45.9274 -64.5235 -23.7756 -44.8435 -33.4454 -23.4369 3.34953 -31.592 -41.6772 -21.0135 -73.6438 -56.9542 -29.1854 -20.3048 -28.3671 -36.2136 -74.7063 -73.7583 -73.6508 -72.3553 -74.9986
8398.030273 -19.2099 -46.1892 -64.5072 -24.1002 -45.153 -33.8035 -23.7207 1.23928 -31.9307 -42.0319 -21.4733 -73.6989 -57.1636 -29.5678 -17.4599 -28.6861 -36.5574 -74.709 -61.6063 -73.7322 -72.4663 -74.6809
8399.035156 -19.5209 -46.4502 -64.4814 -24.4265 -45.4618 -34.1617 -24.0051 -0.48181 -32.2698 -42.3857 -21.9169 -73.7528 -57.3718 -29.9509 -16.5637 -29.0043 -36.9007 -74.3795 2.53759 -73.8115 -72.5746 -68.0738
8400.040039 -19.8319 -46.7103 -64.4451 -24.7544 -45.7699 -34.52 -24.2901 -1.91405 -32.6092 -42.7385 -22.3462 -73.8055 -57.5787 -30.3347 -16.4715 -29.3218 -37.2433 -70.2859 3.23959 -73.8888 -72.6804 3.04144
8401.044922 -20.1432 -46.9695 -64.3975 -25.0841 -46.0772 -34.8783 -24.5759 -3.12807 -32.9488 -43.0902 -22.7629 -73.8571 -57.7844 -30.7191 -16.7329 -29.6388 -37.5853 -27.5074 1.6868 -73.9641 -72.7836 5.8152
8402.049805 -20.4551 -47.2278 -64.3369 -25.4153 -46.3838 -35.2367 -24.8626 -4.17463 -33.2886 -43.441 -23.1683 -73.9075 -57.9888 -31.1041 -17.1824 -29.9552 -37.9267 10.752 -1.00044 -74.0375 -72.8843 3.11524
8403.054688 -20.7676 -47.4853 -64.2607 -25.7482 -46.6896 -35.5951 -25.1501 -5.0906 -33.6285 -43.7906 -23.5636 -73.9566 -58.1919 -31.4895 -17.7037 -30.2712 -38.2673 6.81448 -3.46762 -74.1089 -72.9826 0.542197
8404.059570 -21.0811 -47.7419 -64.1621 -26.0826 -46.9947 -35.9533 -25.4386 -5.90312 -33.9685 -44.1392 -23.95 -74.0038 -58.3938 -31.8755 -18.2318 -30.5868 -38.6073 3.22404 -5.5831 -74.1785 -73.0785 -1.34831
8405.065430 -21.3957 -47.9976 -64.0274 -26.4185 -47.299 -36.3115 -25.728 -6.63253 -34.3087 -44.4866 -24.3285 -74.0399 -58.5944 -32.2618 -18.7455 -30.902 -38.9465 0.393161 -7.37834 -74.2463 -73.172 -3.06967
8406.070312 -21.7114 -48.2524 -63.8307 -26.756 -47.6024 -36.6695 -26.0184 -7.29436 -34.6488 -44.8329 -24.6999 -73.9654 -58.7937 -32.6484 -19.2405 -31.2168 -39.2848 -1.81932 -8.91651 -74.3123 -73.2632 -4.66377
8407.075195 -22.0285 -48.5063 -63.5284 -27.0948 -47.905 -37.0274 -26.3098 -7.90067 -34.9889 -45.178 -25.065 -72.6219 -58.9918 -33.0353 -19.7156 -31.5314 -39.6224 -3.5866 -10.257 -74.3765 -73.3521 -6.08597
8408.080078 -22.3469 -48.7593 -63.051 -27.435 -48.2069 -37.385 -26.6022 -8.46099 -35.3291 -45.5219 -25.4244 -56.9787 -59.1886 -33.4224 -20.1708 -31.8456 -39.9591 -5.04032 -11.4441 -74.4391 -73.4388 -7.33084
8409.084961 -22.6668 -49.0114 -62.2968 -27.7765 -48.5078 -37.7423 -26.8957 -8.98296 -35.6691 -45.8646 -25.7787 3.92438 -59.384 -33.8096 -20.6072 -32.1596 -40.295 -6.26412 -12.51 -74.5 -73.5232 -8.41738
8410.089844 -22.9882 -49.2626 -61.135 -28.1192 -48.808 -38.0994 -27.1901 -9.47275 -36.009 -46.2061 -26.1286 2.19149 -59.5782 -34.1969 -21.0261 -32.4732 -40.6299 -7.3107 -13.479 -74.5592 -73.6056 -9.3712
8411.094727 -23.3111 -49.5129 -59.4094 -28.4631 -49.1072 -38.4561 -27.4855 -9.93543 -36.3488 -46.5463 -26.4744 -0.41122 -59.7711 -34.5842 -21.4287 -32.7866 -40.964 -8.21791 -14.3755 -74.6169 -73.6858 -10.2166
8412.099609 -23.6356 -49.7623 -56.9757 -28.8082 -49.4056 -38.8124 -27.782 -10.3752 -36.6884 -46.8852 -26.8166 -2.76061 -59.9627 -34.9714 -21.8163 -33.0998 -41.297 -9.01525 -15.2931 -74.673 -73.764 -10.974
8413.105469 -23.9617 -50.0108 -53.76 -29.1543 -49.7031 -39.1683 -28.0794 -10.7955 -37.0278 -47.2228 -27.1555 -4.72991 -60.1529 -35.3585 -22.1897 -33.4127 -41.629 -9.72592 -16.0128 -74.7276 -73.8401 -11.6599
8414.110352 -24.2893 -50.2583 -49.7749 -29.5014 -49.9998 -39.5238 -28.3778 -11.1993 -37.367 -47.5591 -27.4916 -6.38743 -60.3418 -35.7454 -22.5499 -33.7253 -41.96 -10.368 -16.5167 -74.7807 -73.9143 -12.2872
8415.115234 -24.6185 -50.505 -45.266 -29.8495 -50.2955 -39.8789 -28.6772 -11.5891 -37.7059 -47.8941 -27.825 -7.77383 -60.5294 -36.1321 -22.8977 -34.0377 -42.29 -10.9554 -16.9014 -74.8324 -73.9866 -12.8664
8416.120117 -24.9493 -50.7507 -40.9549 -30.1984 -50.5903 -40.2334 -28.9775 -11.967 -38.0445 -48.2278 -28.1561 -8.94438 -60.7157 -36.5186 -23.2343 -34.3498 -42.6189 -11.499 -17.2286 -74.8823 -74.0569 -13.4056
8417.125000 -25.2817 -50.9955 -38.2668 -30.5481 -50.8842 -40.5874 -29.2787 -12.3349 -38.3828 -48.5601 -28.485 -9.9498 -60.9006 -36.9046 -23.5609 -34.6616 -42.9467 -12.0072 -17.5294 -74.9171 -74.1254 -13.9113
8418.129883 -25.6155 -51.2394 -37.2568 -30.8986 -51.1772 -40.9409 -29.5807 -12.6944 -38.7207 -48.891 -28.8121 -10.8283 -61.0841 -37.2903 -23.8788 -34.9731 -43.2733 -12.4865 -17.8186 -74.6264 -74.1921 -14.3889
8419.134766 -25.9508 -51.4824 -36.9228 -31.2498 -51.4692 -41.2937 -29.8837 -13.0467 -39.0583 -49.2206 -29.1374 -11.6067 -61.2663 -37.6756 -24.1891 -35.2843 -43.5988 -12.9424 -18.1028 -68.9004 -74.2571 -14.8427
8420.139648 -26.2875 -51.7244 -36.826 -31.6016 -51.7603 -41.6459 -30.1874 -13.3932 -39.3955 -49.5487 -29.4612 -12.3052 -61.4471 -38.0603 -24.4929 -35.5953 -43.9232 -13.3789 -18.3849 -0.786525 -74.3203 -15.2764
8421.144531 -26.6256 -51.9655 -36.9882 -31.9539 -52.0504 -41.9974 -30.4919 -13.7349 -39.7322 -49.8755 -29.7836 -12.9397 -61.6266 -38.4445 -24.791 -35.9058 -44.2463 -13.7995 -18.6661 4.20808 -74.3818 -15.6931
8422.150391 -26.9651 -52.2057 -37.302 -32.3068 -52.3396 -42.3482 -30.7972 -14.0727 -40.0685 -50.2008 -30.1046 -13.5232 -61.8046 -38.8281 -25.0842 -36.2161 -44.5683 -14.2071 -18.9468 2.1646 -74.4417 -16.0952
8423.155273 -27.3059 -52.4449 -37.6483 -32.6601 -52.6278 -42.6983 -31.1032 -14.4073 -40.4043 -50.5247 -30.4245 -14.0657 -61.9813 -39.2111 -25.3733 -36.526 -44.889 -14.604 -19.2272 -0.15499 -74.4999 -16.4849
8424.160156 -27.6478 -52.6832 -37.9652 -33.0138 -52.915 -43.0477 -31.4099 -14.7397 -40.7396 -50.8472 -30.7434 -14.5752 -62.1565 -39.5934 -25.6587 -36.8355 -45.2085 -14.9922 -19.5074 -2.29928 -74.5566 -16.8642
8425.165039 -27.991 -52.9206 -38.2517 -33.3679 -53.2012 -43.3962 -31.7172 -15.0703 -41.0744 -51.1682 -31.0612 -15.0577 -62.3303 -39.975 -25.9411 -37.1446 -45.5267 -15.3733 -19.7875 -4.13655 -74.6118 -17.2346
8426.169922 -28.3353 -53.157 -38.5281 -33.7222 -53.4863 -43.744 -32.0252 -15.3998 -41.4086 -51.4878 -31.3782 -15.5183 -62.5028 -40.3558 -26.2207 -37.4533 -45.8437 -15.7489 -20.0677 -5.6858 -74.6655 -17.5974
8427.174805 -28.6807 -53.3925 -38.8069 -34.0768 -53.7705 -44.0909 -32.3338 -15.7286 -41.7421 -51.8059 -31.6943 -15.9606 -62.6738 -40.7358 -26.498 -37.7616 -46.1593 -16.12 -20.348 -6.99683 -74.7177 -17.954
8428.179688 -29.027 -53.627 -39.0868 -34.4315 -54.0536 -44.437 -32.6429 -16.0572 -42.0751 -52.1226 -32.0097 -16.3877 -62.8433 -41.115 -26.7734 -38.0694 -46.4737 -16.4878 -20.6287 -8.1193 -74.7686 -18.3053
8429.184570 -29.3743 -53.8605 -39.3622 -34.7864 -54.3356 -44.7822 -32.9525 -16.386 -42.4074 -52.4377 -32.3243 -16.8023 -63.0115 -41.4932 -27.047 -38.3768 -46.7867 -16.8531 -20.9097 -9.09434 -74.8194 -18.6522
8430.190430 -29.7225 -54.0931 -39.6286 -35.1414 -54.6165 -45.1264 -33.2625 -16.7153 -42.7391 -52.7514 -32.6382 -17.2063 -63.1782 -41.8705 -27.3192 -38.6837 -47.0984 -17.2168 -21.1913 -9.95342 -74.8889 -18.9956
8431.195312 -30.0715 -54.3247 -39.8845 -35.4964 -54.8964 -45.4698 -33.5731 -17.0454 -43.07 -53.0635 -32.9515 -17.6017 -63.3434 -42.2468 -27.5903 -38.9901 -47.4088 -17.5795 -21.4737 -10.7203 -74.9921 -19.3361
8432.200195 -30.4212 -54.5553 -40.1302 -35.8513 -55.1751 -45.8122 -33.884 -17.3766 -43.4003 -53.3741 -33.2642 -17.9898 -63.507 -42.6221 -27.8604 -39.296 -47.7178 -17.9417 -21.7568 -11.4127 -75.0004 -19.6744
8433.205078 -30.7717 -54.7849 -40.366 -36.2063 -55.4527 -46.1536 -34.1953 -17.7091 -43.7298 -53.6831 -33.5763 -18.3719 -63.6684 -42.9963 -28.1297 -39.6013 -48.0254 -18.304 -22.041 -12.0446 -74.7973 -20.0109
8434.209961 -31.1228 -55.0136 -40.5929 -36.5611 -55.7292 -46.4941 -34.5069 -18.0431 -44.0585 -53.9906 -33.8878 -18.7492 -63.8253 -43.3694 -28.3983 -39.9061 -48.3317 -18.6668 -22.3262 -12.6265 -73.8433 -20.3461
8435.214844 -31.4744 -55.2412 -40.8114 -36.9158 -56.0045 -46.8336 -34.8188 -18.3787 -44.3865 -54.2966 -34.1988 -19.1226 -63.9724 -43.7414 -28.6665 -40.2103 -48.6366 -19.0305 -22.6125 -13.1669 -66.5659 -20.6805
8436.219727 -31.8266 -55.4679 -41.022 -37.2703 -56.2786 -47.172 -35.131 -18.7162 -44.7137 -54.6009 -34.5092 -19.4929 -64.0996 -44.1122 -28.9343 -40.5139 -48.9401 -19.3954 -22.9001 -13.6723 -24.8958 -21.0143
8437.224609 -32.1793 -55.6935 -41.2254 -37.6246 -56.5514 -47.5094 -35.4434 -19.0557 -45.0401 -54.9037 -34.8191 -19.8608 -64.1924 -44.4818 -29.202 -40.8168 -49.2422 -19.7617 -23.1891 -14.1483 6.63042 -21.3479
8438.230469 -32.5323 -55.9181 -41.4222 -37.9787 -56.8231 -47.8457 -35.756 -19.3971 -45.3656 -55.2048 -35.1285 -20.2269 -64.2338 -44.8502 -29.4695 -41.1191 -49.5429 -20.1297 -23.4794 -14.5994 3.64687 -21.6816
8439.235352 -32.8857 -56.1416 -41.6129 -38.3324 -57.0935 -48.181 -36.0688 -19.7407 -45.6903 -55.5043 -35.4373 -20.5918 -64.2084 -45.2174 -29.7369 -41.4207 -49.8422 -20.4995 -23.7712 -15.0292 1.29591 -22.0155
8440.240234 -33.2394 -56.3642 -41.798 -38.6859 -57.3625 -48.5152 -36.3817 -20.0864 -46.0141 -55.8021 -35.7457 -20.9558 -64.105 -45.5833 -30.0044 -41.7217 -50.14 -20.8712 -24.0645 -15.4409 -0.541106 -22.3498
8441.245117 -33.5933 -56.5856 -41.978 -39.0389 -57.6303 -48.8484 -36.6947 -20.4344 -46.3371 -56.0983 -36.0535 -21.3194 -63.9187 -45.9478 -30.2721 -42.0218 -50.4365 -21.2451 -24.3594 -15.8371 -2.39552 -22.6848
8442.250000 -33.9475 -56.806 -42.1534 -39.3916 -57.8967 -49.1804 -37.0077 -20.7846 -46.6591 -56.3928 -36.3608 -21.6829 -63.6513 -46.3111 -30.5399 -42.3213 -50.7315 -21.6211 -24.6558 -16.22 -4.16207 -23.0206
8443.254883 -34.3017 -57.0254 -42.3246 -39.7439 -58.1618 -49.5113 -37.3208 -21.137 -46.9803 -56.6855 -36.6676 -22.0466 -63.3118 -46.6729 -30.808 -42.6199 -51.0251 -21.9993 -24.9537 -16.5917 -5.74283 -23.3572
8444.259766 -34.6561 -57.2436 -42.4922 -40.0957 -58.4254 -49.841 -37.6338 -21.4916 -47.3005 -56.9765 -36.9739 -22.4107 -62.9143 -47.0334 -31.0763 -42.9178 -51.3173 -22.3798 -25.2533 -16.9537 -7.12164 -23.6948
8445.264648 -35.0105 -57.4607 -42.6566 -40.447 -58.6877 -50.1697 -37.9469 -21.8485 -47.6198 -57.2658 -37.2796 -22.7754 -62.4766 -47.3925 -31.345 -43.2149 -51.608 -22.7626 -25.5545 -17.3075 -8.31911 -24.0334
8446.269531 -35.3648 -57.6768 -42.8182 -40.7978 -58.9484 -50.4971 -38.2598 -22.2075 -47.9381 -57.5532 -37.5848 -23.1409 -62.0168 -47.7502 -31.614 -43.5111 -51.8972 -23.1476 -25.8572 -17.6543 -9.36515 -24.3731
8447.275391 -35.7192 -57.8917 -42.9776 -41.148 -59.2077 -50.8234 -38.5727 -22.5687 -48.2555 -57.8388 -37.8894 -23.5074 -61.5521 -48.1065 -31.8834 -43.8065 -52.1851 -23.5349 -26.1615 -17.9952 -10.2881 -24.7139
8448.280273 -36.0734 -58.1054 -43.135 -41.4977 -59.4654 -51.1486 -38.8855 -22.9321 -48.5719 -58.1226 -38.1935 -23.8749 -61.0975 -48.4613 -32.1531 -44.1011 -52.4714 -23.9244 -26.4674 -18.3311 -11.1116 -25.0559
8449.285156 -36.4275 -58.3181 -43.2907 -41.8467 -59.7216 -51.4725 -39.1981 -23.2974 -48.8873 -58.4045 -38.497 -24.2435 -60.6647 -48.8146 -32.4233 -44.3947 -52.7563 -24.3161 -26.7749 -18.663 -11.8545 -25.3991
8450.290039 -36.7814 -58.5295 -43.4451 -42.195 -59.9762 -51.7952 -39.5105 -23.6648 -49.2017 -58.6845 -38.7999 -24.6133 -60.2625 -49.1664 -32.694 -44.6875 -53.0397 -24.7098 -27.0838 -18.9915 -12.5318 -25.7435
8451.294922 -37.1351 -58.7398 -43.5984 -42.5427 -60.2292 -52.1168 -39.8227 -24.0341 -49.5152 -58.9626 -39.1022 -24.9844 -59.8966 -49.5167 -32.965 -44.9793 -53.3217 -25.1056 -27.3943 -19.3172 -13.1551 -26.089
8452.299805 -37.4885 -58.9489 -43.7507 -42.8897 -60.4805 -52.4371 -40.1347 -24.4053 -49.8276 -59.2388 -39.4039 -25.3568 -59.5698 -49.8655 -33.2365 -45.2702 -53.6021 -25.5034 -27.7062 -19.6408 -13.7336 -26.4357
8453.304688 -37.8417 -59.1567 -43.9022 -43.2359 -60.7301 -52.7561 -40.4465 -24.7783 -50.139 -59.5129 -39.705 -25.7304 -59.2827 -50.2128 -33.5084 -45.5601 -53.8811 -25.903 -28.0195 -19.9627 -14.2746 -26.7836
8454.309570 -38.1945 -59.3634 -44.0532 -43.5813 -60.978 -53.0739 -40.7579 -25.153 -50.4493 -59.785 -40.0054 -26.1054 -59.0347 -50.5585 -33.7808 -45.8491 -54.1586 -26.3045 -28.3342 -20.2833 -14.784 -27.1326
8455.315430 -38.5469 -59.5688 -44.2036 -43.926 -61.2242 -53.3904 -41.069 -25.5293 -50.7587 -60.0551 -40.3052 -26.4817 -58.8238 -50.9026 -34.0535 -46.137 -54.4345 -26.7076 -28.6502 -20.603 -15.2667 -27.4828
8456.320312 -38.899 -59.773 -44.3536 -44.2698 -61.4685 -53.7057 -41.3797 -25.9071 -51.067 -60.3231 -40.6043 -26.8593 -58.6473 -51.2452 -34.3267 -46.424 -54.709 -27.1123 -28.9675 -20.9222 -15.7267 -27.834
8457.325195 -39.2506 -59.9759 -44.5033 -44.6128 -61.711 -54.0196 -41.6901 -26.2864 -51.3742 -60.589 -40.9027 -27.2381 -58.5024 -51.5862 -34.6003 -46.71 -54.9819 -27.5185 -29.2861 -21.2411 -16.1673 -28.1862
8458.330078 -39.6017 -60.1775 -44.6528 -44.9549 -61.9516 -54.3322 -42 -26.667 -51.6803 -60.8527 -41.2004 -27.6182 -58.386 -51.9256 -34.8742 -46.9949 -55.2533 -27.9261 -29.6059 -21.56 -16.5914 -28.5394
8459.334961 -39.9524 -60.3778 -44.8021 -45.2961 -62.1904 -54.6435 -42.3096 -27.0489 -51.9854 -61.1143 -41.4974 -27.9995 -58.2952 -52.2633 -35.1486 -47.2788 -55.5231 -28.335 -29.9268 -21.879 -17.0013 -28.8936
8460.339844 -40.3025 -60.5767 -44.9513 -45.6365 -62.4272 -54.9534 -42.6186 -27.432 -52.2894 -61.3737 -41.7936 -28.382 -58.2271 -52.5995 -35.4232 -47.5616 -55.7914 -28.7451 -30.2488 -22.1985 -17.399 -29.2486
8461.344727 -40.6521 -60.7744 -45.1004 -45.9759 -62.662 -55.2619 -42.9271 -27.8162 -52.5923 -61.6308 -42.089 -28.7655 -58.1791 -52.9339 -35.6983 -47.8434 -56.0581 -29.1562 -30.5719 -22.5185 -17.7865 -29.6046
8462.349609 -41.0011 -60.9707 -45.2494 -46.3143 -62.8948 -55.569 -43.2352 -28.2014 -52.8941 -61.8856 -42.3837 -29.1502 -58.1488 -53.2667 -35.9736 -48.1241 -56.3233 -29.5683 -30.896 -22.8392 -18.1651 -29.9613
8463.355469 -41.3494 -61.1656 -45.3983 -46.6518 -63.1256 -55.8747 -43.5427 -28.5874 -53.1948 -62.1382 -42.6775 -29.5358 -58.1342 -53.5978 -36.2492 -48.4037 -56.5868 -29.9813 -31.2211 -23.1607 -18.5362 -30.3188
8464.360352 -41.6971 -61.3592 -45.5472 -46.9883 -63.3543 -56.1789 -43.8496 -28.9743 -53.4943 -62.3884 -42.9705 -29.9224 -58.1333 -53.9273 -36.5251 -48.6823 -56.8488 -30.395 -31.5471 -23.483 -18.901 -30.677
8465.365234 -42.0441 -61.5513 -45.696 -47.3238 -63.5809 -56.4816 -44.1559 -29.362 -53.7927 -62.6362 -43.2627 -30.3099 -58.1444 -54.2549 -36.8012 -48.9597 -57.1091 -30.8094 -31.8739 -23.8064 -19.2604 -31.0358
8466.370117 -42.3903 -61.742 -45.8447 -47.6583 -63.8053 -56.7828 -44.4617 -29.7503 -54.0899 -62.8816 -43.5541 -30.6983 -58.1661 -54.5809 -37.0775 -49.236 -57.3678 -31.2244 -32.2015 -24.1307 -19.6153 -31.3953
8467.375000 -42.7358 -61.9313 -45.9933 -47.9917 -64.0276 -57.0825 -44.7668 -30.1391 -54.3859 -63.1246 -43.8445 -31.0874 -58.1971 -54.9051 -37.354 -49.5112 -57.6248 -31.6398 -32.5299 -24.4561 -19.9665 -31.7553
8468.379883 -43.0805 -62.1192 -46.1418 -48.3242 -64.2477 -57.3806 -45.0712 -30.5284 -54.6808 -63.3652 -44.1341 -31.4772 -58.2362 -55.2275 -37.6307 -49.7852 -57.8802 -32.0555 -32.8589 -24.7826 -20.3147 -32.1157
8469.384766 -43.4245 -62.3055 -46.2901 -48.6555 -64.4655 -57.6771 -45.375 -30.9182 -54.9744 -63.6032 -44.4228 -31.8677 -58.2825 -55.548 -37.9076 -50.0582 -58.1339 -32.4715 -33.1887 -25.1103 -20.6605 -32.4767
8470.389648 -43.7676 -62.4904 -46.4383 -48.9858 -64.6811 -57.9719 -45.6781 -31.3082 -55.2668 -63.8388 -44.7105 -32.2587 -58.3349 -55.8668 -38.1845 -50.3299 -58.3859 -32.8878 -33.519 -25.4391 -21.0043 -32.838
8471.394531 -44.1098 -62.6738 -46.5863 -49.315 -64.8944 -58.265 -45.9804 -31.6986 -55.5579 -64.0718 -44.9973 -32.6503 -58.3929 -56.1837 -38.4615 -50.6006 -58.6362 -33.3041 -33.8499 -25.769 -21.3466 -33.1997
8472.400391 -44.4512 -62.8557 -46.734 -49.6431 -65.1053 -58.5564 -46.2821 -32.089 -55.8478 -64.3022 -45.2832 -33.0424 -58.4557 -56.4987 -38.7386 -50.87 -58.8847 -33.7203 -34.1813 -26.1001 -21.6879 -33.5616
8473.405273 -44.7916 -63.0361 -46.8816 -49.9701 -65.3139 -58.8461 -46.583 -32.4796 -56.1363 -64.53 -45.5681 -33.4348 -58.5227 -56.8117 -39.0156 -51.1383 -59.1315 -34.1366 -34.5131 -26.4323 -22.0283 -33.9238
8474.410156 -45.1312 -63.2149 -47.0288 -50.2959 -65.5202 -59.134 -46.8831 -32.8703 -56.4236 -64.7552 -45.8521 -33.8275 -58.5934 -57.1229 -39.2927 -51.4055 -59.3765 -34.5526 -34.8454 -26.7657 -22.3684 -34.2862
8475.415039 -45.4698 -63.3921 -47.1758 -50.6207 -65.724 -59.42 -47.1825 -33.2609 -56.7095 -64.9778 -46.135 -34.2205 -58.6673 -57.432 -39.5698 -51.6714 -59.6197 -34.9684 -35.178 -27.1001 -22.7082 -34.6488
8476.419922 -45.8074 -63.5678 -47.3224 -50.9443 -65.9255 -59.7042 -47.481 -33.6514 -56.994 -65.1976 -46.417 -34.6138 -58.7442 -57.7392 -39.8467 -51.9362 -59.8612 -35.3839 -35.511 -27.4356 -23.048 -35.0114
8477.424805 -46.1441 -63.7419 -47.4687 -51.2667 -66.1245 -59.9865 -47.7788 -34.0417 -57.2772 -65.4148 -46.6979 -35.0071 -58.8235 -58.0443 -40.1236 -52.1998 -60.1008 -35.799 -35.8442 -27.7721 -23.388 -35.3741
8478.429688 -46.4798 -63.9144 -47.6147 -51.588 -66.321 -60.2668 -48.0757 -34.4318 -57.5589 -65.6293 -46.9778 -35.4006 -58.9049 -58.3474 -40.4003 -52.4621 -60.3385 -36.2137 -36.1777 -28.1097 -23.7284 -35.7368
8479.434570 -46.8144 -64.0853 -47.7603 -51.9081 -66.5151 -60.5451 -48.3718 -34.8217 -57.8392 -65.841 -47.2567 -35.7941 -58.9881 -58.6483 -40.6769 -52.7233 -60.5744 -36.6278 -36.5113 -28.4482 -24.0692 -36.0995
8480.440430 -47.1481 -64.2546 -47.9055 -52.227 -66.7066 -60.8213 -48.667 -35.2112 -58.118 -66.05 -47.5346 -36.1875 -59.0723 -58.9471 -40.9533 -52.9833 -60.8084 -37.0414 -36.8452 -28.7876 -24.4107 -36.4621
8481.445312 -47.4806 -64.4222 -48.0502 -52.5447 -66.8957 -61.0955 -48.9614 -35.6004 -58.3952 -66.2562 -47.8113 -36.5809 -59.1568 -59.2437 -41.2294 -53.242 -61.0404 -37.4543 -37.1791 -29.128 -24.7528 -36.8246
8482.450195 -47.8122 -64.5881 -48.1946 -52.8612 -67.0822 -61.3675 -49.2549 -35.9891 -58.671 -66.4597 -48.0871 -36.9741 -59.2402 -59.5381 -41.5052 -53.4995 -61.2706 -37.8665 -37.5131 -29.4691 -25.0957 -37.1869
8483.455078 -48.1426 -64.7524 -48.3385 -53.1764 -67.2661 -61.6374 -49.5475 -36.3774 -58.9451 -66.6603 -48.3617 -37.3671 -59.3199 -59.8302 -41.7808 -53.7558 -61.4988 -38.2779 -37.8472 -29.8111 -25.4394 -37.549
8484.459961 -48.472 -64.915 -48.482 -53.4904 -67.4474 -61.905 -49.8393 -36.7651 -59.2177 -66.8582 -48.6353 -37.7599 -59.3914 -60.1201 -42.056 -54.0108 -61.725 -38.6885 -38.1813 -30.1538 -25.784 -37.9109
8485.464844 -48.8002 -65.0758 -48.6249 -53.8031 -67.6259 -62.1704 -50.1301 -37.1522 -59.4886 -67.0532 -48.9078 -38.1524 -59.4464 -60.4076 -42.3309 -54.2646 -61.9492 -39.0983 -38.5153 -30.4972 -26.1294 -38.2725
8486.469727 -49.1274 -65.2348 -48.7674 -54.1145 -67.8014 -62.4335 -50.42 -37.5388 -59.7578 -67.2454 -49.1792 -38.5445 -59.4691 -60.6928 -42.6054 -54.5171 -62.1715 -39.5071 -38.8493 -30.8413 -26.4758 -38.6339
8487.474609 -49.4534 -65.3919 -48.9095 -54.4247 -67.9734 -62.6942 -50.7089 -37.9246 -60.0253 -67.4347 -49.4495 -38.9362 -59.4284 -60.9755 -42.8794 -54.7684 -62.3917 -39.915 -39.1832 -31.186 -26.823 -38.9949
8488.480469 -49.7783 -65.5471 -49.051 -54.7335 -68.1411 -62.9525 -50.997 -38.3098 -60.2911 -67.6213 -49.7186 -39.3275 -59.2634 -61.2558 -43.153 -55.0183 -62.6098 -40.3219 -39.5169 -31.5313 -27.1712 -39.3555
8489.485352 -50.102 -65.7002 -49.192 -55.041 -68.3027 -63.2084 -51.2841 -38.6943 -60.555 -67.805 -49.9867 -39.7183 -58.8632 -61.5336 -43.4262 -55.267 -62.8259 -40.7277 -39.8505 -31.8771 -27.5202 -39.7157
8490.490234 -50.4246 -65.8512 -49.3325 -55.3471 -68.4553 -63.4618 -51.5702 -39.078 -60.8172 -67.9858 -50.2536 -40.1086 -58.0596 -61.8089 -43.6988 -55.5144 -63.0399 -41.1324 -40.1839 -32.2233 -27.8701 -40.0755
8491.495117 -50.746 -65.9998 -49.4724 -55.6518 -68.5934 -63.7127 -51.8553 -39.4609 -61.0774 -68.1638 -50.5194 -40.4983 -56.7037 -62.0816 -43.9709 -55.7605 -63.2519 -41.536 -40.5171 -32.57 -28.2209 -40.4348
8492.500000 -51.0663 -66.1459 -49.6119 -55.9551 -68.7081 -63.9609 -52.1395 -39.8429 -61.3358 -68.339 -50.7841 -40.8874 -54.8019 -62.3517 -44.2424 -56.0052 -63.4616 -41.9383 -40.85 -32.9171 -28.5725 -40.7936
8493.504883 -51.3853 -66.2894 -49.7508 -56.257 -68.7856 -64.2066 -52.4227 -40.2241 -61.5922 -68.5113 -51.0477 -41.2758 -52.5599 -62.6191 -44.5133 -56.2487 -63.6693 -42.3394 -41.1825 -33.2645 -28.9249 -41.1519
8494.509766 -51.7032 -66.43 -49.8891 -56.5574 -68.8086 -64.4497 -52.7049 -40.6044 -61.8467 -68.6808 -51.3101 -41.6634 -50.3826 -62.8839 -44.7836 -56.4907 -63.8748 -42.7392 -41.5148 -33.6121 -29.2781 -41.5096
8495.514648 -52.0198 -66.5676 -50.027 -56.8563 -68.7588 -64.69 -52.9861 -40.9838 -62.0991 -68.8475 -51.5713 -42.0503 -48.5616 -63.1459 -45.0533 -56.7315 -64.0781 -43.1377 -41.8467 -33.96 -29.6319 -41.8667
8496.519531 -52.3352 -66.7021 -50.1642 -57.1537 -68.6183 -64.9276 -53.2662 -41.3621 -62.3494 -69.0114 -51.8314 -42.4364 -47.1698 -63.4052 -45.3223 -56.9708 -64.2793 -43.5348 -42.1781 -34.3082 -29.9865 -42.2231
8497.525391 -52.6494 -66.8332 -50.3009 -57.4495 -68.376 -65.1625 -53.5453 -41.7395 -62.5977 -69.1724 -52.0903 -42.8216 -46.1992 -63.6616 -45.5907 -57.2088 -64.4782 -43.9305 -42.5092 -34.6564 -30.3417 -42.5788
8498.530273 -52.9623 -66.9608 -50.4371 -57.7437 -68.0321 -65.3945 -53.8234 -42.1158 -62.8438 -69.3306 -52.3481 -43.2059 -45.5731 -63.9153 -45.8583 -57.4454 -64.6749 -44.3248 -42.8398 -35.0048 -30.6976 -42.9339
8499.535156 -53.2739 -67.0849 -50.5727 -58.0364 -67.5876 -65.6238 -54.1004 -42.491 -63.0878 -69.4861 -52.6047 -43.5893 -45.1947 -64.1661 -46.1251 -57.6806 -64.8694 -44.7177 -43.1698 -35.3533 -31.0539 -43.2882
8500.540039 -53.5843 -67.2053 -50.7078 -58.3273 -67.0277 -65.8501 -54.3763 -42.8651 -63.3295 -69.6388 -52.8601 -43.9717 -44.9931 -64.4139 -46.3912 -57.9143 -65.0617 -45.109 -43.4994 -35.7018 -31.4108 -43.6418
8501.544922 -53.8934 -67.3221 -50.8423 -58.6166 -66.2883 -66.0736 -54.6511 -43.2381 -63.569 -69.7887 -53.1143 -44.3531 -44.9197 -64.6589 -46.6565 -58.1466 -65.2517 -45.4988 -43.8285 -36.0502 -31.7682 -43.9945
8502.549805 -54.2012 -67.4352 -50.9762 -58.9042 -65.1762 -66.2942 -54.9248 -43.6099 -63.8061 -69.9359 -53.3674 -44.7334 -44.9365 -64.9008 -46.9211 -58.3775 -65.4395 -45.8871 -44.1569 -36.3987 -32.1259 -44.3465
8503.554688 -54.5076 -67.5445 -51.1096 -59.19 -63.2452 -66.5118 -55.1974 -43.9805 -64.041 -70.0804 -53.6192 -45.1127 -45.0155 -65.1398 -47.1848 -58.6068 -65.6249 -46.2738 -44.4848 -36.747 -32.4841 -44.6976
8504.559570 -54.8127 -67.6502 -51.2424 -59.4739 -59.5719 -66.7264 -55.4688 -44.3499 -64.2735 -70.2221 -53.8699 -45.4909 -45.1386 -65.3757 -47.4476 -58.8347 -65.8081 -46.6589 -44.812 -37.0953 -32.8425 -45.0478
8505.565430 -55.1164 -67.7523 -51.3746 -59.7561 -52.1344 -66.938 -55.7391 -44.718 -64.5036 -70.3612 -54.1193 -45.8679 -45.2939 -65.6087 -47.7096 -59.0611 -65.9891 -47.0423 -45.1387 -37.4433 -33.2013 -45.3972
8506.570312 -55.4187 -67.8508 -51.5063 -60.0363 -39.2221 -67.1467 -56.0082 -45.0849 -64.7313 -70.4977 -54.3675 -46.2438 -45.4739 -65.8385 -47.9707 -59.286 -66.1677 -47.4241 -45.4646 -37.7912 -33.5603 -45.7456
8507.575195 -55.7197 -67.9458 -51.6374 -60.3147 -26.0051 -67.3523 -56.2762 -45.4505 -64.9565 -70.6314 -54.6145 -46.6184 -45.6741 -66.0652 -48.231 -59.5093 -66.344 -47.8043 -45.7899 -38.1389 -33.9194 -46.0932
8508.580078 -56.0191 -68.0374 -51.7679 -60.591 -23.3582 -67.5548 -56.5429 -45.8148 -65.1792 -70.7626 -54.8603 -46.9918 -45.8914 -66.2888 -48.4903 -59.7311 -66.518 -48.1827 -46.1144 -38.4863 -34.2787 -46.4397
8509.584961 -56.3172 -68.1257 -51.8979 -60.8654 -23.6269 -67.7543 -56.8083 -46.1777 -65.3994 -70.8912 -55.1048 -47.364 -46.1234 -66.5093 -48.7486 -59.9514 -66.6898 -48.5595 -46.4382 -38.8335 -34.6381 -46.7853
8510.589844 -56.6137 -68.2107 -52.0273 -61.1377 -23.5771 -67.9508 -57.0725 -46.5392 -65.617 -71.0172 -55.3481 -47.7349 -46.3681 -66.7266 -49.0061 -60.17 -66.8592 -48.9345 -46.7613 -39.1803 -34.9975 -47.13
8511.594727 -56.9087 -68.2925 -52.1562 -61.4079 -23.7653 -68.1441 -57.3354 -46.8994 -65.832 -71.1404 -55.5901 -48.1045 -46.6235 -66.9408 -49.2626 -60.387 -67.0262 -49.3078 -47.0836 -39.5267 -35.357 -47.4736
8512.599609 -57.2022 -68.3712 -52.2845 -61.6759 -23.9837 -68.3343 -57.597 -47.2582 -66.0445 -71.2602 -55.8308 -48.4727 -46.8877 -67.1518 -49.518 -60.6024 -67.191 -49.6793 -47.4052 -39.8728 -35.7164 -47.8161
8513.605469 -57.4941 -68.4467 -52.4122 -61.9418 -24.2427 -68.5215 -57.8573 -47.6156 -66.2543 -71.3736 -56.0703 -48.8397 -47.1588 -67.3595 -49.7725 -60.8162 -67.3535 -50.049 -47.7259 -40.2185 -36.0758 -48.1577
8514.610352 -57.7845 -68.5191 -52.5394 -62.2055 -24.4849 -68.7055 -58.1162 -47.9716 -66.4614 -71.469 -56.3085 -49.2052 -47.4352 -67.5641 -50.0261 -61.0283 -67.5136 -50.417 -48.0459 -40.5638 -36.435 -48.4982
8515.615234 -58.0731 -68.5884 -52.666 -62.4669 -24.7477 -68.8865 -58.3738 -48.3261 -66.6659 -71.5142 -56.5454 -49.5694 -47.7155 -67.7655 -50.2785 -61.2387 -67.6715 -50.7831 -48.365 -40.9086 -36.7941 -48.8376
8516.620117 -58.3602 -68.6546 -52.7921 -62.7259 -25.0376 -69.0643 -58.6299 -48.6792 -66.8676 -71.4382 -56.7809 -49.9321 -47.9983 -67.9636 -50.53 -61.4474 -67.827 -51.1475 -48.6832 -41.2529 -37.153 -49.1759
8517.625000 -58.6455 -68.7176 -52.9176 -62.9826 -25.3507 -69.2391 -58.8846 -49.0307 -67.0667 -70.996 -57.0152 -50.2934 -48.2827 -68.1586 -50.7804 -61.6545 -67.9802 -51.51 -49.0006 -41.5966 -37.5116 -49.5131
8518.629883 -58.9291 -68.7776 -53.0425 -63.2369 -25.6757 -69.4108 -59.1379 -49.3808 -67.263 -69.054 -57.2481 -50.6533 -48.5678 -68.3503 -51.0298 -61.8598 -68.1311 -51.8706 -49.3171 -41.9398 -37.87 -49.8493
8519.634766 -59.2109 -68.8344 -53.1669 -63.4888 -26.0036 -69.5794 -59.3896 -49.7295 -67.4566 -60.4875 -57.4796 -51.0117 -48.853 -68.5388 -51.278 -62.0633 -68.2798 -52.2294 -49.6328 -42.2824 -38.2281 -50.1842
8520.639648 -59.4909 -68.8883 -53.2907 -63.7381 -26.3307 -69.7449 -59.6399 -50.0765 -67.6473 -25.6829 -57.7098 -51.3686 -49.1378 -68.724 -51.5252 -62.2651 -68.4261 -52.5863 -49.9475 -42.6243 -38.5859 -50.5181
8521.644531 -59.7691 -68.9392 -53.414 -63.985 -26.6557 -69.9073 -59.8886 -50.4221 -67.8354 -16.5417 -57.9386 -51.724 -49.4217 -68.9061 -51.7713 -62.4651 -68.5702 -52.9413 -50.2614 -42.9657 -38.9433 -50.8508
8522.650391 -60.0454 -68.9873 -53.5367 -64.2293 -26.9786 -70.0667 -60.1357 -50.7661 -68.0206 -11.2619 -58.1661 -52.0779 -49.7045 -69.0849 -52.0163 -62.6633 -68.712 -53.2944 -50.5743 -43.3063 -39.3003 -51.1823
8523.655273 -60.3197 -69.0328 -53.6589 -64.4709 -27.2996 -70.2231 -60.3812 -51.1086 -68.203 -11.9955 -58.3921 -52.4302 -49.986 -69.2606 -52.2602 -62.8597 -68.8515 -53.6455 -50.8862 -43.6462 -39.6569 -51.5127
8524.660156 -60.5921 -69.0757 -53.7805 -64.71 -27.6187 -70.3765 -60.625 -51.4495 -68.3827 -12.6218 -58.6167 -52.781 -50.266 -69.4331 -52.503 -63.0543 -68.9888 -53.9947 -51.1973 -43.9854 -40.0131 -51.8418
8525.665039 -60.8625 -69.1163 -53.9016 -64.9463 -27.9357 -70.5268 -60.8672 -51.7889 -68.5595 -13.4781 -58.8399 -53.1301 -50.5443 -69.6024 -52.7446 -63.247 -69.1239 -54.3419 -51.5073 -44.3239 -40.3687 -52.1698
8526.669922 -61.1309 -69.1548 -54.0222 -65.18 -28.2503 -70.6742 -61.1077 -52.1266 -68.7335 -14.3385 -59.0616 -53.4777 -50.8209 -69.7686 -52.985 -63.4379 -69.2567 -54.6872 -51.8164 -44.6616 -40.7238 -52.4965
8527.674805 -61.3972 -69.1914 -54.1422 -65.4108 -28.5625 -70.8186 -61.3465 -52.4628 -68.9048 -15.1493 -59.2818 -53.8236 -51.0957 -69.9316 -53.2243 -63.6268 -69.3873 -55.0304 -52.1245 -44.9985 -41.0784 -52.822
8528.679688 -61.6614 -69.2262 -54.2616 -65.6389 -28.8723 -70.9601 -61.5835 -52.7973 -69.0732 -15.9017 -59.5006 -54.1678 -51.3687 -70.0915 -53.4624 -63.8139 -69.5158 -55.3715 -52.4316 -45.3346 -41.4324 -53.1462
8529.684570 -61.9233 -69.2596 -54.3805 -65.8642 -29.1798 -71.0987 -61.8187 -53.1302 -69.2388 -16.5993 -59.7178 -54.5103 -51.6399 -70.2483 -53.6994 -63.9991 -69.642 -55.7106 -52.7377 -45.6699 -41.7858 -53.4692
8530.690430 -62.1831 -69.2915 -54.4989 -66.0867 -29.485 -71.2344 -62.052 -53.4615 -69.4016 -17.2496 -59.9336 -54.8511 -51.9092 -70.402 -53.9351 -64.1824 -69.7661 -56.0476 -53.0428 -46.0043 -42.1385 -53.7908
8531.695312 -62.4407 -69.3221 -54.6167 -66.3062 -29.7881 -71.3673 -62.2836 -53.7911 -69.5616 -17.859 -60.1478 -55.1901 -52.1766 -70.5527 -54.1696 -64.3638 -69.888 -56.3825 -53.3468 -46.3378 -42.4905 -54.1112
8532.700195 -62.696 -69.3517 -54.734 -66.5229 -30.0893 -71.4974 -62.5132 -54.119 -69.7188 -18.4334 -60.3605 -55.5274 -52.4421 -70.7003 -54.4028 -64.5432 -70.0076 -56.7152 -53.6497 -46.6705 -42.8418 -54.4302
8533.705078 -62.9489 -69.3802 -54.8507 -66.7366 -30.3885 -71.6246 -62.7409 -54.4452 -69.8733 -18.9776 -60.5716 -55.8628 -52.7058 -70.8449 -54.6348 -64.7206 -70.125 -57.0457 -53.9515 -47.0022 -43.1924 -54.7478
8534.709961 -63.1995 -69.4076 -54.967 -66.9474 -30.6861 -71.7491 -62.9666 -54.7697 -70.025 -19.4954 -60.7811 -56.1964 -52.9676 -70.9866 -54.8656 -64.8961 -70.2399 -57.374 -54.2523 -47.333 -43.5422 -55.0641
8535.714844 -63.4476 -69.434 -55.0826 -67.1553 -30.9821 -71.8709 -63.1904 -55.0924 -70.1739 -19.9895 -60.989 -56.5281 -53.2275 -71.1253 -55.0951 -65.0696 -70.3518 -57.7001 -54.5519 -47.6629 -43.8912 -55.379
8536.719727 -63.6933 -69.4592 -55.1978 -67.3601 -31.2766 -71.99 -63.4121 -55.4134 -70.3201 -20.4627 -61.1953 -56.8578 -53.4856 -71.2611 -55.3233 -65.2411 -70.4594 -58.0239 -54.8504 -47.9918 -44.2394 -55.6924
8537.724609 -63.9366 -69.4825 -55.3124 -67.562 -31.5699 -72.1065 -63.6318 -55.7325 -70.4635 -20.9176 -61.3999 -57.1856 -53.7418 -71.394 -55.5502 -65.4107 -70.5597 -58.3453 -55.1478 -48.3198 -44.5868 -56.0044
8538.730469 -64.1773 -69.5007 -55.4265 -67.7608 -31.8619 -72.2203 -63.8495 -56.0499 -70.6041 -21.3565 -61.6029 -57.5114 -53.9962 -71.5241 -55.7758 -65.5782 -70.646 -58.6644 -55.4439 -48.6468 -44.9333 -56.3148
8539.735352 -64.4154 -69.5 -55.54 -67.9566 -32.1527 -72.3315 -64.065 -56.3654 -70.7419 -21.7817 -61.8042 -57.8351 -54.2488 -71.6514 -56.0001 -65.7438 -70.701 -58.981 -55.7388 -48.9728 -45.279 -56.6238
8540.740234 -64.651 -69.4138 -55.653 -68.1494 -32.4426 -72.4402 -64.2784 -56.679 -70.8766 -22.195 -62.0038 -58.1567 -54.4995 -71.7758 -56.223 -65.9073 -70.6687 -59.2953 -56.0325 -49.2977 -45.6237 -56.9312
8541.745117 -64.8839 -68.8468 -55.7655 -68.3391 -32.7314 -72.5464 -64.4896 -56.9907 -71.0073 -22.598 -62.2017 -58.4762 -54.7485 -71.8976 -56.4446 -66.0688 -70.3726 -59.607 -56.325 -49.6217 -45.9675 -57.237
8542.750000 -65.1142 -65.8912 -55.8775 -68.5257 -33.0193 -72.6501 -64.6987 -57.3005 -71.1313 -22.9922 -62.3979 -58.7935 -54.9957 -72.0166 -56.6647 -66.2282 -69.3814 -59.9163 -56.6161 -49.9446 -46.3103 -57.5412
8543.754883 -65.3418 -54.1057 -55.9889 -68.7094 -33.3062 -72.7513 -64.9055 -57.6084 -71.24 -23.3788 -62.5923 -59.1085 -55.241 -72.1329 -56.8835 -66.3857 -66.7292 -60.223 -56.906 -50.2665 -46.6522 -57.8437
8544.759766 -65.5667 -13.4995 -56.0998 -68.8899 -33.5923 -72.8499 -65.1101 -57.9142 -71.3076 -23.7589 -62.785 -59.4213 -55.4846 -72.2467 -57.1009 -66.5411 -60.804 -60.527 -57.1945 -50.5874 -46.9932 -58.1446
8545.764648 -65.7888 -10.087 -56.2102 -69.0674 -33.8775 -72.9455 -65.3125 -58.218 -71.252 -24.1332 -62.9759 -59.7317 -55.7264 -72.3578 -57.3169 -66.6945 -46.3131 -60.8284 -57.4816 -50.9072 -47.3331 -58.4437
8546.769531 -66.0081 -10.7982 -56.32 -69.2419 -34.1618 -73.0361 -65.5126 -58.5197 -70.8076 -24.5026 -63.165 -60.0398 -55.9665 -72.4663 -57.5314 -66.8458 -11.5235 -61.1272 -57.7673 -51.2259 -47.672 -58.741
8547.775391 -66.2247 -11.7247 -56.4293 -69.4132 -34.4453 -73.1134 -65.7103 -58.8193 -69.0133 -24.8677 -63.3523 -60.3454 -56.2048 -72.5724 -57.7445 -66.9951 -10.3878 -61.4232 -58.0515 -51.5435 -48.0099 -59.0365
8548.780273 -66.4384 -12.9608 -56.5381 -69.5816 -34.7279 -73.131 -65.9058 -59.1168 -63.1854 -25.2291 -63.5378 -60.6485 -56.4413 -72.676 -57.9561 -67.1424 -12.134 -61.7164 -58.3343 -51.86 -48.3467 -59.3301
8549.785156 -66.6492 -14.2013 -56.6464 -69.7469 -35.0097 -72.799 -66.0989 -59.4121 -42.243 -25.5873 -63.7215 -60.9491 -56.6761 -72.7771 -58.1662 -67.2876 -13.4871 -62.0068 -58.6156 -52.1754 -48.6825 -59.6218
8550.790039 -66.8572 -15.3619 -56.7541 -69.9092 -35.2907 -70.1975 -66.2896 -59.7052 -18.0825 -25.9427 -63.9033 -61.2471 -56.9091 -72.8758 -58.3748 -67.4308 -14.6487 -62.2943 -58.8953 -52.4897 -49.0172 -59.9116
8551.794922 -67.0623 -16.4142 -56.8613 -70.0685 -35.5708 -53.3296 -66.478 -59.996 -13.6346 -26.2958 -64.0832 -61.5424 -57.1404 -72.9722 -58.5819 -67.572 -15.6718 -62.5789 -59.1734 -52.8028 -49.3508 -60.1994
8552.799805 -67.2645 -17.3536 -56.968 -70.2248 -35.8501 -2.11437 -66.664 -60.2845 -13.7369 -26.6468 -64.2612 -61.8351 -57.3699 -73.0663 -58.7875 -67.7111 -16.5959 -62.8606 -59.4499 -53.1148 -49.6834 -60.4851
8553.804688 -67.4638 -18.1998 -57.0742 -70.3781 -36.1286 -4.39482 -66.8475 -60.5706 -14.3595 -26.9961 -64.4374 -62.125 -57.5977 -73.1581 -58.9915 -67.8482 -17.4322 -63.1393 -59.7248 -53.4256 -50.0148 -60.7688
8554.809570 -67.6601 -18.9797 -57.1798 -70.5284 -36.4063 -5.73044 -67.0287 -60.8544 -14.999 -27.3438 -64.6116 -62.4121 -57.8236 -73.2477 -59.1939 -67.9833 -18.1877 -63.4149 -59.9979 -53.7352 -50.3451 -61.0503
8555.815430 -67.8535 -19.7097 -57.2849 -70.6758 -36.6832 -7.21162 -67.2074 -61.1357 -15.6324 -27.6903 -64.7839 -62.6963 -58.0478 -73.3351 -59.3947 -68.1163 -18.8751 -63.6875 -60.2693 -54.0436 -50.6743 -61.3296
8556.820312 -68.0439 -20.398 -57.3895 -70.8203 -36.9592 -8.13548 -67.3837 -61.4146 -16.2694 -28.0358 -64.9543 -62.9776 -58.2699 -73.4203 -59.594 -68.2474 -19.5069 -63.9569 -60.5389 -54.3508 -51.0024 -61.6067
8557.825195 -68.2314 -21.0505 -57.4935 -70.9618 -37.2345 -8.89486 -67.5575 -61.691 -16.8817 -28.3803 -65.1228 -63.256 -58.4896 -73.5031 -59.7916 -68.3765 -20.0935 -64.2232 -60.8066 -54.6568 -51.3293 -61.8815
8558.830078 -68.4159 -21.6725 -57.597 -71.1005 -37.509 -9.76974 -67.7289 -61.9648 -17.46 -28.7241 -65.2893 -63.5314 -58.7063 -73.5815 -59.9875 -68.5035 -20.6432 -64.4863 -61.0725 -54.9615 -51.655 -62.1539
8559.834961 -68.5974 -22.2691 -57.7 -71.2364 -37.7827 -10.7049 -67.8978 -62.236 -18.0068 -29.0673 -65.4539 -63.8037 -58.9189 -73.6394 -60.1819 -68.6286 -21.162 -64.7462 -61.3365 -55.2649 -51.9796 -62.424
8560.839844 -68.776 -22.8449 -57.8025 -71.3694 -38.0556 -11.6245 -68.0642 -62.5045 -18.5259 -29.4099 -65.6165 -64.0729 -59.1258 -73.5474 -60.3745 -68.7517 -21.6549 -65.0028 -61.5985 -55.567 -52.3029 -62.6916
8561.844727 -68.9516 -23.4032 -57.9045 -71.4996 -38.3277 -12.4913 -68.2281 -62.7704 -19.0202 -29.7522 -65.7771 -64.339 -59.3249 -72.3303 -60.5655 -68.8729 -22.1257 -65.2562 -61.8585 -55.8677 -52.6251 -62.9568
8562.849609 -69.1242 -23.9464 -58.0059 -71.6271 -38.599 -13.2948 -68.3896 -63.0336 -19.492 -30.0941 -65.9358 -64.6018 -59.5137 -63.2336 -60.7547 -68.9921 -22.5777 -65.5062 -62.1164 -56.1671 -52.946 -63.2194
8563.855469 -69.2938 -24.4765 -58.1068 -71.7518 -38.8696 -14.037 -68.5486 -63.294 -19.9431 -30.4357 -66.0924 -64.8615 -59.6899 -14.3948 -60.9422 -69.1093 -23.0137 -65.7529 -62.3723 -56.4652 -53.2657 -63.4795
8564.860352 -69.4605 -24.9946 -58.2071 -71.8738 -39.1394 -14.7243 -68.7052 -63.5516 -20.3755 -30.7772 -66.2471 -65.1178 -59.8515 -3.07949 -61.1281 -69.2245 -23.436 -65.9961 -62.626 -56.7618 -53.5841 -63.7369
8565.865234 -69.6243 -25.5017 -58.3069 -71.9932 -39.4084 -15.3641 -68.8592 -63.8063 -20.7912 -31.1184 -66.3998 -65.3709 -59.9972 -5.32946 -61.3121 -69.3376 -23.8465 -66.236 -62.8776 -57.057 -53.9013 -63.9917
8566.870117 -69.7851 -25.9987 -58.4062 -72.1099 -39.6767 -15.9631 -69.0108 -64.0582 -21.1922 -31.4596 -66.5505 -65.6206 -60.1266 -6.70607 -61.4944 -69.4481 -24.2468 -66.4725 -63.1269 -57.3507 -54.2172 -64.2437
8567.875000 -69.943 -26.4862 -58.505 -72.224 -39.9441 -16.5276 -69.1599 -64.3071 -21.5802 -31.8006 -66.6991 -65.8669 -60.24 -8.00267 -61.6749 -69.5545 -24.6383 -66.7055 -63.374 -57.6429 -54.5317 -64.493
8568.879883 -70.0979 -26.9647 -58.6032 -72.3355 -40.2108 -17.0624 -69.3066 -64.5532 -21.9568 -32.1416 -66.8458 -66.1097 -60.3383 -9.23319 -61.8537 -69.653 -25.0221 -66.9351 -63.6187 -57.9335 -54.845 -64.7395
8569.884766 -70.25 -27.4349 -58.7009 -72.4445 -40.4768 -17.5718 -69.4508 -64.7962 -22.3235 -32.4825 -66.9905 -66.3492 -60.4229 -10.3733 -62.0306 -69.7338 -25.3991 -67.1611 -63.8611 -58.2226 -55.1569 -64.9831
8570.889648 -70.3992 -27.8972 -58.798 -72.5511 -40.7419 -18.0594 -69.5926 -65.0362 -22.6814 -32.8233 -67.1332 -66.5851 -60.4952 -11.3937 -62.2057 -69.7711 -25.7701 -67.3837 -64.1012 -58.5101 -55.4674 -65.2239
8571.894531 -70.5455 -28.3521 -58.8947 -72.6551 -41.0063 -18.5283 -69.7319 -65.2731 -23.0316 -33.164 -67.2739 -66.8176 -60.5569 -12.3033 -62.379 -69.6957 -26.1357 -67.6027 -64.3388 -58.796 -55.7765 -65.4617
8572.900391 -70.689 -28.8 -58.9907 -72.7568 -41.27 -18.9809 -69.8689 -65.507 -23.375 -33.5047 -67.4126 -67.0465 -60.6099 -13.1209 -62.5505 -69.3108 -26.4967 -67.8183 -64.5739 -59.0802 -56.0842 -65.6966
8573.905273 -70.8297 -29.2411 -59.0863 -72.856 -41.5328 -19.4194 -70.0034 -65.7378 -23.7125 -33.8454 -67.5493 -67.2719 -60.6557 -13.8631 -62.7201 -67.9949 -26.8535 -68.0303 -64.8065 -59.3626 -56.3904 -65.9285
8574.910156 -70.9675 -29.6757 -59.1813 -72.953 -41.7949 -19.8458 -70.1355 -65.9655 -24.0448 -34.1859 -67.684 -67.4937 -60.6958 -14.5431 -62.8878 -64.0269 -27.2065 -68.2388 -65.0366 -59.6433 -56.6951 -66.1573
8575.915039 -71.1026 -30.1041 -59.2757 -73.0476 -42.0562 -20.2616 -70.2653 -66.19 -24.3725 -34.5264 -67.8167 -67.712 -60.7315 -15.1716 -63.0537 -53.9666 -27.5563 -68.4438 -65.2641 -59.9222 -56.9983 -66.3831
8576.919922 -71.235 -30.5264 -59.3697 -73.14 -42.3168 -20.6683 -70.3927 -66.4113 -24.6961 -34.8668 -67.9474 -67.9266 -60.764 -15.7571 -63.2177 -14.21 -27.9031 -68.6452 -65.489 -60.1993 -57.3 -66.6059
8577.924805 -71.3646 -30.9428 -59.463 -73.2301 -42.5765 -21.067 -70.5177 -66.6294 -25.0162 -35.207 -68.0761 -68.1377 -60.7942 -16.3068 -63.3799 -11.1303 -28.2473 -68.8431 -65.7113 -60.4745 -57.6001 -66.8255
8578.929688 -71.4915 -31.3535 -59.5559 -73.3181 -42.8356 -21.4588 -70.6404 -66.8443 -25.3331 -35.5471 -68.2029 -68.3451 -60.8231 -16.8265 -63.5401 -13.2641 -28.5892 -69.0375 -65.9309 -60.7477 -57.8986 -67.0419
8579.934570 -71.6158 -31.7586 -59.6482 -73.4039 -43.0938 -21.8447 -70.7609 -67.056 -25.6474 -35.8871 -68.3277 -68.549 -60.8512 -17.321 -63.6985 -15.6963 -28.929 -69.2284 -66.1478 -61.019 -58.1954 -67.2553
8580.940430 -71.7374 -32.1583 -59.7399 -73.4876 -43.3513 -22.2255 -70.879 -67.2645 -25.9592 -36.2268 -68.4503 -68.7492 -60.8793 -17.7943 -63.8549 -17.4131 -29.2669 -69.4157 -66.3619 -61.2883 -58.4905 -67.4654
8581.945312 -71.8564 -32.5527 -59.8311 -73.5692 -43.608 -22.6019 -70.9948 -67.4697 -26.2689 -36.5664 -68.5707 -68.9459 -60.9079 -18.2495 -64.0095 -18.6167 -29.6032 -69.5996 -66.5733 -61.5555 -58.7839 -67.6723
8582.950195 -71.9729 -32.9419 -59.9217 -73.6488 -43.864 -22.9744 -71.1085 -67.6716 -26.5768 -36.9057 -68.6881 -69.1389 -60.9375 -18.6895 -64.1621 -19.5505 -29.9379 -69.78 -66.782 -61.8206 -59.0755 -67.8761
8583.955078 -72.0868 -33.326 -60.0118 -73.7264 -44.1192 -23.3438 -71.2198 -67.8703 -26.8831 -37.2448 -68.8014 -69.3284 -60.9683 -19.1165 -64.3128 -20.3386 -30.2713 -69.9569 -66.9878 -62.0836 -59.3653 -68.0766
8584.959961 -72.1982 -33.7053 -60.1014 -73.8021 -44.3737 -23.7103 -71.329 -68.0657 -27.188 -37.5836 -68.9081 -69.5143 -61.0008 -19.5325 -64.4616 -21.0369 -30.6035 -70.1304 -67.1908 -62.3444 -59.6533 -68.2739
8585.964844 -72.3072 -34.0797 -60.1904 -73.8759 -44.6274 -24.0745 -71.4361 -68.2578 -27.4916 -37.9221 -69.0042 -69.6966 -61.0352 -19.9393 -64.6085 -21.6702 -30.9345 -70.3005 -67.3909 -62.603 -59.9393 -68.4679
8586.969727 -72.4137 -34.4495 -60.2788 -73.9478 -44.8804 -24.4366 -71.5409 -68.4466 -27.7943 -38.2603 -69.0838 -69.8753 -61.0717 -20.3381 -64.7535 -22.2528 -31.2645 -70.4671 -67.5882 -62.8593 -60.2235 -68.6587
8587.974609 -72.5178 -34.8148 -60.3667 -74.0179 -45.1326 -24.7971 -71.6436 -68.6322 -28.096 -38.5981 -69.1406 -70.0506 -61.1105 -20.7303 -64.8965 -22.7945 -31.5936 -70.6304 -67.7826 -63.1133 -60.5056 -68.8462
8588.980469 -72.6195 -35.1756 -60.454 -74.0862 -45.3841 -25.1562 -71.7441 -68.8145 -28.3969 -38.9355 -69.1693 -70.2223 -61.1516 -21.1169 -65.0376 -23.3024 -31.9217 -70.7903 -67.9741 -63.3649 -60.7857 -69.0305
8589.985352 -72.7189 -35.5321 -60.5407 -74.1527 -45.6348 -25.514 -71.8422 -68.9935 -28.6971 -39.2726 -69.167 -70.3905 -61.1953 -21.4989 -65.1768 -23.7817 -32.249 -70.947 -68.1627 -63.6141 -61.0637 -69.2115
8590.990234 -72.8161 -35.8843 -60.6269 -74.2176 -45.8848 -25.871 -71.9371 -69.1693 -28.9968 -39.6092 -69.1331 -70.5552 -61.2414 -21.877 -65.3141 -24.2361 -32.5755 -71.1003 -68.3485 -63.8609 -61.3396 -69.3893
8591.995117 -72.9109 -36.2324 -60.7125 -74.2807 -46.1341 -26.2271 -72.0253 -69.3419 -29.296 -39.9454 -69.0683 -70.7166 -61.2902 -22.2519 -65.4495 -24.6685 -32.9013 -71.2504 -68.5313 -64.1051 -61.6133 -69.5639
8593.000000 -73.0036 -36.5765 -60.7976 -74.3422 -46.3827 -26.5825 -72.0924 -69.5112 -29.5948 -40.281 -68.9713 -70.8745 -61.3416 -22.6242 -65.583 -25.0816 -33.2264 -71.3972 -68.7111 -64.3469 -61.8848 -69.7352
8594.004883 -73.0941 -36.9167 -60.8821 -74.4021 -46.6305 -26.9374 -72.0709 -69.6773 -29.8932 -40.6162 -68.8335 -71.029 -61.3956 -22.9945 -65.7145 -25.4778 -33.5508 -71.5409 -68.8881 -64.5861 -62.154 -69.9033
8595.009766 -73.1824 -37.2531 -60.966 -74.4605 -46.8777 -27.292 -71.6337 -69.8402 -30.1914 -40.9508 -68.6275 -71.1802 -61.4521 -23.363 -65.8442 -25.8592 -33.8745 -71.6814 -69.0621 -64.8227 -62.4209 -70.0682
8596.014648 -73.2686 -37.5858 -61.0493 -74.5173 -47.1241 -27.6461 -69.2168 -69.9999 -30.4893 -41.2848 -68.2973 -71.3281 -61.5112 -23.7303 -65.9719 -26.2276 -34.1976 -71.8188 -69.2332 -65.0566 -62.6855 -70.2299
8597.019531 -73.3528 -37.9148 -61.132 -74.5726 -47.3699 -28.0001 -61.6399 -70.1565 -30.7871 -41.6182 -67.7697 -71.4727 -61.5728 -24.0966 -66.0978 -26.5847 -34.52 -71.9531 -69.4014 -65.2878 -62.9476 -70.3884
8598.025391 -73.4349 -38.2402 -61.2141 -74.6265 -47.6149 -28.3538 -37.9529 -70.3099 -31.0846 -41.9509 -66.9835 -71.614 -61.6368 -24.4622 -66.2218 -26.9318 -34.8419 -72.0843 -69.5667 -65.5164 -63.2073 -70.5437
8599.030273 -73.5151 -38.5623 -61.2956 -74.6787 -47.8593 -28.7074 -4.90538 -70.4602 -31.3821 -42.283 -65.8763 -71.7522 -61.7032 -24.8273 -66.3439 -27.2701 -35.1631 -72.2126 -69.729 -65.7422 -63.4644 -70.696
8600.035156 -73.5933 -38.8809 -61.3764 -74.728 -48.103 -29.0608 -5.84162 -70.6075 -31.6795 -42.6144 -64.2892 -71.8872 -61.7719 -25.1922 -66.4641 -27.6008 -35.4837 -72.3379 -69.8885 -65.9652 -63.7191 -70.8451
8601.040039 -73.6696 -39.1963 -61.4567 -74.7594 -48.346 -29.4142 -7.4995 -70.7516 -31.9768 -42.9451 -61.6565 -72.0191 -61.8429 -25.5569 -66.5825 -27.9248 -35.8037 -72.4604 -70.0451 -66.1854 -63.9711 -70.9911
8602.044922 -73.744 -39.5085 -61.5362 -74.6207 -48.5883 -29.7675 -9.03943 -70.8928 -32.274 -43.2751 -55.2576 -72.148 -61.916 -25.9217 -66.6991 -28.243 -36.1231 -72.5799 -70.1988 -66.4028 -64.2205 -71.1341
8603.049805 -73.8166 -39.8176 -61.615 -72.6422 -48.83 -30.1208 -10.4177 -71.0309 -32.5712 -43.6042 -27.1331 -72.2738 -61.9912 -26.2867 -66.8138 -28.556 -36.4419 -72.6966 -70.3496 -66.6173 -64.4672 -71.274
8604.054688 -73.8873 -40.1237 -61.6931 -50.0938 -49.071 -30.474 -11.6253 -71.1661 -32.8684 -43.9326 -5.25256 -72.3966 -62.0683 -26.6519 -66.9266 -28.8645 -36.76 -72.8106 -70.4976 -66.8289 -64.7112 -71.411
8605.059570 -73.9563 -40.4268 -61.7703 4.14234 -49.3114 -30.8272 -12.6724 -71.2984 -33.1656 -44.2602 -8.82186 -72.5165 -62.1474 -27.0174 -67.0377 -29.169 -37.0775 -72.9218 -70.6428 -67.0377 -64.9524 -71.5449
8606.065430 -74.0236 -40.7271 -61.8467 4.03334 -49.5512 -31.1804 -13.587 -71.4277 -33.4627 -44.5869 -11.8731 -72.6335 -62.2284 -27.3832 -67.1469 -29.4701 -37.3944 -73.0303 -70.7851 -67.2434 -65.1908 -71.676
8607.070312 -74.0892 -41.0245 -61.922 1.99434 -49.7902 -31.5334 -14.397 -71.5542 -33.7599 -44.9127 -14.176 -72.7477 -62.311 -27.7495 -67.2544 -29.7682 -37.7107 -73.1362 -70.9247 -67.4463 -65.4264 -71.8041
8608.075195 -74.1531 -41.3192 -61.9963 -0.586778 -50.0287 -31.8864 -15.1244 -71.6779 -34.0571 -45.2377 -15.9717 -72.859 -62.3953 -28.1163 -67.3601 -30.0636 -38.0262 -73.2394 -71.0614 -67.6462 -65.6591 -71.9294
8609.080078 -74.2155 -41.6112 -62.0693 -3.01235 -50.2666 -32.2394 -15.7864 -71.7987 -34.3542 -45.5618 -17.4363 -72.9677 -62.4812 -28.4835 -67.464 -30.3566 -38.3412 -73.3402 -71.1955 -67.843 -65.8889 -72.0518
8610.084961 -74.2762 -41.9006 -62.1408 -5.05655 -50.5038 -32.5922 -16.3961 -71.9169 -34.6514 -45.8849 -18.6766 -73.0736 -62.5686 -28.8512 -67.566 -30.6476 -38.6554 -73.4384 -71.3268 -68.0369 -66.1158 -72.1714
8611.089844 -74.3354 -42.1875 -62.2108 -6.74246 -50.7404 -32.9449 -16.963 -72.0323 -34.9486 -46.2072 -19.7569 -73.1769 -62.6574 -29.2193 -67.6658 -30.9367 -38.9689 -73.5342 -71.4554 -68.2278 -66.3396 -72.2883
8612.094727 -74.393 -42.4719 -62.2791 -8.13758 -50.9764 -33.2975 -17.4945 -72.145 -35.2457 -46.5284 -20.7173 -73.2776 -62.7476 -29.588 -67.7613 -31.2242 -39.2818 -73.6276 -71.5814 -68.4157 -66.5605 -72.4024
8613.099609 -74.4492 -42.7539 -62.3455 -9.30771 -51.2118 -33.6499 -17.9961 -72.2551 -35.5429 -46.8487 -21.584 -73.3758 -62.8389 -29.957 -67.8438 -31.5103 -39.5939 -73.7186 -71.7047 -68.6006 -66.7783 -72.5139
8614.105469 -74.504 -43.0336 -62.4098 -10.3064 -51.4465 -34.0021 -18.472 -72.3626 -35.84 -47.168 -22.3753 -73.4714 -62.9315 -30.3265 -67.8788 -31.795 -39.9053 -73.8073 -71.8254 -68.7824 -66.9931 -72.6227
8615.110352 -74.5573 -43.3109 -62.4719 -11.1742 -51.6807 -34.3542 -18.9258 -72.4676 -36.1371 -47.4862 -23.1042 -73.5646 -63.0252 -30.6964 -67.7509 -32.0787 -40.2159 -73.8937 -71.9435 -68.9613 -67.2048 -72.729
8616.115234 -74.6092 -43.586 -62.5316 -11.9409 -51.9143 -34.706 -19.3602 -72.57 -36.4341 -47.8035 -23.7806 -73.6555 -63.1199 -31.0667 -67.1735 -32.3614 -40.5258 -73.9779 -72.0591 -69.137 -67.4135 -72.8327
8617.120117 -74.6598 -43.859 -62.5889 -12.6285 -52.1473 -35.0575 -19.7777 -72.67 -36.7312 -48.1197 -24.4122 -73.7439 -63.2156 -31.4373 -65.5486 -32.6431 -40.8349 -74.06 -72.1722 -69.3098 -67.6189 -72.9338
8618.125000 -74.7091 -44.1298 -62.6435 -13.2531 -52.3797 -35.4088 -20.1803 -72.7676 -37.0281 -48.4349 -25.0052 -73.8301 -63.3122 -31.8082 -61.8878 -32.9241 -41.1431 -74.1399 -72.2828 -69.4796 -67.8213 -73.0319
8619.129883 -74.7571 -44.3985 -62.6955 -13.8269 -52.6115 -35.7597 -20.5701 -72.8628 -37.325 -48.749 -25.5646 -73.914 -63.4097 -32.1794 -55.2771 -33.2044 -41.4506 -74.2177 -72.3909 -69.6463 -68.0205 -73.1255
8620.134766 -74.8038 -44.6651 -62.7447 -14.3593 -52.8427 -36.1103 -20.9484 -72.9556 -37.6219 -49.062 -26.0948 -73.9957 -63.5079 -32.5508 -44.8338 -33.484 -41.7572 -74.2935 -72.4966 -69.81 -68.2166 -73.2041
8621.139648 -74.8494 -44.9298 -62.7911 -14.8575 -53.0733 -36.4606 -21.3169 -73.0462 -37.9186 -49.3739 -26.5994 -74.0753 -63.6068 -32.9224 -34.9121 -33.7631 -42.0629 -74.3672 -72.5999 -69.9708 -68.4095 -73.1849
8622.144531 -74.8937 -45.1926 -62.8347 -15.3271 -53.3033 -36.8105 -21.6766 -73.1345 -38.2153 -49.6847 -27.0813 -74.1527 -63.7064 -33.2941 -32.2167 -34.0416 -42.3677 -74.4387 -72.7009 -70.1285 -68.5992 -72.4896
8623.150391 -74.9367 -45.4534 -62.8754 -15.7728 -53.5328 -37.16 -22.0286 -73.2206 -38.5118 -49.9945 -27.5432 -74.2279 -63.8064 -33.6659 -32.2655 -34.3197 -42.6716 -74.5058 -72.7995 -70.2833 -68.7857 -66.5792
8624.155273 -74.9773 -45.7124 -62.9132 -16.1983 -53.7616 -37.509 -22.3739 -73.3045 -38.8083 -50.3031 -27.9874 -74.2995 -63.9058 -34.0377 -31.6704 -34.5974 -42.9747 -74.5523 -72.8954 -70.4352 -68.9691 -19.516
8625.160156 -75.0009 -45.9696 -62.9481 -16.6067 -53.9899 -37.8576 -22.7134 -73.3864 -39.1046 -50.6105 -28.4158 -74.3572 -64.0007 -34.4096 -30.7798 -34.8747 -43.2767 -74.4597 -72.9854 -70.5841 -69.1493 -2.86346
8626.165039 -74.8219 -46.225 -62.9802 -17.0006 -54.2175 -38.2057 -23.0477 -73.4661 -39.4008 -50.9169 -28.83 -74.3204 -64.0779 -34.7814 -30.1602 -35.1516 -43.5779 -73.3697 -73.0581 -70.73 -69.3263 -4.00805
8627.169922 -71.9825 -46.4787 -63.0096 -17.3821 -54.4446 -38.5534 -23.3776 -73.5438 -39.6968 -51.222 -29.2317 -73.515 -64.104 -35.1531 -29.6199 -35.4282 -43.8781 -64.2735 -73.0859 -70.8731 -69.5001 -5.56141
8628.174805 -32.0606 -46.7307 -63.0361 -17.7533 -54.671 -38.9005 -23.7035 -73.6195 -39.9927 -51.526 -29.6221 -66.0357 -64.0074 -35.5246 -29.2841 -35.7045 -44.1772 -1.89051 -72.948 -71.0134 -69.6707 -6.62137
8629.179688 5.59602 -46.981 -63.06 -18.1156 -54.8968 -39.247 -24.026 -73.6933 -40.2883 -51.8288 -30.0023 -2.64777 -63.651 -35.896 -29.1601 -35.9805 -44.4755 3.75392 -71.6914 -71.1507 -69.8382 -7.60494
8630.184570 3.132 -47.2297 -63.0812 -18.4704 -55.122 -39.5931 -24.3455 -73.7651 -40.5838 -52.1305 -30.3733 0.306078 -62.8374 -36.2672 -29.1898 -36.2563 -44.7726 0.35369 -62.3318 -71.2853 -70.0026 -8.67449
8631.190430 0.443321 -47.4768 -63.0998 -18.8189 -55.3466 -39.9385 -24.6623 -73.8351 -40.8791 -52.4309 -30.7361 -1.65264 -61.4025 -36.6381 -29.3139 -36.5318 -45.0688 -2.20092 -4.55523 -71.417 -70.1638 -9.73788
8632.195312 -1.95434 -47.7223 -63.1158 -19.1622 -55.5706 -40.2833 -24.9769 -73.9033 -41.1741 -52.7301 -31.0914 -3.85401 -59.1975 -37.0086 -29.5013 -36.8071 -45.364 -4.25642 -5.01373 -71.546 -70.3219 -10.732
8633.200195 -3.86879 -47.9663 -63.1293 -19.5012 -55.7939 -40.6275 -25.2896 -73.9697 -41.4689 -53.0281 -31.4399 -5.68332 -55.9348 -37.3789 -29.7233 -37.0821 -45.6581 -5.91772 -4.52378 -71.6722 -70.477 -11.6377
8634.205078 -5.46262 -48.2088 -63.1403 -19.8365 -56.0166 -40.971 -25.6006 -74.0343 -41.7634 -53.3249 -31.7823 -7.26982 -51.4825 -37.7487 -29.954 -37.3569 -45.9511 -7.27776 -5.97443 -71.7957 -70.6289 -12.4576
8635.209961 -6.80544 -48.4499 -63.1488 -20.169 -56.2386 -41.3139 -25.9101 -74.0972 -42.0577 -53.6204 -32.119 -8.62649 -46.5236 -38.1181 -30.18 -37.6314 -46.2431 -8.4219 -7.73126 -71.9166 -70.7778 -13.2021
8636.214844 -7.94843 -48.6894 -63.1549 -20.4991 -56.4599 -41.656 -26.2183 -74.1583 -42.3516 -53.9146 -32.4507 -9.78484 -42.5857 -38.487 -30.3961 -37.9057 -46.534 -9.40405 -9.3854 -72.0348 -70.9236 -13.8827
8637.219727 -8.93673 -48.9276 -63.1586 -20.8274 -56.6806 -41.9974 -26.5255 -74.2164 -42.6452 -54.2075 -32.7777 -10.7852 -40.601 -38.8554 -30.6023 -38.1798 -46.8238 -10.2592 -10.8676 -72.1504 -71.0664 -14.5098
8638.224609 -9.80503 -49.1644 -63.1599 -21.1544 -56.9006 -42.338 -26.8318 -74.261 -42.9385 -54.4992 -33.1004 -11.6638 -40.1397 -39.2233 -30.8003 -38.4537 -47.1125 -11.0156 -12.1808 -72.2634 -71.2063 -15.0924
8639.230469 -10.5792 -49.3998 -63.1589 -21.4804 -57.1199 -42.6779 -27.1373 -74.2094 -43.2314 -54.7895 -33.4193 -12.4486 -40.4401 -39.5906 -30.9921 -38.7273 -47.4001 -11.697 -13.3555 -72.3738 -71.3432 -15.6378
8640.235352 -11.2783 -49.6339 -63.1556 -21.8058 -57.3384 -43.0169 -27.4423 -73.2747 -43.524 -55.0785 -33.7345 -13.1597 -40.9926 -39.9572 -31.1796 -39.0007 -47.6866 -12.3211 -14.4194 -72.4818 -71.4772 -16.152
8641.240234 -11.9168 -49.8667 -63.1501 -22.1308 -57.5563 -43.3551 -27.7466 -64.4375 -43.8162 -55.3662 -34.0465 -13.8117 -41.5728 -40.3232 -31.3643 -39.2738 -47.9719 -12.9009 -15.3921 -72.5873 -71.6082 -16.6398
8642.245117 -12.5056 -50.0982 -63.1425 -22.4557 -57.7733 -43.6925 -28.0506 -1.78096 -44.108 -55.6525 -34.3554 -14.4154 -42.1181 -40.6885 -31.5468 -39.5466 -48.2562 -13.4454 -16.2882 -72.6903 -71.7364 -17.1051
8643.250000 -13.0531 -50.3284 -63.133 -22.7807 -57.9897 -44.0291 -28.3543 2.47596 -44.3994 -55.9374 -34.6615 -14.9789 -42.621 -41.0531 -31.7274 -39.8192 -48.5393 -13.9615 -17.119 -72.7909 -71.8618 -17.5514
8644.254883 -13.5661 -50.5574 -63.1215 -23.1061 -58.2052 -44.3647 -28.6576 0.703671 -44.6904 -56.2208 -34.965 -15.5088 -43.091 -41.4169 -31.9055 -40.0916 -48.8212 -14.4544 -17.8942 -72.8892 -71.9844 -17.9814
8645.259766 -14.0499 -50.7851 -63.1084 -23.4318 -58.42 -44.6995 -28.9608 -0.981671 -44.981 -56.5029 -35.2662 -16.0103 -43.5339 -41.7799 -32.0803 -40.3636 -49.102 -14.9281 -18.6367 -72.9852 -72.1042 -18.3975
8646.264648 -14.509 -51.0116 -63.0936 -23.7582 -58.634 -45.0333 -29.2639 -2.5556 -45.2711 -56.7835 -35.5651 -16.4881 -43.9532 -42.142 -32.2509 -40.6353 -49.3817 -15.3859 -19.3839 -73.0789 -72.2213 -18.8015
8647.269531 -14.947 -51.237 -63.0772 -24.0852 -58.8471 -45.3662 -29.5669 -3.94942 -45.5608 -57.0626 -35.8619 -16.946 -44.3517 -42.5033 -32.417 -40.9067 -49.6602 -15.8307 -19.9489 -73.1703 -72.3357 -19.1954
8648.275391 -15.367 -51.4611 -63.0595 -24.413 -59.0594 -45.6982 -29.8698 -5.16802 -45.85 -57.3402 -36.1568 -17.3871 -44.7318 -42.8636 -32.5788 -41.1777 -49.9375 -16.2647 -20.3583 -73.2595 -72.4475 -19.5805
8649.280273 -15.7715 -51.6842 -63.0404 -24.7416 -59.2708 -46.0292 -30.1727 -6.23007 -46.1387 -57.6162 -36.4498 -17.8143 -45.0952 -43.223 -32.7372 -41.4484 -50.2137 -16.6898 -20.682 -73.3465 -72.5566 -19.958
8650.285156 -16.1626 -51.906 -63.0199 -25.0711 -59.4814 -46.3593 -30.4756 -7.16211 -46.4269 -57.8907 -36.7412 -18.2299 -45.4435 -43.5814 -32.8933 -41.7187 -50.4887 -17.1076 -20.9635 -73.4301 -72.6632 -20.3292
8651.290039 -16.5424 -52.1268 -62.998 -25.4015 -59.691 -46.6883 -30.7785 -7.98997 -46.7147 -58.1637 -37.031 -18.6359 -45.7778 -43.9389 -33.048 -41.9886 -50.7626 -17.5195 -21.2256 -73.4935 -72.7673 -20.6948
8652.294922 -16.9124 -52.3464 -62.9745 -25.7329 -59.8998 -47.0164 -31.0815 -8.73499 -47.0019 -58.435 -37.3194 -19.0338 -46.0997 -44.2952 -33.2025 -42.2581 -51.0352 -17.9267 -21.4801 -73.3404 -72.8689 -21.0559
8653.299805 -17.274 -52.565 -62.9487 -26.0652 -60.1076 -47.3434 -31.3846 -9.41378 -47.2886 -58.7046 -37.6063 -19.4252 -46.4101 -44.6506 -33.3577 -42.5272 -51.3067 -18.33 -21.7325 -71.1062 -72.968 -21.413
8654.304688 -17.6285 -52.7824 -62.9184 -26.3985 -60.3144 -47.6694 -31.6878 -10.039 -47.5747 -58.9726 -37.8918 -19.8112 -46.7103 -45.0048 -33.5143 -42.7958 -51.577 -18.7305 -21.9855 -52.2935 -73.0647 -21.7668
8655.309570 -17.9769 -52.9988 -62.8767 -26.7328 -60.5202 -47.9944 -31.991 -10.6202 -47.8603 -59.2389 -38.1761 -20.1929 -47.0014 -45.358 -33.6727 -43.064 -51.8461 -19.1287 -22.2401 -4.62951 -73.1591 -22.1178
8656.315430 -18.3201 -53.2142 -62.8066 -27.068 -60.7251 -48.3183 -32.2943 -11.1651 -48.1454 -59.5035 -38.4592 -20.5711 -47.284 -45.71 -33.8334 -43.3317 -52.114 -19.5254 -22.4968 -3.00089 -73.2512 -22.4666
8657.320312 -18.6591 -53.4284 -62.6767 -27.4042 -60.9289 -48.6412 -32.5978 -11.6796 -48.4299 -59.7663 -38.7412 -20.9467 -47.5591 -46.0609 -33.9967 -43.599 -52.3807 -19.921 -22.7557 -4.32987 -73.3417 -22.8135
8658.325195 -18.9945 -53.6417 -62.4434 -27.7413 -61.1317 -48.9631 -32.9013 -12.1684 -48.7138 -60.0273 -39.0221 -21.3202 -47.8273 -46.4106 -34.1626 -43.8657 -52.6462 -20.316 -23.0166 -5.8212 -73.4357 -23.159
8659.330078 -19.3269 -53.8539 -62.0583 -28.0792 -61.3334 -49.2838 -33.2049 -12.6356 -48.9971 -60.2864 -39.3019 -21.6923 -48.089 -46.7591 -34.3312 -44.1319 -52.9106 -20.7109 -23.2794 -7.25086 -73.5578 -23.5032
8660.334961 -19.6569 -54.0651 -61.4771 -28.4181 -61.534 -49.6035 -33.5086 -13.0843 -49.2799 -60.5438 -39.5807 -22.0633 -48.3449 -47.1063 -34.5026 -44.3976 -53.1737 -21.1058 -23.5441 -8.53148 -73.663 -23.8465
8661.339844 -19.9851 -54.2752 -60.6689 -28.7577 -61.7335 -49.922 -33.8124 -13.5173 -49.5621 -60.7992 -39.8586 -22.4338 -48.5953 -47.4524 -34.6767 -44.6628 -53.4356 -21.5012 -23.8106 -9.65643 -73.6598 -24.1891
8662.344727 -20.3118 -54.4844 -59.6219 -29.0982 -61.9318 -50.2395 -34.1162 -13.937 -49.8436 -61.0527 -40.1355 -22.8041 -48.8405 -47.7972 -34.8535 -44.9274 -53.6962 -21.8972 -24.0786 -10.6432 -73.4486 -24.5312
8663.349609 -20.6374 -54.6926 -58.3479 -29.4394 -62.129 -50.5559 -34.4201 -14.3452 -50.1246 -61.3042 -40.4115 -23.1745 -49.0808 -48.1407 -35.0328 -45.1914 -53.9557 -22.2941 -24.3483 -11.5152 -72.6914 -24.8731
8664.355469 -20.9623 -54.8997 -56.8865 -29.7813 -62.325 -50.8712 -34.7241 -14.7437 -50.4049 -61.5537 -40.6866 -23.5452 -49.3167 -48.483 -35.2147 -45.4548 -54.2139 -22.6919 -24.6194 -12.2943 -68.7226 -25.2147
8665.360352 -21.2867 -55.1059 -55.2913 -30.1239 -62.5198 -51.1853 -35.0281 -15.1339 -50.6846 -61.8012 -40.9608 -23.9164 -49.5482 -48.8239 -35.3989 -45.7177 -54.4709 -23.0908 -24.8921 -12.9983 -55.2786 -25.5563
8666.365234 -21.6109 -55.3111 -53.6171 -30.4671 -62.7133 -51.4983 -35.3321 -15.5172 -50.9637 -62.0466 -41.2341 -24.2884 -49.7756 -49.1636 -35.5855 -45.9799 -54.7266 -23.4909 -25.1661 -13.6414 -1.42773 -25.898
8667.370117 -21.9351 -55.5153 -51.9198 -30.8109 -62.9056 -51.8102 -35.6361 -15.8945 -51.2421 -62.2899 -41.5067 -24.6612 -49.999 -49.5019 -35.7742 -46.2414 -54.9811 -23.8922 -25.4416 -14.2343 -1.38648 -26.2398
8668.375000 -22.2596 -55.7185 -50.2635 -31.1553 -63.0966 -52.1209 -35.9401 -16.2669 -51.5199 -62.5311 -41.7783 -25.035 -50.2185 -49.8389 -35.9651 -46.5024 -55.2343 -24.2949 -25.7185 -14.7855 -3.0086 -26.5819
8669.379883 -22.5844 -55.9207 -48.7117 -31.5001 -63.2864 -52.4305 -36.2442 -16.6352 -51.797 -62.7701 -42.0492 -25.4098 -50.4338 -50.1745 -36.158 -46.7627 -55.4862 -24.6989 -25.9968 -15.3018 -4.27764 -26.9242
8670.384766 -22.9097 -56.1219 -47.3223 -31.8453 -63.4747 -52.7389 -36.5481 -17.0002 -52.0735 -63.007 -42.3193 -25.7858 -50.6442 -50.5088 -36.3529 -47.0223 -55.7369 -25.1041 -26.2765 -15.7886 -5.47944 -27.2668
8671.389648 -23.2356 -56.3222 -46.1404 -32.191 -63.6618 -53.0461 -36.8521 -17.3625 -52.3492 -63.2416 -42.5885 -26.163 -50.8482 -50.8417 -36.5497 -47.2812 -55.9863 -25.5107 -26.5575 -16.2504 -6.83407 -27.6098
8672.394531 -23.5622 -56.5214 -45.1798 -32.537 -63.8474 -53.3521 -37.1559 -17.7226 -52.6243 -63.4739 -42.857 -26.5413 -51.0424 -51.1731 -36.7483 -47.5395 -56.2344 -25.9186 -26.8398 -16.6907 -8.1698 -27.9531
8673.400391 -23.8896 -56.7196 -44.4196 -32.8833 -64.0316 -53.657 -37.4597 -18.0811 -52.8987 -63.7039 -43.1247 -26.9209 -51.2209 -51.5032 -36.9485 -47.797 -56.4811 -26.3278 -27.1235 -17.1126 -9.3955 -28.2969
8674.405273 -24.2179 -56.9169 -43.8224 -33.2299 -64.2144 -53.9606 -37.7634 -18.4384 -53.1724 -63.9316 -43.3916 -27.3017 -51.3738 -51.8319 -37.1505 -48.0539 -56.7266 -26.7381 -27.4085 -17.5187 -10.4905 -28.641
8675.410156 -24.5471 -57.113 -43.3567 -33.5767 -64.3955 -54.2629 -38.067 -18.7948 -53.4454 -64.157 -43.6577 -27.6838 -51.4865 -52.1592 -37.3541 -48.31 -56.9707 -27.1497 -27.6947 -17.9112 -11.4644 -28.9856
8676.415039 -24.8772 -57.3081 -43.002 -33.9237 -64.5747 -54.5641 -38.3704 -19.1507 -53.7176 -64.38 -43.923 -28.0671 -51.5403 -52.485 -37.5592 -48.5654 -57.2135 -27.5623 -27.9823 -18.292 -12.3352 -29.3305
8677.419922 -25.2083 -57.5021 -42.7428 -34.2708 -64.7515 -54.8639 -38.6737 -19.5065 -53.9891 -64.6005 -44.1876 -28.4515 -51.5184 -52.8093 -37.7657 -48.82 -57.4549 -27.976 -28.2711 -18.6627 -13.1207 -29.6759
8678.424805 -25.5404 -57.6949 -42.567 -34.618 -64.925 -55.1625 -38.9768 -19.8622 -54.2598 -64.8186 -44.4514 -28.8371 -51.4152 -53.1322 -37.9737 -49.0739 -57.6949 -28.3906 -28.5611 -19.0247 -13.8363 -30.0216
8679.429688 -25.8734 -57.8864 -42.463 -34.9653 -65.0936 -55.4598 -39.2798 -20.2182 -54.5298 -65.0343 -44.7144 -29.2238 -51.2417 -53.4536 -38.1831 -49.3271 -57.9335 -28.8061 -28.8524 -19.3792 -14.4943 -30.3677
8680.434570 -26.2074 -58.0766 -42.4199 -35.3126 -65.2546 -55.7557 -39.5825 -20.5746 -54.799 -65.2474 -44.9767 -29.6116 -51.0215 -53.7735 -38.3938 -49.5795 -58.1708 -29.2225 -29.1448 -19.7273 -15.1046 -30.7142
8681.440430 -26.5424 -58.2654 -42.4273 -35.6598 -65.4039 -56.0503 -39.8851 -20.9315 -55.0673 -65.4581 -45.2382 -30.0004 -50.7829 -54.0918 -38.6058 -49.8311 -58.4066 -29.6396 -29.4383 -20.0699 -15.6752 -31.0609
8682.445312 -26.8783 -58.4527 -42.475 -36.007 -65.5355 -56.3436 -40.1874 -21.2891 -55.3349 -65.6662 -45.4989 -30.3901 -50.5505 -54.4087 -38.819 -50.0819 -58.641 -30.0573 -29.733 -20.4079 -16.2124 -31.408
8683.450195 -27.2152 -58.6383 -42.5542 -36.3541 -65.6427 -56.6354 -40.4894 -21.6475 -55.6016 -65.8717 -45.7588 -30.7808 -50.3411 -54.7239 -39.0334 -50.3319 -58.8739 -30.4756 -30.0288 -20.7419 -16.7213 -31.7554
8684.455078 -27.5529 -58.8221 -42.6573 -36.701 -65.7187 -56.9258 -40.7912 -22.0068 -55.8674 -66.0747 -46.018 -31.1724 -50.1639 -55.0376 -39.2489 -50.5812 -59.1054 -30.8944 -30.3256 -21.0726 -17.2062 -32.103
8685.459961 -27.8916 -59.004 -42.7784 -37.0478 -65.7587 -57.2148 -41.0927 -22.367 -56.1324 -66.2751 -46.2763 -31.5647 -50.022 -55.3497 -39.4655 -50.8296 -59.3354 -31.3137 -30.6235 -21.4004 -17.6705 -32.4508
8686.464844 -28.231 -59.184 -42.913 -37.3943 -65.7599 -57.5023 -41.3938 -22.7282 -56.3965 -66.4729 -46.5339 -31.9578 -49.9152 -55.6601 -39.6831 -51.0772 -59.5639 -31.7332 -30.9223 -21.726 -18.1172 -32.7988
8687.469727 -28.5713 -59.3618 -43.0575 -37.7406 -65.7221 -57.7883 -41.6946 -23.0904 -56.6597 -66.668 -46.7907 -32.3515 -49.8413 -55.9689 -39.9018 -51.324 -59.7909 -32.1531 -31.2221 -22.0496 -18.5487 -33.1469
8688.474609 -28.9123 -59.5374 -43.2094 -38.0866 -65.6467 -58.0728 -41.995 -23.4537 -56.9219 -66.8606 -47.0467 -32.7459 -49.7969 -56.276 -40.1214 -51.57 -60.0163 -32.5731 -31.5228 -22.3717 -18.9672 -33.4952
8689.480469 -29.2541 -59.7106 -43.3668 -38.4324 -65.5353 -58.3557 -42.2951 -23.8179 -57.1831 -67.0504 -47.3019 -33.1408 -49.7789 -56.5814 -40.3419 -51.8152 -60.2402 -32.9932 -31.8244 -22.6926 -19.3745 -33.8436
8690.485352 -29.5965 -59.8814 -43.5282 -38.7778 -65.3884 -58.637 -42.5947 -24.1832 -57.4434 -67.2376 -47.5563 -33.5362 -49.7839 -56.8851 -40.5633 -52.0595 -60.4625 -33.4133 -32.1269 -23.0126 -19.7721 -34.1921
8691.490234 -29.9395 -60.0497 -43.6925 -39.1228 -65.2051 -58.9167 -42.8939 -24.5495 -57.7026 -67.4222 -47.8099 -33.9321 -49.8091 -57.187 -40.7855 -52.3029 -60.6832 -33.8333 -32.4301 -23.3319 -20.1614 -34.5406
8692.495117 -30.2832 -60.2154 -43.8587 -39.4675 -64.9844 -59.1947 -43.1926 -24.9169 -57.9608 -67.604 -48.0627 -34.3282 -49.8517 -57.4872 -41.0085 -52.5456 -60.9023 -34.2533 -32.7341 -23.6507 -20.5435 -34.8891
8693.500000 -30.6274 -60.3784 -44.026 -39.8117 -64.7229 -59.471 -43.4909 -25.2851 -58.2179 -67.7832 -48.3147 -34.7247 -49.9097 -57.7855 -41.2322 -52.7873 -61.1198 -34.673 -33.0389 -23.9693 -20.9196 -35.2376
8694.504883 -30.972 -60.5388 -44.194 -40.1555 -64.4123 -59.7456 -43.7887 -25.6544 -58.474 -67.9597 -48.5659 -35.1215 -49.981 -58.082 -41.4566 -53.0282 -61.3357 -35.0924 -33.3444 -24.2877 -21.2903 -35.5861
8695.509766 -31.3172 -60.6964 -44.3621 -40.4988 -64.04 -60.0183 -44.0861 -26.0245 -58.7288 -68.1335 -48.8163 -35.5184 -50.0639 -58.3765 -41.6817 -53.2682 -61.5498 -35.5116 -33.6505 -24.6062 -21.6566 -35.9344
8696.514648 -31.6627 -60.8513 -44.5299 -40.8416 -63.5949 -60.2893 -44.3828 -26.3955 -58.9826 -68.3047 -49.0659 -35.9154 -50.1571 -58.6692 -41.9075 -53.5073 -61.7623 -35.9303 -33.9572 -24.9248 -22.0191 -36.2826
8697.519531 -32.0086 -61.0034 -44.6972 -41.1838 -63.0691 -60.5584 -44.6791 -26.7673 -59.2351 -68.4731 -49.3146 -36.3125 -50.2594 -58.9599 -42.1338 -53.7455 -61.9731 -36.3486 -34.2645 -25.2436 -22.3784 -36.6307
8698.525391 -32.3548 -61.1529 -44.8636 -41.5255 -62.457 -60.8257 -44.9748 -27.1398 -59.4864 -68.6389 -49.5625 -36.7096 -50.3696 -59.2486 -42.3606 -53.9828 -62.1822 -36.7663 -34.5723 -25.5628 -22.735 -36.9786
8699.530273 -32.7012 -61.2996 -45.0291 -41.8665 -61.7594 -61.0909 -45.27 -27.5131 -59.7364 -68.802 -49.8097 -37.1066 -50.487 -59.5353 -42.588 -54.2192 -62.3895 -37.1835 -34.8807 -25.8823 -23.0893 -37.3263
8700.535156 -33.0479 -61.4435 -45.1934 -42.207 -60.9745 -61.3543 -45.5645 -27.887 -59.9852 -68.9624 -50.0559 -37.5035 -50.6107 -59.82 -42.8159 -54.4547 -62.5951 -37.6001 -35.1895 -26.2024 -23.4418 -37.6738
8701.540039 -33.3948 -61.5848 -45.3565 -42.5468 -60.0948 -61.6155 -45.8585 -28.2615 -60.2326 -69.1201 -50.3014 -37.9003 -50.7401 -60.1025 -43.0442 -54.6892 -62.7989 -38.0159 -35.4987 -26.5229 -23.7927 -38.021
8702.544922 -33.7418 -61.7234 -45.5183 -42.8858 -59.1203 -61.8748 -46.1518 -28.6366 -60.4787 -69.2752 -50.546 -38.2969 -50.8746 -60.3829 -43.2729 -54.9229 -63.0009 -38.431 -35.8084 -26.844 -24.1424 -38.3679
8703.549805 -34.0889 -61.8594 -45.6787 -43.2242 -58.0364 -62.1319 -46.4445 -29.0122 -60.7233 -69.4277 -50.7898 -38.6931 -51.0138 -60.6611 -43.5019 -55.1555 -63.2011 -38.8454 -36.1184 -27.1656 -24.4912 -38.7145
8704.554688 -34.436 -61.9928 -45.8376 -43.5619 -56.8228 -62.3869 -46.7366 -29.3882 -60.9665 -69.5775 -51.0328 -39.0891 -51.1571 -60.9371 -43.7313 -55.3872 -63.3995 -39.2589 -36.4287 -27.4878 -24.8391 -39.0608
8705.559570 -34.7831 -62.1236 -45.9951 -43.8988 -55.4876 -62.6397 -47.028 -29.7645 -61.2083 -69.7246 -51.2749 -39.4847 -51.3042 -61.2109 -43.961 -55.6179 -63.596 -39.6715 -36.7393 -27.8106 -25.1865 -39.4067
8706.565430 -35.1302 -62.2518 -46.1512 -44.2349 -53.9973 -62.8903 -47.3188 -30.1412 -61.4485 -69.8692 -51.5161 -39.8799 -51.4547 -61.4823 -44.191 -55.8476 -63.7907 -40.0832 -37.0502 -28.1341 -25.5334 -39.7523
8707.570312 -35.4773 -62.3776 -46.3058 -44.5702 -52.3626 -63.1386 -47.6088 -30.5182 -61.6872 -70.011 -51.7566 -40.2747 -51.6084 -61.7514 -44.4212 -56.0764 -63.9835 -40.4939 -37.3613 -28.4581 -25.8801 -40.0974
8708.575195 -35.8242 -62.5009 -46.4589 -44.9048 -50.6269 -63.3846 -47.8982 -30.8953 -61.9243 -70.1501 -51.9961 -40.6689 -51.7649 -62.0181 -44.6515 -56.3041 -64.1743 -40.9037 -37.6726 -28.7828 -26.2265 -40.4421
8709.580078 -36.171 -62.6219 -46.6106 -45.2384 -48.7265 -63.6283 -48.1869 -31.2727 -62.1598 -70.2859 -52.2349 -41.0626 -51.9241 -62.2824 -44.8821 -56.5308 -64.3633 -41.3123 -37.9841 -29.1081 -26.573 -40.7863
8710.584961 -36.5176 -62.7405 -46.761 -45.5712 -46.7857 -63.8696 -48.4748 -31.6501 -62.3936 -70.4168 -52.4727 -41.4556 -52.0857 -62.5443 -45.1127 -56.7564 -64.5504 -41.7198 -38.2957 -29.4339 -26.9194 -41.13
8711.589844 -36.8639 -62.8569 -46.9099 -45.9032 -44.8361 -64.1084 -48.7621 -32.0275 -62.6257 -70.5377 -52.7097 -41.848 -52.2495 -62.8037 -45.3435 -56.981 -64.7355 -42.1262 -38.6074 -29.7603 -27.2658 -41.4732
8712.594727 -37.21 -62.9711 -47.0575 -46.2342 -43.0573 -64.3448 -49.0486 -32.405 -62.8561 -70.634 -52.9458 -42.2397 -52.4154 -63.0605 -45.5743 -57.2045 -64.9187 -42.5314 -38.9191 -30.0873 -27.6124 -41.8158
8713.599609 -37.5559 -63.0831 -47.2037 -46.5643 -41.7456 -64.5787 -49.3343 -32.7824 -63.0847 -70.6716 -53.1811 -42.6307 -52.5831 -63.3148 -45.8052 -57.427 -65.0999 -42.9353 -39.2309 -30.4148 -27.9591 -42.1579
8714.605469 -37.9014 -63.1932 -47.3487 -46.8935 -40.9058 -64.8101 -49.6193 -33.1597 -63.3115 -70.5822 -53.4155 -43.0208 -52.7525 -63.5664 -46.0361 -57.6483 -65.2792 -43.338 -39.5428 -30.7429 -28.3061 -42.4993
8715.610352 -38.2465 -63.3013 -47.4925 -47.2218 -40.5489 -65.0389 -49.9036 -33.5369 -63.5364 -70.1735 -53.649 -43.4101 -52.9236 -63.8154 -46.2669 -57.8686 -65.4565 -43.7393 -39.8546 -31.0714 -28.6532 -42.8401
8716.615234 -38.5913 -63.4076 -47.635 -47.5491 -40.4555 -65.2651 -50.1871 -33.9139 -63.7595 -68.7979 -53.8816 -43.7986 -53.0961 -64.0618 -46.4977 -58.0877 -65.6317 -44.1393 -40.1664 -31.4004 -29.0005 -43.1802
8717.620117 -38.9357 -63.5121 -47.7764 -47.8754 -40.4873 -65.4886 -50.4697 -34.2906 -63.9806 -64.2922 -54.1133 -44.1861 -53.2699 -64.3054 -46.7284 -58.3057 -65.805 -44.538 -40.4781 -31.7298 -29.3481 -43.5197
8718.625000 -39.2796 -63.6149 -47.9166 -48.2008 -40.589 -65.7095 -50.7516 -34.667 -64.1998 -49.5707 -54.3441 -44.5726 -53.445 -64.5462 -46.959 -58.5225 -65.9763 -44.9352 -40.7897 -32.0596 -29.6959 -43.8585
8719.629883 -39.6231 -63.7161 -48.0557 -48.5251 -40.7356 -65.9277 -51.0327 -35.0431 -64.4169 -18.2831 -54.574 -44.9582 -53.6212 -64.7843 -47.1895 -58.7381 -66.1455 -45.331 -41.1011 -32.3898 -30.0439 -44.1965
8720.634766 -39.9661 -63.8159 -48.1937 -48.8485 -40.8801 -66.1432 -51.313 -35.4189 -64.6321 -17.1622 -54.803 -45.3428 -53.7984 -65.0196 -47.4198 -58.9525 -66.3127 -45.7253 -41.4124 -32.7204 -30.3921 -44.5339
8721.639648 -40.3086 -63.9141 -48.3307 -49.1708 -41.0099 -66.3559 -51.5925 -35.7942 -64.8452 -15.5956 -55.031 -45.7263 -53.9766 -65.252 -47.6499 -59.1657 -66.4779 -46.1182 -41.7235 -33.0513 -30.7405 -44.8704
8722.644531 -40.6505 -64.0111 -48.4667 -49.4921 -41.1399 -66.5659 -51.8711 -36.1691 -65.0561 -15.7784 -55.2581 -46.1087 -54.1557 -65.4816 -47.8798 -59.3777 -66.6411 -46.5095 -42.0344 -33.3825 -31.089 -45.2062
8723.650391 -40.9919 -64.1067 -48.6017 -49.8123 -41.2865 -66.7731 -52.149 -36.5435 -65.265 -16.0462 -55.4843 -46.49 -54.3355 -65.7083 -48.1095 -59.5884 -66.8022 -46.8993 -42.345 -33.7139 -31.4378 -45.5411
8724.655273 -41.3326 -64.2012 -48.7357 -50.1315 -41.4534 -66.9774 -52.4259 -36.9174 -65.4717 -16.5351 -55.7096 -46.8701 -54.5161 -65.932 -48.3389 -59.7979 -66.9612 -47.2875 -42.6553 -34.0455 -31.7866 -45.8753
8725.660156 -41.6727 -64.2945 -48.8689 -50.4497 -41.6336 -67.1789 -52.702 -37.2908 -65.6762 -17.1034 -55.9338 -47.249 -54.6973 -66.1528 -48.568 -60.0061 -67.1182 -47.6741 -42.9654 -34.3774 -32.1356 -46.2086
8726.665039 -42.0121 -64.3868 -49.0011 -50.7667 -41.8195 -67.3776 -52.9773 -37.6636 -65.8785 -17.6908 -56.1571 -47.6268 -54.8791 -66.3707 -48.7968 -60.2129 -67.2731 -48.0591 -43.2751 -34.7094 -32.4847 -46.541
8727.669922 -42.3508 -64.4781 -49.1325 -51.0827 -42.008 -67.5733 -53.2516 -38.0357 -66.0786 -18.2704 -56.3794 -48.0033 -55.0613 -66.5855 -49.0252 -60.4184 -67.426 -48.4425 -43.5844 -35.0416 -32.8338 -46.8726
8728.674805 -42.6888 -64.5685 -49.2631 -51.3976 -42.1987 -67.7662 -53.5251 -38.4072 -66.2763 -18.8319 -56.6008 -48.3785 -55.2441 -66.7974 -49.2534 -60.6226 -67.5769 -48.8242 -43.8934 -35.3738 -33.183 -47.2033
8729.679688 -43.026 -64.658 -49.3929 -51.7114 -42.3919 -67.9562 -53.7976 -38.7781 -66.4718 -19.3731 -56.8211 -48.7525 -55.4272 -67.0062 -49.4811 -60.8255 -67.7256 -49.2043 -44.2019 -35.7062 -33.5322 -47.5331
8730.684570 -43.3625 -64.7467 -49.5218 -52.024 -42.5864 -68.1433 -54.0693 -39.1482 -66.665 -19.8929 -57.0404 -49.1252 -55.6106 -67.212 -49.7085 -61.0269 -67.8723 -49.5827 -44.5101 -36.0385 -33.8813 -47.862
8731.690430 -43.6982 -64.8347 -49.65 -52.3356 -42.7807 -68.3275 -54.34 -39.5177 -66.8558 -20.3921 -57.2587 -49.4965 -55.7943 -67.4148 -49.9354 -61.2269 -68.0169 -49.9594 -44.8178 -36.3709 -34.2305 -48.1899
8732.695312 -44.0331 -64.9219 -49.7775 -52.646 -42.9741 -68.5088 -54.6098 -39.8863 -67.0442 -20.8723 -57.4759 -49.8665 -55.9783 -67.6145 -50.1619 -61.4255 -68.1594 -50.3344 -45.125 -36.7033 -34.5795 -48.5169
8733.700195 -44.3671 -65.0085 -49.9043 -52.9552 -43.1672 -68.6872 -54.8786 -40.2542 -67.2303 -21.3347 -57.692 -50.2351 -56.1623 -67.8111 -50.3879 -61.6227 -68.2998 -50.7077 -45.4318 -37.0357 -34.9284 -48.843
8734.705078 -44.7003 -65.0944 -50.0303 -53.2633 -43.3607 -68.8626 -55.1464 -40.6213 -67.4139 -21.7805 -57.9071 -50.6023 -56.3466 -68.0047 -50.6135 -61.8184 -68.438 -51.0792 -45.7381 -37.3679 -35.2772 -49.1681
8735.709961 -45.0326 -65.1798 -50.1557 -53.5701 -43.5553 -69.0351 -55.4132 -40.9875 -67.5952 -22.2108 -58.1211 -50.9681 -56.5308 -68.1952 -50.8386 -62.0126 -68.5741 -51.4489 -46.0438 -37.7001 -35.6259 -49.4922
8736.714844 -45.364 -65.2646 -50.2804 -53.8758 -43.7508 -69.2047 -55.679 -41.3529 -67.774 -22.6269 -58.334 -51.3324 -56.7152 -68.3826 -51.0631 -62.2053 -68.7079 -51.8169 -46.349 -38.0322 -35.9743 -49.8153
8737.719727 -45.6945 -65.3488 -50.4044 -54.1803 -43.9473 -69.3713 -55.9438 -41.7173 -67.9503 -23.0302 -58.5458 -51.6953 -56.8994 -68.5669 -51.2871 -62.3965 -68.8396 -52.1831 -46.6536 -38.3641 -36.3226 -50.1375
8738.724609 -46.0241 -65.4326 -50.5278 -54.4836 -44.1443 -69.5351 -56.2076 -42.0808 -68.1242 -23.4223 -58.7565 -52.0567 -57.0837 -68.7482 -51.5106 -62.5861 -68.9689 -52.5474 -46.9577 -38.6958 -36.6706 -50.4586
8739.730469 -46.3527 -65.5159 -50.6507 -54.7855 -44.3416 -69.696 -56.4702 -42.4434 -68.2955 -23.8046 -58.966 -52.4166 -57.2678 -68.9264 -51.7335 -62.7742 -69.0958 -52.9099 -47.2612 -39.0273 -37.0183 -50.7787
8740.735352 -46.6804 -65.5987 -50.7729 -55.0863 -44.5389 -69.8539 -56.7318 -42.8049 -68.4644 -24.1783 -59.1743 -52.775 -57.4517 -69.1015 -51.9558 -62.9608 -69.2204 -53.2706 -47.564 -39.3586 -37.3657 -51.0978
8741.740234 -47.0071 -65.6811 -50.8945 -55.3857 -44.7361 -70.009 -56.9923 -43.1654 -68.6308 -24.5444 -59.3814 -53.1318 -57.6355 -69.2735 -52.1775 -63.1457 -69.3425 -53.6294 -47.8663 -39.6897 -37.7129 -51.4158
8742.745117 -47.3328 -65.7631 -51.0155 -55.6838 -44.9331 -70.1612 -57.2516 -43.525 -68.7947 -24.9041 -59.5874 -53.487 -57.819 -69.4425 -52.3985 -63.329 -69.4622 -53.9863 -48.1679 -40.0205 -38.0596 -51.7328
8743.750000 -47.6574 -65.8447 -51.136 -55.9806 -45.1301 -70.3106 -57.5097 -43.8834 -68.956 -25.2582 -59.7921 -53.8406 -58.0022 -69.6085 -52.619 -63.5107 -69.5793 -54.3413 -48.4689 -40.351 -38.406 -52.0488
8744.754883 -47.9811 -65.9259 -51.256 -56.276 -45.3273 -70.4571 -57.7667 -44.2408 -69.1149 -25.6072 -59.9956 -54.1926 -58.1851 -69.7714 -52.8387 -63.6907 -69.6938 -54.6943 -48.7692 -40.6811 -38.752 -52.3636
8745.759766 -48.3037 -66.0068 -51.3754 -56.57 -45.525 -70.6008 -58.0224 -44.597 -69.2712 -25.952 -60.1978 -54.5429 -58.3677 -69.9313 -53.0578 -63.8691 -69.8057 -55.0454 -49.0688 -41.0109 -39.0976 -52.6773
8746.764648 -48.6253 -66.0873 -51.4943 -56.8626 -45.7234 -70.7417 -58.2769 -44.9522 -69.425 -26.293 -60.3987 -54.8914 -58.5499 -70.0882 -53.2762 -64.0458 -69.9151 -55.3944 -49.3678 -41.3403 -39.4427 -52.99
8747.769531 -48.9459 -66.1674 -51.6126 -57.1538 -45.9228 -70.8798 -58.5302 -45.3062 -69.5763 -26.6307 -60.5984 -55.2383 -58.7316 -70.2421 -53.4939 -64.2208 -70.0219 -55.7415 -49.666 -41.6693 -39.7874 -53.3015
8748.775391 -49.2654 -66.2472 -51.7305 -57.4435 -46.1234 -71.0152 -58.7821 -45.659 -69.725 -26.9656 -60.7967 -55.5834 -58.9129 -70.3931 -53.7108 -64.394 -70.126 -56.0864 -49.9636 -41.9978 -40.1316 -53.6119
8749.780273 -49.5838 -66.3266 -51.8478 -57.7317 -46.3255 -71.1478 -59.0327 -46.0106 -69.8712 -27.2979 -60.9937 -55.9266 -59.0937 -70.5412 -53.927 -64.5656 -70.2276 -56.4293 -50.2604 -42.3259 -40.4753 -53.9211
8750.785156 -49.9011 -66.4057 -51.9647 -58.0183 -46.5293 -71.2778 -59.282 -46.3611 -70.0149 -27.628 -61.1893 -56.268 -59.274 -70.6863 -54.1424 -64.7354 -70.3266 -56.7701 -50.5565 -42.6534 -40.8185 -54.2292
8751.790039 -50.2173 -66.4845 -52.0811 -58.3034 -46.7349 -71.405 -59.5298 -46.7103 -70.1561 -27.9563 -61.3836 -56.6076 -59.4537 -70.8285 -54.357 -64.9035 -70.4231 -57.1087 -50.8518 -42.9805 -41.161 -54.5361
8752.794922 -50.5324 -66.563 -52.197 -58.5869 -46.9426 -71.5296 -59.7763 -47.0583 -70.2948 -28.2829 -61.5765 -56.9452 -59.6328 -70.9679 -54.5709 -65.0698 -70.5169 -57.4451 -51.1464 -43.307 -41.503 -54.8417
8753.799805 -50.8465 -66.6411 -52.3125 -58.8688 -47.1523 -71.6516 -60.0213 -47.4051 -70.4309 -28.608 -61.768 -57.2808 -59.8112 -71.1044 -54.7838 -65.2344 -70.6079 -57.7793 -51.4403 -43.633 -41.8444 -55.1461
8754.804688 -51.1593 -66.7188 -52.4274 -59.1489 -47.364 -71.7709 -60.2648 -47.7506 -70.5645 -28.932 -61.958 -57.6144 -59.989 -71.2381 -54.996 -65.3971 -70.6958 -58.1112 -51.7333 -43.9583 -42.1851 -55.4493
8755.809570 -51.4711 -66.7962 -52.542 -59.4274 -47.5778 -71.8877 -60.5068 -48.0948 -70.6956 -29.2549 -62.1466 -57.9459 -60.1662 -71.369 -55.2073 -65.5581 -70.7794 -58.4408 -52.0256 -44.2831 -42.5251 -55.7512
8756.815430 -51.7817 -66.8733 -52.6561 -59.7041 -47.7934 -72.002 -60.7472 -48.4377 -70.824 -29.577 -62.3337 -58.2753 -60.3425 -71.4972 -55.4177 -65.7172 -70.856 -58.768 -52.3171 -44.6072 -42.8645 -56.0518
8757.820312 -52.0911 -66.9498 -52.7697 -59.979 -48.0108 -72.1138 -60.9861 -48.7793 -70.9494 -29.8983 -62.5193 -58.6026 -60.5181 -71.6226 -55.6272 -65.8746 -70.918 -59.0928 -52.6077 -44.9307 -43.2032 -56.351
8758.825195 -52.3994 -67.0256 -52.8829 -60.2521 -48.2297 -72.2231 -61.2234 -49.1196 -71.0708 -30.219 -62.7034 -58.9277 -60.693 -71.7454 -55.8357 -66.0301 -70.9439 -59.4152 -52.8975 -45.2536 -43.5411 -56.6489
8759.830078 -52.7065 -67.0994 -52.9957 -60.5233 -48.4499 -72.3299 -61.459 -49.4586 -71.1839 -30.5393 -62.886 -59.2504 -60.867 -71.8655 -56.0434 -66.1838 -70.87 -59.7351 -53.1865 -45.5757 -43.8782 -56.9454
8760.834961 -53.0125 -67.1673 -53.1081 -60.7927 -48.6712 -72.4344 -61.6929 -49.7962 -71.2722 -30.8591 -63.0671 -59.5709 -61.0401 -71.9829 -56.25 -66.3356 -70.4677 -60.0524 -53.4746 -45.8972 -44.2146 -57.2404
8761.839844 -53.3172 -67.216 -53.22 -61.06 -48.8932 -72.5364 -61.9251 -50.1325 -71.2697 -31.1786 -63.2466 -59.889 -61.2122 -72.0975 -56.4557 -66.4856 -68.9067 -60.3672 -53.7619 -46.2179 -44.5502 -57.534
8762.844727 -53.6207 -67.201 -53.3316 -61.3254 -49.1156 -72.636 -62.1556 -50.4674 -70.9254 -31.4978 -63.4245 -60.2046 -61.3834 -72.2083 -56.6604 -66.6338 -63.3358 -60.6793 -54.0483 -46.5379 -44.885 -57.8261
8763.849609 -53.9229 -66.97 -53.4427 -61.5887 -49.3382 -72.7329 -62.3843 -50.801 -69.2189 -31.8168 -63.6008 -60.5178 -61.5533 -72.31 -56.8641 -66.7801 -41.2352 -60.9887 -54.3337 -46.8572 -45.219 -58.1167
8764.855469 -54.2239 -66.0364 -53.5534 -61.85 -49.5608 -72.8254 -62.6112 -51.1332 -62.7476 -32.1358 -63.7755 -60.8284 -61.7219 -72.3733 -57.0667 -66.9245 -3.77909 -61.2954 -54.6183 -47.1757 -45.5521 -58.4058
8765.860352 -54.5237 -63.1851 -53.6637 -62.1091 -49.783 -72.9061 -62.8362 -51.4639 -37.8512 -32.4546 -63.9485 -61.1364 -61.8886 -72.2404 -57.2682 -67.0671 -6.13254 -61.5993 -54.9019 -47.4934 -45.8844 -58.6932
8766.865234 -54.8222 -56.0379 -53.7736 -62.3661 -50.0047 -72.937 -63.0593 -51.7933 -15.539 -32.7733 -64.12 -61.4417 -62.0528 -71.1004 -57.4687 -67.2078 -8.73404 -61.9004 -55.1845 -47.8103 -46.2158 -58.979
8767.870117 -55.1193 -44.1619 -53.8831 -62.6209 -50.2257 -72.7142 -63.2805 -52.1213 -12.3852 -33.092 -64.2897 -61.7444 -62.2134 -64.9868 -57.6681 -67.3467 -10.8285 -62.1986 -55.4662 -48.1264 -46.5463 -59.2631
8768.875000 -55.4152 -25.4254 -53.9922 -62.8734 -50.4461 -71.1029 -63.4998 -52.4478 -12.7874 -33.4107 -64.4578 -62.0442 -62.3685 -41.2978 -57.8663 -67.4837 -12.5267 -62.4938 -55.7468 -48.4416 -46.8759 -59.5455
8769.879883 -55.7097 -21.4638 -54.1009 -63.1236 -50.6656 -60.6132 -63.7171 -52.7729 -13.5722 -33.7294 -64.6242 -62.3412 -62.5159 -8.69073 -58.0634 -67.6188 -13.9235 -62.7861 -56.0264 -48.7561 -47.2046 -59.8261
8770.884766 -56.0029 -20.7038 -54.2093 -63.3715 -50.8844 -2.90728 -63.9324 -53.0965 -14.3111 -34.0481 -64.7888 -62.6354 -62.6525 -9.6469 -58.2593 -67.7521 -15.0941 -63.0753 -56.305 -49.0697 -47.5323 -60.1049
8771.889648 -56.2946 -20.9469 -54.3172 -63.6171 -51.1023 -4.53393 -64.1456 -53.4187 -15.0135 -34.3669 -64.9518 -62.9265 -62.7748 -10.7663 -58.4541 -67.8834 -16.0967 -63.3615 -56.5825 -49.3824 -47.8591 -60.3819
8772.894531 -56.585 -21.5225 -54.4247 -63.8602 -51.3194 -4.54305 -64.3568 -53.7393 -15.6846 -34.6856 -65.113 -63.2147 -62.8792 -11.6259 -58.6476 -68.0128 -16.9747 -63.6445 -56.8589 -49.6943 -48.185 -60.657
8773.900391 -56.8739 -22.3148 -54.5319 -64.1009 -51.5353 -4.49481 -64.5659 -54.0585 -16.3134 -35.0044 -65.2725 -63.4998 -62.9627 -12.458 -58.8399 -68.1401 -17.7594 -63.9244 -57.1342 -50.0053 -48.5098 -60.9301
8774.905273 -57.1613 -23.1882 -54.6387 -64.3391 -51.7497 -5.78977 -64.7728 -54.3761 -16.902 -35.3232 -65.4302 -63.7818 -63.0237 -13.3131 -59.0309 -68.2647 -18.4721 -64.201 -57.4083 -50.3154 -48.8337 -61.2012
8775.910156 -57.4473 -24.0831 -54.7451 -64.5748 -51.9618 -7.42399 -64.9776 -54.6922 -17.454 -35.642 -65.5862 -64.0606 -63.0621 -14.1434 -59.2207 -68.3853 -19.128 -64.4743 -57.6812 -50.6246 -49.1567 -61.4704
8776.915039 -57.7317 -24.9776 -54.8511 -64.8079 -52.1704 -8.96201 -65.1802 -55.0067 -17.9734 -35.9608 -65.7404 -64.3362 -63.0794 -14.9154 -59.4092 -68.4988 -19.7382 -64.7444 -57.9529 -50.9329 -49.4786 -61.7374
8777.919922 -58.0146 -25.8476 -54.9568 -65.0384 -52.3731 -10.3078 -65.3806 -55.3197 -18.4641 -36.2796 -65.8928 -64.6086 -63.0781 -15.6265 -59.5964 -68.599 -20.3109 -65.0111 -58.2233 -51.2403 -49.7995 -62.0023
8778.924805 -58.2959 -26.6789 -55.062 -65.2663 -52.5662 -11.4706 -65.5787 -55.631 -18.929 -36.5984 -66.0434 -64.8776 -63.0614 -16.284 -59.7822 -68.6732 -20.8526 -65.2744 -58.4925 -51.5468 -50.1194 -62.265
8779.929688 -58.5757 -27.4638 -55.1669 -65.4915 -52.7442 -12.4826 -65.7747 -55.9407 -19.371 -36.9172 -66.1922 -65.1432 -63.0327 -16.8958 -59.9667 -68.6953 -21.3684 -65.5342 -58.7603 -51.8522 -50.4383 -62.5256
8780.934570 -58.8537 -28.2056 -55.2714 -65.714 -52.9005 -13.3753 -65.9683 -56.2487 -19.7926 -37.2359 -66.3392 -65.4055 -62.9956 -17.4682 -60.1498 -68.5974 -21.8625 -65.7906 -59.0268 -52.1568 -50.7561 -62.7838
8781.940430 -59.1301 -28.9129 -55.3756 -65.9338 -53.0283 -14.1738 -66.1596 -56.5551 -20.1963 -37.5545 -66.4844 -65.6643 -62.9535 -18.0067 -60.3315 -68.1639 -22.3383 -66.0436 -59.2919 -52.4604 -51.0729 -63.0398
8782.945312 -59.4048 -29.593 -55.4793 -66.1508 -53.1225 -14.8975 -66.3486 -56.8597 -20.5844 -37.873 -66.6277 -65.9195 -62.9093 -18.5159 -60.5118 -66.7858 -22.7984 -66.2929 -59.5555 -52.7629 -51.3887 -63.2933
8783.950195 -59.6777 -30.2506 -55.5827 -66.3651 -53.1814 -15.5612 -66.5353 -57.1626 -20.9589 -38.1915 -66.7689 -66.1713 -62.8654 -19.0001 -60.6906 -63.7459 -23.245 -66.5388 -59.8178 -53.0645 -51.7034 -63.5445
8784.955078 -59.9488 -30.8891 -55.6857 -66.5766 -53.2067 -16.1758 -66.7197 -57.4638 -21.3216 -38.5098 -66.908 -66.4195 -62.8239 -19.4631 -60.8681 -58.643 -23.6801 -66.781 -60.0785 -53.3651 -52.017 -63.7933
8785.959961 -60.2181 -31.5101 -55.7884 -66.7852 -53.2037 -16.75 -66.9016 -57.7631 -21.6739 -38.828 -67.0443 -66.6641 -62.7863 -19.9079 -61.044 -49.3895 -24.1052 -67.0196 -60.3376 -53.6646 -52.3295 -64.0395
8786.964844 -60.4856 -32.1148 -55.8906 -66.991 -53.1793 -17.2903 -67.0812 -58.0606 -22.0174 -39.1459 -67.1771 -66.905 -62.7537 -20.3374 -61.2185 -27.7089 -24.5215 -67.2546 -60.5952 -53.9631 -52.6409 -64.2832
8787.969727 -60.7511 -32.704 -55.9925 -67.1939 -53.1408 -17.8023 -67.2584 -58.3562 -22.353 -39.4637 -67.3049 -67.1423 -62.7266 -20.7537 -61.3914 -17.1061 -24.9302 -67.486 -60.8512 -54.2606 -52.9512 -64.5244
8788.974609 -61.0147 -33.2787 -56.094 -67.394 -53.0946 -18.2901 -67.4332 -58.6499 -22.6818 -39.7813 -67.4257 -67.376 -62.7057 -21.1587 -61.5629 -17.7993 -25.3323 -67.7136 -61.1055 -54.5569 -53.2604 -64.7629
8789.980469 -61.2764 -33.84 -56.1952 -67.5911 -53.046 -18.7573 -67.6055 -58.9417 -23.0047 -40.0987 -67.5372 -67.6059 -62.691 -21.5542 -61.7327 -19.3986 -25.7285 -67.9376 -61.3581 -54.8522 -53.5685 -64.9987
8790.985352 -61.536 -34.3891 -56.2959 -67.7854 -52.9988 -19.2069 -67.7755 -59.2315 -23.3224 -40.4157 -67.6367 -67.8321 -62.6825 -21.9416 -61.9011 -20.7607 -26.1194 -68.1579 -61.609 -55.1464 -53.8754 -65.2319
8791.990234 -61.7936 -34.9269 -56.3963 -67.9767 -52.9563 -19.6414 -67.943 -59.5192 -23.6356 -40.7325 -67.7217 -68.0546 -62.6801 -22.3219 -62.0679 -21.7349 -26.5059 -68.3745 -61.8581 -55.4394 -54.1811 -65.4623
8792.995117 -62.049 -35.4544 -56.4963 -68.165 -52.9207 -20.0629 -68.1081 -59.805 -23.945 -41.0489 -67.7903 -68.2733 -62.6834 -22.6964 -62.233 -22.5877 -26.8882 -68.5874 -62.1054 -55.7312 -54.4857 -65.69
8794.000000 -62.3024 -35.9726 -56.5959 -68.3505 -52.8934 -20.4732 -68.2707 -60.0886 -24.2511 -41.365 -67.8416 -68.4882 -62.692 -23.066 -62.3966 -23.3873 -27.2669 -68.7966 -62.3508 -56.0219 -54.789 -65.9149
8795.004883 -62.5536 -36.4821 -56.6952 -68.5329 -52.8755 -20.8738 -68.4309 -60.3701 -24.5542 -41.6806 -67.8757 -68.6994 -62.7051 -23.4313 -62.5586 -24.1068 -27.6424 -69.0021 -62.5943 -56.3113 -55.0911 -66.1369
8796.009766 -62.8025 -36.9836 -56.794 -68.7125 -52.8676 -21.2661 -68.5887 -60.6494 -24.8549 -41.9959 -67.8937 -68.9069 -62.7209 -23.7932 -62.719 -24.7453 -28.015 -69.2038 -62.8359 -56.5995 -55.392 -66.3561
8797.014648 -63.0492 -37.4775 -56.8925 -68.8891 -52.8699 -21.6512 -68.744 -60.9264 -25.1534 -42.3107 -67.897 -69.1105 -62.7366 -24.1521 -62.8777 -25.3116 -28.3849 -69.4018 -63.0754 -56.8864 -55.6916 -66.5723
8798.019531 -63.2937 -37.9644 -56.9906 -69.0627 -52.8824 -22.0301 -68.8968 -61.2013 -25.4502 -42.6251 -67.8874 -69.3104 -62.747 -24.5087 -63.0347 -25.8187 -28.7525 -69.5962 -63.313 -57.1721 -55.99 -66.7857
8799.025391 -63.5358 -38.4446 -57.0883 -69.2334 -52.9048 -22.4037 -69.0473 -61.4738 -25.7454 -42.939 -67.8656 -69.5066 -62.7433 -24.8633 -63.1901 -26.2789 -29.1179 -69.7869 -63.5485 -57.4564 -56.287 -66.9961
8800.030273 -63.7755 -38.9182 -57.1856 -69.4011 -52.9368 -22.7727 -69.1953 -61.744 -26.0394 -43.2523 -67.8305 -69.699 -62.7116 -25.2163 -63.3439 -26.7024 -29.4812 -69.9738 -63.7818 -57.7394 -56.5826 -67.2036
8801.035156 -64.0128 -39.3856 -57.2826 -69.5659 -52.9781 -23.1379 -69.3408 -62.0118 -26.3324 -43.5652 -67.7747 -69.8876 -62.632 -25.568 -63.4959 -27.0969 -29.8427 -70.1572 -64.0131 -58.0209 -56.8769 -67.408
8802.040039 -64.2478 -39.8469 -57.3791 -69.7278 -53.0279 -23.4996 -69.484 -62.2771 -26.6245 -43.8774 -67.6732 -70.0726 -62.4789 -25.9186 -63.6463 -27.4678 -30.2025 -70.3368 -64.2421 -58.3011 -57.1698 -67.6095
8803.044922 -64.4802 -40.3022 -57.4752 -69.8867 -53.086 -23.8585 -69.6247 -62.54 -26.9159 -44.1891 -67.4695 -70.2538 -62.2202 -26.2685 -63.7949 -27.8191 -30.5607 -70.5129 -64.4689 -58.5798 -57.4613 -67.8079
8804.049805 -64.7101 -40.7516 -57.571 -70.0427 -53.1515 -24.215 -69.7629 -62.8004 -27.2067 -44.5002 -67.1007 -70.4314 -61.8149 -26.6177 -63.9419 -28.1538 -30.9173 -70.6854 -64.6935 -58.857 -57.7513 -68.0033
8805.054688 -64.9375 -41.1952 -57.6663 -70.1959 -53.2242 -24.5695 -69.8987 -63.0582 -27.4972 -44.8106 -66.5424 -70.6052 -61.2169 -26.9665 -64.0871 -28.4744 -31.2725 -70.8543 -64.9158 -59.1326 -58.0398 -68.1957
8806.059570 -65.1624 -41.6333 -57.7613 -70.3461 -53.3032 -24.9222 -70.0318 -63.3134 -27.7873 -45.1204 -65.8039 -70.7755 -60.3931 -27.315 -64.2306 -28.7832 -31.6264 -71.0196 -65.1357 -59.4067 -58.3268 -68.385
8807.065430 -65.3846 -42.0658 -57.8558 -70.4935 -53.3883 -25.2734 -70.1616 -63.566 -28.0773 -45.4295 -64.8911 -70.9421 -59.3355 -27.6633 -64.3724 -29.0819 -31.9789 -71.1814 -65.3533 -59.6792 -58.6122 -68.5712
8808.070312 -65.6042 -42.4929 -57.95 -70.6381 -53.4789 -25.6235 -70.2862 -63.816 -28.3671 -45.738 -63.7752 -71.1052 -58.0411 -28.0114 -64.5125 -29.372 -32.3301 -71.3398 -65.5685 -59.9501 -58.896 -68.7544
8809.075195 -65.8212 -42.9147 -58.0437 -70.7798 -53.5745 -25.9726 -70.3995 -64.0632 -28.6569 -46.0457 -62.3751 -71.2647 -56.4967 -28.3595 -64.6508 -29.6549 -32.6801 -71.4947 -65.7812 -60.2193 -59.1782 -68.9345
8810.080078 -66.0355 -43.3312 -58.1371 -70.9188 -53.6747 -26.3208 -70.481 -64.3077 -28.9467 -46.3527 -60.5456 -71.4207 -54.7073 -28.7077 -64.7874 -29.9314 -33.0289 -71.6461 -65.9915 -60.4867 -59.4587 -69.1116
8811.084961 -66.2471 -43.7425 -58.23 -71.0549 -53.7793 -26.6684 -70.4624 -64.5493 -29.2366 -46.6589 -57.9626 -71.5732 -52.753 -29.0559 -64.9223 -30.2024 -33.3765 -71.7942 -66.1993 -60.7524 -59.7375 -69.2855
8812.089844 -66.4559 -44.1487 -58.3225 -71.1883 -53.8878 -27.0154 -70.1193 -64.7882 -29.5266 -46.9644 -53.4999 -71.7223 -50.8073 -29.4042 -65.0554 -30.4686 -33.723 -71.939 -66.4046 -61.0163 -60.0145 -69.4564
8813.094727 -66.662 -44.5498 -58.4145 -71.319 -53.9999 -27.362 -68.7261 -65.0242 -29.8168 -47.2691 -38.1963 -71.868 -49.0844 -29.7527 -65.1868 -30.7307 -34.0684 -72.0804 -66.6074 -61.2783 -60.2898 -69.6243
8814.099609 -66.8654 -44.946 -58.5061 -71.4469 -54.1154 -27.7083 -64.701 -65.2574 -30.1071 -47.573 -9.26896 -72.0103 -47.7448 -30.1014 -65.3165 -30.9893 -34.4126 -72.2186 -66.8076 -61.5384 -60.5632 -69.7891
8815.105469 -67.0659 -45.3373 -58.5973 -71.5722 -54.234 -28.0543 -56.9914 -65.4876 -30.3977 -47.8762 -12.6695 -72.1493 -46.8428 -30.4502 -65.4444 -31.2449 -34.7557 -72.3536 -67.0052 -61.7966 -60.8347 -69.9508
8816.110352 -67.2637 -45.7239 -58.688 -71.6949 -54.3554 -28.4002 -40.8881 -65.7149 -30.6885 -48.1784 -15.5971 -72.2851 -46.3317 -30.7992 -65.5705 -31.4978 -35.0977 -72.4854 -67.2003 -62.0528 -61.1042 -70.1096
8817.115234 -67.4587 -46.1057 -58.7783 -71.8149 -54.4796 -28.7458 -16.2951 -65.9392 -30.9795 -48.4799 -17.7797 -72.4176 -46.1225 -31.1483 -65.695 -31.7485 -35.4386 -72.614 -67.3927 -62.3069 -61.3718 -70.2653
8818.120117 -67.6508 -46.4829 -58.868 -71.9323 -54.6062 -29.0914 -12.4628 -66.1605 -31.2708 -48.7805 -19.4974 -72.5469 -46.124 -31.4977 -65.8176 -31.9974 -35.7784 -72.7396 -67.5824 -62.559 -61.6374 -70.418
8819.125000 -67.8401 -46.8555 -58.9571 -72.0472 -54.7352 -29.4369 -13.3591 -66.3788 -31.5623 -49.0802 -20.9084 -72.6731 -46.2606 -31.8472 -65.9383 -32.2447 -36.1171 -72.8622 -67.7695 -62.809 -61.9009 -70.5677
8820.129883 -68.0265 -47.2237 -59.0457 -72.1596 -54.8663 -29.7823 -14.3093 -66.5941 -31.8541 -49.3791 -22.1078 -72.7962 -46.4766 -32.1968 -66.0563 -32.4908 -36.4547 -72.9817 -67.954 -63.0569 -62.1623 -70.7145
8821.134766 -68.2101 -47.5875 -59.1336 -72.2695 -54.9994 -30.1277 -15.2253 -66.8063 -32.1462 -49.677 -23.154 -72.9163 -46.7349 -32.5466 -66.1694 -32.7357 -36.7912 -73.0983 -68.1357 -63.3025 -62.4216 -70.8583
8822.139648 -68.3908 -47.947 -59.2207 -72.3769 -55.1344 -30.4731 -16.0919 -67.0154 -32.4386 -49.9741 -24.0845 -73.0334 -47.0121 -32.8965 -66.2702 -32.9798 -37.1266 -73.212 -68.3148 -63.5459 -62.6787 -70.9992
8823.144531 -68.5686 -48.3023 -59.3069 -72.482 -55.2712 -30.8184 -16.8874 -67.2214 -32.7312 -50.2703 -24.9241 -73.1476 -47.2941 -33.2465 -66.3374 -33.2231 -37.4609 -73.3229 -68.4912 -63.787 -62.9335 -71.1373
8824.150391 -68.7436 -48.6535 -59.3921 -72.5846 -55.4097 -31.1637 -17.6087 -67.4244 -33.024 -50.5655 -25.6899 -73.2589 -47.5726 -33.5965 -66.3148 -33.4659 -37.7941 -73.431 -68.6649 -64.0258 -63.186 -71.2724
8825.155273 -68.9158 -49.0006 -59.4762 -72.6849 -55.5497 -31.5089 -18.2629 -67.6242 -33.3171 -50.8598 -26.3946 -73.3673 -47.8433 -33.9466 -66.0863 -33.7082 -38.1261 -73.5363 -68.8358 -64.2623 -63.4362 -71.4047
8826.160156 -69.085 -49.3438 -59.559 -72.7829 -55.6911 -31.8542 -18.8601 -67.8208 -33.6104 -51.1532 -27.0478 -73.473 -48.104 -34.2967 -65.4735 -33.9502 -38.4571 -73.6389 -69.0041 -64.4963 -63.6841 -71.5342
8827.165039 -69.2515 -49.683 -59.6404 -72.8786 -55.8339 -32.1993 -19.4096 -68.0144 -33.904 -51.4456 -27.6568 -73.5759 -48.3539 -34.6467 -64.2449 -34.192 -38.7868 -73.7389 -69.1696 -64.7279 -63.9295 -71.6609
8828.169922 -69.415 -50.0184 -59.7203 -72.9721 -55.978 -32.5444 -19.9198 -68.2048 -34.1977 -51.737 -28.2279 -73.6762 -48.5929 -34.9967 -62.1641 -34.4335 -39.1155 -73.8363 -69.3325 -64.957 -64.1724 -71.7845
8829.174805 -69.5757 -50.35 -59.7984 -73.0634 -56.1233 -32.8894 -20.3982 -68.3921 -34.4917 -52.0275 -28.7659 -73.7739 -48.8214 -35.3466 -59.0565 -34.675 -39.443 -73.9312 -69.4926 -65.1836 -64.4129 -71.904
8830.179688 -69.7336 -50.6779 -59.8748 -73.1525 -56.2698 -33.2343 -20.8508 -68.5762 -34.7858 -52.3169 -29.2751 -73.8689 -49.0401 -35.6964 -55.0756 -34.9164 -39.7693 -74.0236 -69.65 -65.4077 -64.6508 -72.0168
8831.184570 -69.8887 -51.0021 -59.9492 -73.2395 -56.4173 -33.5791 -21.2826 -68.7572 -35.0801 -52.6054 -29.7589 -73.9615 -49.2498 -36.046 -50.4957 -35.1578 -40.0945 -74.1133 -69.8047 -65.6291 -64.8861 -72.1131
8832.190430 -70.0409 -51.3223 -60.0217 -73.3244 -56.5658 -33.9237 -21.6975 -68.935 -35.3746 -52.8928 -30.2202 -74.0513 -49.4513 -36.3955 -46.0817 -35.3992 -40.4185 -74.1994 -69.9567 -65.848 -65.1188 -72.1421
8833.195312 -70.1904 -51.6383 -60.092 -73.4073 -56.7152 -34.2682 -22.0983 -69.1097 -35.6692 -53.1792 -30.6616 -74.1376 -49.6454 -36.7447 -42.9777 -35.6406 -40.7413 -74.276 -70.1061 -66.0642 -65.3489 -71.86
8834.200195 -70.3371 -51.9493 -60.1602 -73.4882 -56.8656 -34.6125 -22.4868 -69.2813 -35.9639 -53.4645 -31.0854 -74.2138 -49.8328 -37.0937 -41.1832 -35.8822 -41.0629 -74.3083 -70.2528 -66.2778 -65.5762 -70.2823
8835.205078 -70.481 -52.2543 -60.2262 -73.5671 -57.0167 -34.9565 -22.8645 -69.4498 -36.2587 -53.7488 -31.4934 -74.2383 -50.0144 -37.4424 -40.3135 -36.1239 -41.3832 -74.0871 -70.3968 -66.4886 -65.8009 -61.3905
8836.209961 -70.6222 -52.5518 -60.2899 -73.644 -57.1686 -35.3004 -23.2326 -69.6151 -36.5536 -54.032 -31.8873 -73.9209 -50.1907 -37.7908 -40.1002 -36.3657 -41.7023 -72.3583 -70.5382 -66.6967 -66.0228 -18.484
8837.214844 -70.7606 -52.8403 -60.3514 -73.719 -57.3213 -35.6439 -23.5918 -69.7774 -36.8486 -54.3141 -32.2685 -71.0917 -50.3626 -38.1389 -40.0592 -36.6076 -42.0202 -60.7707 -70.6769 -66.9021 -66.2418 -7.60198
8838.219727 -70.8964 -53.1182 -60.4106 -73.7918 -57.4746 -35.9872 -23.9427 -69.9366 -37.1436 -54.5951 -32.6384 -49.3253 -50.5304 -38.4866 -39.7857 -36.8497 -42.3368 -1.67993 -70.813 -67.1047 -66.4581 -8.24877
8839.224609 -71.0294 -53.3844 -60.4675 -73.8595 -57.6285 -36.3302 -24.2859 -70.0928 -37.4387 -54.875 -32.9979 -0.907907 -50.6949 -38.834 -39.2223 -37.092 -42.6521 0.894237 -70.9466 -67.3044 -66.6716 -9.23212
8840.230469 -71.1598 -53.6383 -60.5221 -73.8996 -57.783 -36.6729 -24.6218 -70.2458 -37.7338 -55.1537 -33.3482 -2.03857 -50.8564 -39.1809 -38.4711 -37.3345 -42.9662 -1.92403 -71.0776 -67.5014 -66.8821 -9.80496
8841.235352 -71.2876 -53.8796 -60.5745 -73.7347 -57.9381 -37.0152 -24.9509 -70.3959 -38.0289 -55.4312 -33.6901 -4.0441 -51.0153 -39.5273 -37.6898 -37.5771 -43.2789 -4.08096 -71.206 -67.6956 -67.0898 -10.4268
8842.240234 -71.4128 -54.1085 -60.6247 -71.8748 -58.0936 -37.3571 -25.2736 -70.543 -38.3239 -55.7076 -34.0243 -5.88673 -51.1722 -39.8733 -37.1096 -37.8199 -43.5904 -5.86352 -71.3318 -67.8869 -67.2945 -11.2272
8843.245117 -71.5354 -54.3254 -60.6727 -55.8586 -58.2496 -37.6987 -25.5903 -70.6871 -38.619 -55.9827 -34.3517 -7.46667 -51.3273 -40.2188 -36.792 -38.0628 -43.9006 -7.33599 -71.4551 -68.0753 -67.4964 -12.0881
8844.250000 -71.6555 -54.5311 -60.7186 -2.2073 -58.406 -38.0398 -25.9013 -70.8283 -38.914 -56.2566 -34.6727 -8.84743 -51.481 -40.5637 -36.6922 -38.306 -44.2094 -8.56014 -71.5753 -68.2609 -67.6952 -12.928
8845.254883 -71.773 -54.7264 -60.7624 -0.871487 -58.5628 -38.3805 -26.207 -70.9665 -39.2089 -56.5292 -34.988 -10.0391 -51.6336 -40.908 -36.7396 -38.5493 -44.5169 -9.60137 -71.69 -68.4436 -67.8911 -13.7144
8846.259766 -71.888 -54.9122 -60.8043 -2.20982 -58.7198 -38.7207 -26.508 -71.1019 -39.5038 -56.8005 -35.298 -11.0702 -51.7852 -41.2518 -36.8699 -38.7928 -44.8231 -10.5039 -71.7905 -68.6234 -68.0841 -14.4402
8847.264648 -72.0006 -55.0894 -60.8442 -3.76762 -58.8772 -39.0605 -26.8045 -71.2344 -39.7986 -57.0705 -35.6031 -11.9737 -51.9362 -41.5949 -37.0445 -39.0364 -45.128 -11.297 -71.8584 -68.8003 -68.274 -15.1092
8848.269531 -72.1108 -55.259 -60.8822 -5.46985 -59.0349 -39.3998 -27.097 -71.364 -40.0932 -57.3392 -35.9039 -12.7781 -52.0868 -41.9373 -37.2439 -39.2802 -45.4315 -12.0045 -71.8498 -68.9744 -68.4609 -15.7283
8849.275391 -72.2186 -55.4218 -60.9185 -7.06638 -59.1927 -39.7385 -27.3858 -71.4909 -40.3877 -57.6065 -36.2006 -13.5053 -52.2371 -42.279 -37.4581 -39.5241 -45.7336 -12.6469 -71.5732 -69.1455 -68.6449 -16.3048
8850.280273 -72.324 -55.5787 -60.953 -8.48024 -59.3508 -40.0767 -27.6712 -71.615 -40.6821 -57.8724 -36.4936 -14.1713 -52.3873 -42.6201 -37.6815 -39.7682 -46.0344 -13.2398 -69.972 -69.3138 -68.8258 -16.8451
8851.285156 -72.427 -55.7306 -60.9858 -9.70995 -59.5089 -40.4144 -27.9537 -71.7363 -40.9762 -58.1369 -36.7832 -14.7877 -52.5376 -42.9603 -37.91 -40.0124 -46.3338 -13.7942 -61.959 -69.4792 -69.0037 -17.3548
8852.290039 -72.5278 -55.878 -61.0171 -10.7749 -59.6672 -40.7514 -28.2334 -71.855 -41.2702 -58.3999 -37.0696 -15.3634 -52.688 -43.2998 -38.1413 -40.2566 -46.6319 -14.3182 -17.4591 -69.6416 -69.1786 -17.8385
8853.294922 -72.6263 -56.0216 -61.0469 -11.7022 -59.8256 -41.0879 -28.5108 -71.971 -41.5639 -58.6614 -37.353 -15.905 -52.8388 -43.6385 -38.3732 -40.501 -46.9286 -14.8175 -10.7837 -69.8013 -69.3504 -18.3001
8854.299805 -72.7226 -56.1621 -61.0753 -12.5187 -59.984 -41.4237 -28.7861 -72.0844 -41.8574 -58.9214 -37.6338 -16.4179 -52.9899 -43.9764 -38.604 -40.7454 -47.224 -15.2964 -9.37805 -69.958 -69.5193 -18.7428
8855.304688 -72.8167 -56.2999 -61.1023 -13.2472 -60.1424 -41.7588 -29.0595 -72.1952 -42.1507 -59.1799 -37.912 -16.9063 -53.1415 -44.3134 -38.8291 -40.9899 -47.5179 -15.7587 -9.74944 -70.1119 -69.6852 -19.1693
8856.309570 -72.9087 -56.4355 -61.128 -13.9058 -60.3008 -42.0932 -29.3313 -72.3034 -42.4436 -59.4368 -38.1879 -17.374 -53.2937 -44.6496 -39.0378 -41.2344 -47.8105 -16.2071 -10.9617 -70.2629 -69.8481 -19.5818
8857.315430 -72.9985 -56.5693 -61.1525 -14.5082 -60.4591 -42.427 -29.6017 -72.4091 -42.7363 -59.692 -38.4616 -17.8242 -53.4466 -44.9848 -39.2118 -41.4789 -48.1017 -16.6441 -12.2675 -70.4111 -70.0079 -19.9823
8858.320312 -73.0863 -56.7016 -61.1758 -15.065 -60.6173 -42.76 -29.8708 -72.5124 -43.0286 -59.9456 -38.7333 -18.2596 -53.6001 -45.3192 -39.3349 -41.7234 -48.3916 -17.0716 -13.5139 -70.5566 -70.1649 -20.3725
8859.325195 -73.172 -56.8329 -61.198 -15.5845 -60.7754 -43.0923 -30.1388 -72.613 -43.3206 -60.1976 -39.003 -18.6825 -53.7543 -45.6526 -39.4036 -41.9679 -48.68 -17.4913 -14.6628 -70.6992 -70.3188 -20.7537
8860.330078 -73.2557 -56.9632 -61.2192 -16.0729 -60.9333 -43.4238 -30.4059 -72.7107 -43.6123 -60.4478 -39.271 -19.095 -53.9091 -45.9851 -39.4271 -42.2124 -48.9671 -17.9047 -15.7124 -70.839 -70.4698 -21.1272
8861.334961 -73.3374 -57.0929 -61.2393 -16.5354 -61.0911 -43.7545 -30.6723 -72.8028 -43.9036 -60.6962 -39.5374 -19.4989 -54.0645 -46.3166 -39.4195 -42.4568 -49.2528 -18.3129 -16.6794 -70.9761 -70.6179 -21.4941
8862.339844 -73.4172 -57.2221 -61.2585 -16.976 -61.2486 -44.0844 -30.938 -72.8754 -44.1946 -60.9429 -39.8021 -19.8956 -54.2201 -46.6471 -39.3944 -42.7011 -49.5371 -18.7169 -17.5766 -71.1104 -70.7631 -21.8553
8863.344727 -73.4951 -57.351 -61.2768 -17.3981 -61.4059 -44.4135 -31.2031 -72.8606 -44.4851 -61.1877 -40.0654 -20.2864 -54.3752 -46.9766 -39.3627 -42.9454 -49.8201 -19.1177 -18.4122 -71.242 -70.9054 -22.2115
8864.349609 -73.5711 -57.4796 -61.2942 -17.8045 -61.5628 -44.7418 -31.4678 -72.3769 -44.7753 -61.4307 -40.3273 -20.6725 -54.5287 -47.3051 -39.3321 -43.1896 -50.1016 -19.5159 -19.1926 -71.371 -71.0449 -22.5635
8865.355469 -73.6453 -57.6081 -61.3109 -18.1974 -61.7195 -45.0692 -31.7322 -69.161 -45.065 -61.6718 -40.5879 -21.0547 -54.6785 -47.6326 -39.3078 -43.4336 -50.3818 -19.9122 -19.9238 -71.4972 -71.1814 -22.9119
8866.360352 -73.7177 -57.7364 -61.3268 -18.5787 -61.8757 -45.3958 -31.9963 -49.76 -45.3542 -61.9109 -40.8472 -21.4339 -54.8214 -47.959 -39.2927 -43.6775 -50.6607 -20.3071 -20.6108 -71.6209 -71.3152 -23.2573
8867.365234 -73.7883 -57.8646 -61.342 -18.9503 -62.0315 -45.7214 -32.2602 -6.97341 -45.6431 -62.1482 -41.1053 -21.8108 -54.9532 -48.2844 -39.2885 -43.9212 -50.9381 -20.701 -21.2599 -71.7419 -71.4462 -23.6
8868.370117 -73.8572 -57.9927 -61.3565 -19.3135 -62.1866 -46.0462 -32.5239 -4.92144 -45.9314 -62.3834 -41.3623 -22.186 -55.068 -48.6087 -39.2957 -44.1648 -51.2142 -21.0945 -21.9016 -71.8604 -71.5745 -23.9406
8869.375000 -73.9244 -58.1205 -61.3705 -19.6694 -62.3408 -46.3701 -32.7876 -5.92 -46.2193 -62.6166 -41.6182 -22.56 -55.1589 -48.9319 -39.3143 -44.4081 -51.4889 -21.4878 -22.5022 -71.9763 -71.7 -24.2792
8870.379883 -73.99 -58.248 -61.3839 -20.0193 -62.4935 -46.693 -33.0512 -7.03482 -46.5067 -62.8477 -41.8731 -22.9332 -55.2183 -49.254 -39.3441 -44.6513 -51.7623 -21.8812 -22.9463 -72.0897 -71.8228 -24.6164
8871.384766 -74.0539 -58.3749 -61.3969 -20.364 -62.6438 -47.015 -33.3149 -8.09476 -46.7936 -63.0768 -42.1269 -23.306 -55.2386 -49.5749 -39.3845 -44.8943 -52.0342 -22.275 -23.2799 -72.2005 -71.9431 -24.9522
8872.389648 -74.1163 -58.5012 -61.4094 -20.7044 -62.7902 -47.3361 -33.5785 -9.07418 -47.08 -63.3037 -42.3798 -23.6787 -55.2134 -49.8948 -39.4349 -45.137 -52.3049 -22.6692 -23.5534 -72.3085 -72.0614 -25.2871
8873.394531 -74.1771 -58.6266 -61.4216 -21.041 -62.9303 -47.6562 -33.8423 -9.964 -47.3659 -63.5285 -42.6318 -24.0516 -55.1394 -50.2135 -39.4945 -45.3794 -52.5741 -23.0642 -23.797 -72.4104 -72.1807 -25.6211
8874.400391 -74.2364 -58.7509 -61.4334 -21.3746 -63.0608 -47.9753 -34.1062 -10.7663 -47.6513 -63.7511 -42.8829 -24.4248 -55.0171 -50.5311 -39.5629 -45.6216 -52.842 -23.46 -24.0271 -72.4801 -72.3104 -25.9544
8875.405273 -74.2942 -58.8737 -61.445 -21.7057 -63.1771 -48.2934 -34.3702 -11.4916 -47.9361 -63.9715 -43.1331 -24.7987 -54.8502 -50.8476 -39.6392 -45.8635 -53.1085 -23.8568 -24.2526 -72.3289 -72.4544 -26.2872
8876.410156 -74.3505 -58.995 -61.4564 -22.0347 -63.2742 -48.6106 -34.6344 -12.153 -48.2203 -64.1896 -43.3825 -25.1733 -54.6461 -51.1628 -39.7229 -46.1051 -53.3736 -24.2545 -24.4777 -70.7509 -72.5206 -26.6197
8877.415039 -74.4054 -59.1144 -61.4676 -22.3621 -63.3466 -48.9267 -34.8987 -12.7622 -48.504 -64.4055 -43.631 -25.5487 -54.4149 -51.4769 -39.8133 -46.3463 -53.6374 -24.6533 -24.7047 -60.973 -72.4673 -26.9518
8878.419922 -74.4589 -59.2317 -61.4787 -22.6881 -63.3887 -49.2419 -35.1632 -13.3289 -48.7872 -64.6191 -43.8788 -25.925 -54.1689 -51.7898 -39.9101 -46.5873 -53.8998 -25.0532 -24.9345 -12.8155 -72.1741 -27.2838
8879.424805 -74.5103 -59.3467 -61.4896 -23.0132 -63.3942 -49.556 -35.428 -13.8609 -49.0697 -64.8304 -44.1258 -26.3024 -53.9205 -52.1015 -40.0127 -46.8279 -54.1608 -25.4542 -25.1674 -7.06444 -71.301 -27.6157
8880.429688 -74.554 -59.4594 -61.5 -23.3375 -63.3552 -49.8692 -35.6929 -14.3639 -49.3517 -65.0394 -44.372 -26.6808 -53.6808 -52.412 -40.1207 -47.0681 -54.4204 -25.8563 -25.4034 -7.65026 -67.8568 -27.9475
8881.434570 -74.5295 -59.5694 -61.5091 -23.6614 -63.2622 -50.1813 -35.9581 -14.8426 -49.6331 -65.246 -44.6175 -27.0603 -53.4585 -52.7212 -40.2336 -47.3079 -54.6787 -26.2595 -25.6425 -8.62512 -57.9067 -28.2794
8882.440430 -73.7858 -59.6768 -61.5138 -23.9849 -63.1047 -50.4923 -36.2234 -15.3005 -49.9138 -65.4502 -44.8622 -27.4409 -53.2595 -53.0293 -40.3512 -47.5474 -54.9356 -26.6638 -25.8844 -9.70165 -12.6396 -28.6113
8883.445312 -64.8998 -59.7815 -61.5073 -24.3083 -62.8712 -50.8023 -36.489 -15.7408 -50.194 -65.652 -45.1062 -27.8226 -53.0867 -53.336 -40.4731 -47.7865 -55.191 -27.0691 -26.1289 -10.7397 -5.53792 -28.9434
8884.450195 2.82173 -59.8834 -61.476 -24.6318 -62.544 -51.1113 -36.7548 -16.166 -50.4736 -65.8514 -45.3495 -28.2055 -52.9408 -53.6415 -40.5991 -48.0252 -55.4451 -27.4754 -26.3758 -11.6948 -6.81281 -29.2755
8885.455078 2.67329 -59.9825 -61.4006 -24.9553 -62.0995 -51.4192 -37.0209 -16.5781 -50.7525 -66.0484 -45.5921 -28.5894 -52.8214 -53.9457 -40.7288 -48.2634 -55.6978 -27.8827 -26.625 -12.5585 -7.64961 -29.6078
8886.459961 0.426349 -60.0787 -61.2604 -25.2792 -61.5169 -51.726 -37.2871 -16.9791 -51.0308 -66.2429 -45.834 -28.9744 -52.7269 -54.2486 -40.8621 -48.5012 -55.9491 -28.2908 -26.8763 -13.3373 -8.31247 -29.9403
8887.464844 -1.98631 -60.1722 -61.0402 -25.6033 -60.7819 -52.0318 -37.5536 -17.3704 -51.3084 -66.4349 -46.0752 -29.3604 -52.6556 -54.5502 -40.9988 -48.7386 -56.199 -28.6999 -27.1296 -14.0426 -9.28644 -30.2729
8888.469727 -3.99805 -60.2629 -60.7333 -25.9279 -59.8936 -52.3365 -37.8203 -17.7535 -51.5855 -66.6245 -46.3157 -29.7475 -52.6056 -54.8505 -41.1386 -48.9755 -56.4474 -29.1097 -27.3847 -14.6867 -10.378 -30.6057
8889.474609 -5.64253 -60.3508 -60.3429 -26.2529 -58.8527 -52.64 -38.0872 -18.1295 -51.8618 -66.8115 -46.5556 -30.1355 -52.575 -55.1494 -41.2814 -49.2119 -56.6944 -29.5202 -27.6415 -15.28 -11.4486 -30.9387
8890.480469 -7.03287 -60.4359 -59.8804 -26.5784 -57.6719 -52.9425 -38.3543 -18.4994 -52.1375 -66.9961 -46.7948 -30.5244 -52.5622 -55.4469 -41.427 -49.4479 -56.94 -29.9313 -27.9 -15.8309 -12.4409 -31.2718
8891.485352 -8.21757 -60.5184 -59.3625 -26.9045 -56.3611 -53.2439 -38.6216 -18.8642 -52.4125 -67.1781 -47.0333 -30.9141 -52.5655 -55.743 -41.5753 -49.6834 -57.1841 -30.3431 -28.16 -16.3464 -13.3437 -31.6051
8892.490234 -9.23885 -60.5983 -58.8088 -27.2311 -54.9338 -53.5441 -38.8891 -19.2245 -52.6869 -67.3576 -47.2712 -31.3047 -52.5836 -56.0377 -41.7262 -49.9184 -57.4267 -30.7553 -28.4215 -16.8318 -14.1635 -31.9385
8893.495117 -10.133 -60.6756 -58.2382 -27.5583 -53.4417 -53.8432 -39.1568 -19.5812 -52.9605 -67.5346 -47.5084 -31.6961 -52.6151 -56.331 -41.8795 -50.1528 -57.6679 -31.168 -28.6845 -17.2917 -14.9118 -32.2721
8894.500000 -10.9278 -60.7504 -57.6681 -27.8861 -51.9075 -54.1411 -39.4246 -19.9347 -53.2334 -67.7091 -47.745 -32.0881 -52.6587 -56.6228 -42.0351 -50.3868 -57.9076 -31.581 -28.9489 -17.7297 -15.6 -32.6058
8895.504883 -11.6438 -60.8229 -57.1124 -28.2145 -50.4166 -54.4378 -39.6926 -20.2856 -53.5056 -67.881 -47.9809 -32.4808 -52.7135 -56.9131 -42.1929 -50.6202 -58.1458 -31.9944 -29.2146 -18.1489 -16.2381 -32.9396
8896.509766 -12.2965 -60.8931 -56.5822 -28.5435 -49.0343 -54.7334 -39.9608 -20.6344 -53.7771 -68.0503 -48.2161 -32.8741 -52.7784 -57.2019 -42.3528 -50.8531 -58.3825 -32.4079 -29.4816 -18.5517 -16.8342 -33.2735
8897.514648 -12.8976 -60.9612 -56.0854 -28.873 -47.776 -55.0278 -40.2291 -20.9815 -54.0478 -68.2171 -48.4507 -33.2679 -52.8525 -57.4891 -42.5148 -51.0855 -58.6177 -32.8216 -29.7499 -18.9406 -17.3949 -33.6074
8898.519531 -13.456 -61.0272 -55.627 -29.2031 -46.7104 -55.3209 -40.4975 -21.3272 -54.3178 -68.3813 -48.6847 -33.6621 -52.9351 -57.7747 -42.6787 -51.3173 -58.8514 -33.2354 -30.0194 -19.3172 -17.9255 -33.9414
8899.525391 -13.9788 -61.0914 -55.2099 -29.5337 -45.8468 -55.6128 -40.766 -21.6718 -54.587 -68.543 -48.918 -34.0568 -53.0254 -58.0588 -42.8444 -51.5486 -59.0835 -33.6492 -30.29 -19.6832 -18.4304 -34.2754
8900.530273 -14.4715 -61.1538 -54.8351 -29.8649 -45.1794 -55.9034 -41.0346 -22.0156 -54.8554 -68.7021 -49.1507 -34.4517 -53.1227 -58.3412 -43.0119 -51.7793 -59.314 -34.063 -30.5618 -20.0401 -18.9132 -34.6095
8901.535156 -14.9387 -61.2146 -54.5019 -30.1966 -44.7161 -56.1927 -41.3033 -22.3588 -55.123 -68.8586 -49.3827 -34.847 -53.2265 -58.6219 -43.1811 -52.0094 -59.543 -34.4766 -30.8348 -20.389 -19.3769 -34.9435
8902.540039 -15.3841 -61.274 -54.209 -30.5287 -44.4162 -56.4808 -41.572 -22.7016 -55.3898 -69.0126 -49.6141 -35.2425 -53.3363 -58.9009 -43.3519 -52.2389 -59.7704 -34.89 -31.1088 -20.731 -19.8241 -35.2774
8903.544922 -15.8109 -61.3321 -53.9539 -30.8613 -44.2397 -56.7675 -41.8408 -23.0441 -55.6558 -69.164 -49.8448 -35.6382 -53.4514 -59.1782 -43.5243 -52.4678 -59.9961 -35.3032 -31.3838 -21.0671 -20.2569 -35.6114
8904.549805 -16.2216 -61.389 -53.7341 -31.1942 -44.1612 -57.0528 -42.1096 -23.3866 -55.9208 -69.3129 -50.0749 -36.0339 -53.5716 -59.4537 -43.6983 -52.6961 -60.2203 -35.7161 -31.6598 -21.398 -20.6772 -35.9452
8905.554688 -16.6186 -61.4449 -53.5465 -31.5276 -44.153 -57.3368 -42.3783 -23.7291 -56.185 -69.4592 -50.3044 -36.4298 -53.6964 -59.7273 -43.8736 -52.9238 -60.4428 -36.1286 -31.9369 -21.7244 -21.0865 -36.2789
8906.559570 -17.0037 -61.4999 -53.3882 -31.8614 -44.1939 -57.6193 -42.6471 -24.0718 -56.4483 -69.603 -50.5332 -36.8256 -53.8255 -59.9992 -44.0503 -53.1509 -60.6636 -36.5407 -32.2148 -22.0471 -21.4863 -36.6125
8907.565430 -17.3785 -61.5542 -53.2562 -32.1954 -44.2702 -57.9004 -42.9158 -24.4147 -56.7106 -69.7442 -50.7614 -37.2213 -53.9584 -60.2691 -44.2284 -53.3773 -60.8828 -36.9523 -32.4937 -22.3665 -21.8778 -36.946
8908.570312 -17.7446 -61.6079 -53.1478 -32.5297 -44.372 -58.18 -43.1845 -24.7578 -56.972 -69.8829 -50.9889 -37.6169 -54.095 -60.5372 -44.4077 -53.6031 -61.1003 -37.3634 -32.7734 -22.6831 -22.262 -37.2792
8909.575195 -18.1031 -61.6612 -53.0603 -32.8643 -44.4927 -58.4581 -43.4531 -25.1013 -57.2325 -70.019 -51.2158 -38.0124 -54.2349 -60.8032 -44.5883 -53.8283 -61.3162 -37.7739 -33.054 -22.9974 -22.6398 -37.6123
8910.580078 -18.4552 -61.7141 -52.9914 -33.1991 -44.6278 -58.7347 -43.7216 -25.4451 -57.4919 -70.1527 -51.4421 -38.4077 -54.3779 -61.0673 -44.77 -54.0528 -61.5302 -38.1838 -33.3355 -23.3097 -23.012 -37.9452
8911.584961 -18.8018 -61.7667 -52.939 -33.5341 -44.7738 -59.0097 -43.99 -25.7894 -57.7503 -70.2838 -51.6677 -38.8027 -54.5238 -61.3294 -44.9528 -54.2766 -61.7426 -38.593 -33.6176 -23.6204 -23.3794 -38.2778
8912.589844 -19.1437 -61.8193 -52.901 -33.8693 -44.9273 -59.2831 -44.2583 -26.134 -58.0076 -70.4125 -51.8926 -39.1973 -54.6722 -61.5893 -45.1367 -54.4997 -61.9532 -39.0015 -33.9006 -23.9298 -23.7425 -38.6102
8913.594727 -19.4817 -61.8717 -52.8758 -34.2046 -45.0857 -59.5549 -44.5265 -26.4791 -58.2639 -70.5387 -52.1169 -39.5917 -54.8232 -61.8472 -45.3216 -54.7221 -62.162 -39.4092 -34.1842 -24.238 -24.1018 -38.9423
8914.599609 -19.8164 -61.9242 -52.8618 -34.5399 -45.2474 -59.8249 -44.7946 -26.8247 -58.519 -70.6624 -52.3405 -39.9856 -54.9763 -62.1029 -45.5075 -54.9438 -62.3691 -39.8161 -34.4686 -24.5455 -24.458 -39.2741
8915.605469 -20.1484 -61.9769 -52.8578 -34.8753 -45.4113 -60.0933 -45.0624 -27.1706 -58.773 -70.7837 -52.5635 -40.3791 -55.1315 -62.3564 -45.6943 -55.1648 -62.5743 -40.2222 -34.7536 -24.8523 -24.8113 -39.6056
8916.610352 -20.4782 -62.0297 -52.8625 -35.2108 -45.5768 -60.3599 -45.3301 -27.517 -59.0258 -70.9026 -52.7858 -40.772 -55.2886 -62.6077 -45.882 -55.3851 -62.7777 -40.6273 -35.0392 -25.1586 -25.1622 -39.9367
8917.615234 -20.8062 -62.0828 -52.8749 -35.5462 -45.7435 -60.6247 -45.5976 -27.8638 -59.2774 -71.0192 -53.0075 -41.1644 -55.4475 -62.8567 -46.0706 -55.6046 -62.9793 -41.0315 -35.3254 -25.4647 -25.5109 -40.2676
8918.620117 -21.1329 -62.1362 -52.8941 -35.8816 -45.9113 -60.8877 -45.8649 -28.2109 -59.5277 -71.1333 -53.2285 -41.5562 -55.608 -63.1035 -46.26 -55.8233 -63.1791 -41.4348 -35.6121 -25.7706 -25.8578 -40.598
8919.625000 -21.4585 -62.19 -52.9193 -36.2169 -46.08 -61.1488 -46.1319 -28.5585 -59.7768 -71.2451 -53.4488 -41.9474 -55.77 -63.3479 -46.4501 -56.0413 -63.377 -41.837 -35.8994 -26.0764 -26.2031 -40.928
8920.629883 -21.7834 -62.2442 -52.9499 -36.5521 -46.2498 -61.408 -46.3988 -28.9063 -60.0245 -71.3546 -53.6684 -42.3378 -55.9333 -63.5899 -46.6409 -56.2585 -63.573 -42.2381 -36.1872 -26.3822 -26.547 -41.2575
8921.634766 -22.1077 -62.2988 -52.9852 -36.8871 -46.4206 -61.6652 -46.6653 -29.2545 -60.271 -71.4619 -53.8874 -42.7275 -56.0978 -63.8295 -46.8325 -56.4749 -63.7671 -42.6381 -36.4754 -26.6882 -26.8897 -41.5867
8922.639648 -22.4318 -62.354 -53.0247 -37.222 -46.5926 -61.9204 -46.9316 -29.603 -60.516 -71.5668 -54.1057 -43.1165 -56.2635 -64.0667 -47.0247 -56.6904 -63.9593 -43.037 -36.7641 -26.9945 -27.2314 -41.9153
8923.644531 -22.7559 -62.4096 -53.0679 -37.5567 -46.7658 -62.1736 -47.1976 -29.9517 -60.7596 -71.6696 -54.3232 -43.5046 -56.4302 -64.3013 -47.2175 -56.9051 -64.1495 -43.4346 -37.0531 -27.301 -27.5722 -42.2434
8924.650391 -23.08 -62.4659 -53.1145 -37.8912 -46.9405 -62.4248 -47.4633 -30.3006 -61.0017 -71.7701 -54.5401 -43.8918 -56.5978 -64.5335 -47.4108 -57.119 -64.3378 -43.8311 -37.3426 -27.6078 -27.9122 -42.571
8925.655273 -23.4044 -62.5226 -53.1641 -38.2254 -47.1165 -62.6738 -47.7287 -30.6497 -61.2424 -71.8685 -54.7563 -44.2782 -56.7662 -64.7632 -47.6047 -57.332 -64.5242 -44.2263 -37.6324 -27.9151 -28.2516 -42.898
8926.660156 -23.7292 -62.58 -53.2164 -38.5594 -47.2942 -62.9206 -47.9938 -30.9989 -61.4815 -71.9648 -54.9718 -44.6636 -56.9353 -64.9902 -47.7991 -57.5442 -64.7085 -44.6203 -37.9225 -28.2228 -28.5904 -43.2245
8927.665039 -24.0545 -62.638 -53.2711 -38.8931 -47.4734 -63.1653 -48.2586 -31.3483 -61.7191 -72.059 -55.1865 -45.048 -57.105 -65.2147 -47.994 -57.7554 -64.8909 -45.0129 -38.2129 -28.5309 -28.9287 -43.5504
8928.669922 -24.3803 -62.6966 -53.3279 -39.2264 -47.6543 -63.4077 -48.523 -31.6977 -61.955 -72.1511 -55.4005 -45.4315 -57.2754 -65.4365 -48.1894 -57.9657 -65.0713 -45.4042 -38.5036 -28.8395 -29.2666 -43.8757
8929.674805 -24.7067 -62.7559 -53.3868 -39.5594 -47.8369 -63.6478 -48.787 -32.0472 -62.1893 -72.2412 -55.6138 -45.8139 -57.4461 -65.6556 -48.3851 -58.1751 -65.2496 -45.7941 -38.7946 -29.1486 -29.6041 -44.2003
8930.679688 -25.0338 -62.8158 -53.4474 -39.8921 -48.0211 -63.8856 -49.0507 -32.3966 -62.4219 -72.3293 -55.8263 -46.1952 -57.6173 -65.8721 -48.5812 -58.3835 -65.4258 -46.1827 -39.0857 -29.4582 -29.9413 -44.5244
8931.684570 -25.3617 -62.8763 -53.5096 -40.2243 -48.207 -64.1211 -49.314 -32.7461 -62.6527 -72.4154 -56.038 -46.5755 -57.7888 -66.0859 -48.7776 -58.591 -65.6 -46.5698 -39.377 -29.7683 -30.2782 -44.8477
8932.690430 -25.6903 -62.9375 -53.5733 -40.5561 -48.3945 -64.3541 -49.5769 -33.0955 -62.8818 -72.4997 -56.249 -46.9546 -57.9605 -66.2969 -48.9744 -58.7975 -65.7721 -46.9555 -39.6685 -30.079 -30.6149 -45.1704
8933.695312 -26.0196 -62.9993 -53.6384 -40.8875 -48.5837 -64.5848 -49.8394 -33.4448 -63.1091 -72.582 -56.4592 -47.3325 -58.1325 -66.5052 -49.1715 -59.0029 -65.9421 -47.3397 -39.9602 -30.3902 -30.9513 -45.4924
8934.700195 -26.3498 -63.0618 -53.7046 -41.2183 -48.7744 -64.813 -50.1016 -33.794 -63.3346 -72.6625 -56.6687 -47.7093 -58.3045 -66.7107 -49.3688 -59.2074 -66.11 -47.7224 -40.252 -30.7018 -31.2875 -45.8137
8935.705078 -26.6807 -63.1249 -53.772 -41.5487 -48.9667 -65.0386 -50.3632 -34.143 -63.5581 -72.7412 -56.8773 -48.0848 -58.4766 -66.9135 -49.5663 -59.4108 -66.2757 -48.1036 -40.5438 -31.0141 -31.6235 -46.1342
8936.709961 -27.0125 -63.1886 -53.8404 -41.8785 -49.1604 -65.2618 -50.6245 -34.4918 -63.7797 -72.8182 -57.0851 -48.4592 -58.6487 -67.1134 -49.764 -59.6131 -66.4393 -48.4834 -40.8357 -31.3268 -31.9593 -46.454
8937.714844 -27.345 -63.253 -53.9097 -42.2078 -49.3556 -65.4823 -50.8853 -34.8404 -63.9994 -72.8934 -57.292 -48.8322 -58.8208 -67.3105 -49.9619 -59.8143 -66.6006 -48.8615 -41.1276 -31.64 -32.295 -46.7731
8938.719727 -27.6782 -63.318 -53.9799 -42.5365 -49.5522 -65.7003 -51.1456 -35.1888 -64.217 -72.9668 -57.4982 -49.204 -58.9927 -67.5047 -50.16 -60.0145 -66.7598 -49.2381 -41.4195 -31.9536 -32.6304 -47.0914
8939.724609 -28.0122 -63.3836 -54.0509 -42.8645 -49.7502 -65.9157 -51.4055 -35.5369 -64.4326 -73.0387 -57.7035 -49.5745 -59.1645 -67.6962 -50.3581 -60.2134 -66.9167 -49.6132 -41.7114 -32.2678 -32.9657 -47.4089
8940.730469 -28.347 -63.4499 -54.1226 -43.192 -49.9495 -66.1284 -51.665 -35.8847 -64.6461 -73.1088 -57.9079 -49.9436 -59.336 -67.8847 -50.5564 -60.4113 -67.0714 -49.9866 -42.0032 -32.5823 -33.3008 -47.7256
8941.735352 -28.6824 -63.5167 -54.195 -43.5187 -50.1501 -66.3384 -51.9239 -36.2321 -64.8575 -73.1774 -58.1114 -50.3115 -59.5072 -68.0704 -50.7547 -60.608 -67.2239 -50.3584 -42.2949 -32.8973 -33.6356 -48.0415
8942.740234 -29.0184 -63.5841 -54.2681 -43.8449 -50.3519 -66.5457 -52.1823 -36.5792 -65.0667 -73.2444 -58.314 -50.6779 -59.6782 -68.2533 -50.953 -60.8035 -67.3741 -50.7286 -42.5866 -33.2127 -33.9703 -48.3566
8943.745117 -29.3551 -63.6521 -54.3417 -44.1703 -50.5548 -66.7503 -52.4402 -36.9258 -65.2737 -73.3099 -58.5157 -51.043 -59.8488 -68.4333 -51.1514 -60.9978 -67.522 -51.0972 -42.8781 -33.5285 -34.3048 -48.6708
8944.750000 -29.6924 -63.7207 -54.4158 -44.495 -50.759 -66.9522 -52.6977 -37.2721 -65.4784 -73.3739 -58.7165 -51.4066 -60.0189 -68.6104 -51.3497 -61.1908 -67.6677 -51.4641 -43.1694 -33.8446 -34.6391 -48.9843
8945.754883 -30.0303 -63.7898 -54.4904 -44.819 -50.9642 -67.1513 -52.9545 -37.6179 -65.6809 -73.4364 -58.9163 -51.7688 -60.1887 -68.7847 -51.548 -61.3826 -67.8111 -51.8294 -43.4606 -34.161 -34.9731 -49.2968
8946.759766 -30.3687 -63.8595 -54.5655 -45.1422 -51.1706 -67.3475 -53.2109 -37.9633 -65.8811 -73.4975 -59.1152 -52.1296 -60.3579 -68.956 -51.7463 -61.5731 -67.9522 -52.1929 -43.7516 -34.4778 -35.3069 -49.6086
8947.764648 -30.7075 -63.9297 -54.6411 -45.4646 -51.3779 -67.541 -53.4666 -38.3082 -66.0789 -73.5572 -59.313 -52.4888 -60.5266 -69.1246 -51.9445 -61.7624 -68.0911 -52.5547 -44.0424 -34.7948 -35.6404 -49.9194
8948.769531 -31.0468 -64.0005 -54.717 -45.7863 -51.5863 -67.7317 -53.7218 -38.6526 -66.2743 -73.6156 -59.5099 -52.8466 -60.6947 -69.2902 -52.1425 -61.9503 -68.2277 -52.9149 -44.3329 -35.1121 -35.9736 -50.2294
8949.775391 -31.3865 -64.0717 -54.7933 -46.1072 -51.7957 -67.9196 -53.9764 -38.9964 -66.4673 -73.6726 -59.7058 -53.2029 -60.8622 -69.453 -52.3405 -62.1369 -68.362 -53.2732 -44.6232 -35.4296 -36.3066 -50.5385
8950.780273 -31.7265 -64.1434 -54.8699 -46.4272 -52.006 -68.1046 -54.2304 -39.3398 -66.6579 -73.7283 -59.9006 -53.5575 -61.029 -69.613 -52.5382 -62.3221 -68.4942 -53.6298 -44.9132 -35.7473 -36.6392 -50.8467
8951.785156 -32.0669 -64.2157 -54.9469 -46.7465 -52.2173 -68.2867 -54.4838 -39.6825 -66.846 -73.7827 -60.0943 -53.9106 -61.1952 -69.7701 -52.7358 -62.5059 -68.6241 -53.9846 -45.203 -36.0652 -36.9716 -51.154
8952.790039 -32.4076 -64.2883 -55.0241 -47.0649 -52.4294 -68.4661 -54.7366 -40.0247 -67.0316 -73.8359 -60.287 -54.2621 -61.3607 -69.9245 -52.9332 -62.6884 -68.7518 -54.3376 -45.4924 -36.3833 -37.3036 -51.4604
8953.794922 -32.7484 -64.3614 -55.1016 -47.3824 -52.6424 -68.6425 -54.9887 -40.3662 -67.2147 -73.8878 -60.4786 -54.612 -61.5254 -70.076 -53.1304 -62.8694 -68.8773 -54.6887 -45.7814 -36.7015 -37.6353 -51.7659
8954.799805 -33.0895 -64.435 -55.1794 -47.699 -52.8562 -68.8161 -55.2401 -40.7071 -67.3953 -73.9386 -60.6691 -54.9601 -61.6893 -70.2247 -53.3273 -63.049 -69.0007 -55.038 -46.0702 -37.0197 -37.9666 -52.0704
8955.804688 -33.4308 -64.509 -55.2573 -48.0148 -53.0707 -68.9868 -55.4909 -41.0474 -67.5734 -73.9882 -60.8584 -55.3066 -61.8524 -70.3707 -53.524 -63.2272 -69.1219 -55.3854 -46.3585 -37.3381 -38.2975 -52.374
8956.809570 -33.7721 -64.5833 -55.3355 -48.3297 -53.2861 -69.1547 -55.7409 -41.3869 -67.7489 -74.0367 -61.0466 -55.6513 -62.0146 -70.5139 -53.7204 -63.4039 -69.241 -55.7309 -46.6465 -37.6565 -38.628 -52.6766
8957.815430 -34.1136 -64.6581 -55.4139 -48.6436 -53.5021 -69.3197 -55.9903 -41.7257 -67.9218 -74.0841 -61.2336 -55.9942 -62.1759 -70.6543 -53.9164 -63.5791 -69.358 -56.0744 -46.9341 -37.975 -38.9582 -52.9783
8958.820312 -34.455 -64.7332 -55.4925 -48.9567 -53.7189 -69.4819 -56.2388 -42.0638 -68.0921 -74.1304 -61.4194 -56.3353 -62.3363 -70.792 -54.1121 -63.7527 -69.4729 -56.4159 -47.2213 -38.2934 -39.2879 -53.279
8959.825195 -34.7965 -64.8087 -55.5713 -49.2688 -53.9363 -69.6412 -56.4866 -42.4012 -68.2599 -74.1756 -61.604 -56.6746 -62.4957 -70.9267 -54.3075 -63.9249 -69.5858 -56.7554 -47.508 -38.6118 -39.6171 -53.5786
8960.830078 -35.138 -64.8846 -55.6502 -49.58 -54.1544 -69.7977 -56.7336 -42.7377 -68.4251 -74.2198 -61.7874 -57.0119 -62.654 -71.0579 -54.5024 -64.0955 -69.6967 -57.0928 -47.7943 -38.9302 -39.946 -53.8773
8961.834961 -35.4793 -64.9607 -55.7292 -49.8902 -54.373 -69.9513 -56.9798 -43.0735 -68.5877 -74.263 -61.9695 -57.3473 -62.8112 -71.1824 -54.697 -64.2646 -69.8055 -57.4282 -48.0802 -39.2485 -40.2743 -54.1749
8962.839844 -35.8206 -65.0372 -55.8083 -50.1995 -54.5922 -70.1021 -57.2252 -43.4085 -68.7477 -74.3053 -62.1503 -57.6807 -62.9672 -71.2884 -54.8911 -64.4321 -69.9122 -57.7614 -48.3656 -39.5668 -40.6022 -54.4715
8963.844727 -36.1617 -65.114 -55.8876 -50.5078 -54.8119 -70.2502 -57.4697 -43.7426 -68.9051 -74.3466 -62.3298 -58.0121 -63.1218 -71.3252 -55.0848 -64.5979 -70.0166 -58.0924 -48.6505 -39.8849 -40.9296 -54.767
8964.849609 -36.5027 -65.191 -55.9669 -50.8152 -55.0321 -70.3954 -57.7133 -44.0759 -69.0599 -74.3869 -62.5081 -58.3414 -63.2749 -71.0907 -55.278 -64.7622 -70.1183 -58.4213 -48.9349 -40.2029 -41.2564 -55.0615
8965.855469 -36.8434 -65.2683 -56.0464 -51.1215 -55.2527 -70.5379 -57.9559 -44.4083 -69.2122 -74.4264 -62.685 -58.6685 -63.4262 -69.8014 -55.4707 -64.9249 -70.2162 -58.7478 -49.2189 -40.5207 -41.5827 -55.3548
8966.860352 -37.184 -65.3459 -56.1259 -51.4269 -55.4738 -70.6776 -58.1977 -44.7398 -69.3619 -74.4649 -62.8605 -58.9935 -63.5752 -64.5212 -55.6628 -65.0859 -70.3066 -59.0721 -49.5023 -40.8383 -41.9084 -55.647
8967.865234 -37.5242 -65.4237 -56.2055 -51.7313 -55.6952 -70.8146 -58.4384 -45.0704 -69.5091 -74.5026 -63.0347 -59.3162 -63.7211 -48.554 -55.8545 -65.2453 -70.378 -59.394 -49.7852 -41.1556 -42.2335 -55.938
8968.870117 -37.8642 -65.5017 -56.2851 -52.0346 -55.9169 -70.9488 -58.6782 -45.4001 -69.6538 -74.5395 -63.2075 -59.6366 -63.8629 -19.5367 -56.0455 -65.403 -70.3861 -59.7135 -50.0676 -41.4728 -42.558 -56.2279
8969.875000 -38.2038 -65.5799 -56.3648 -52.3369 -56.139 -71.0804 -58.9169 -45.7289 -69.7959 -74.5755 -63.3788 -59.9546 -63.9989 -13.1749 -56.236 -65.5591 -70.1603 -60.0306 -50.3494 -41.7896 -42.8818 -56.5165
8970.879883 -38.5431 -65.6583 -56.4445 -52.6382 -56.3613 -71.2093 -59.1546 -46.0567 -69.9356 -74.6107 -63.5488 -60.2703 -64.1273 -14.327 -56.4258 -65.7135 -69.0659 -60.3451 -50.6306 -42.1061 -43.2051 -56.804
8971.884766 -38.8819 -65.7368 -56.5243 -52.9384 -56.5838 -71.3356 -59.3911 -46.3835 -70.0727 -74.6452 -63.7172 -60.5834 -64.2462 -14.7946 -56.615 -65.8662 -64.9606 -60.6572 -50.9113 -42.4224 -43.5276 -57.0902
8972.889648 -39.2204 -65.8156 -56.604 -53.2376 -56.8065 -71.4593 -59.6266 -46.7094 -70.2074 -74.6789 -63.8843 -60.8941 -64.3534 -15.3303 -56.8036 -66.0171 -54.6307 -60.9666 -51.1915 -42.7382 -43.8496 -57.375
8973.894531 -39.5585 -65.8944 -56.6838 -53.5357 -57.0293 -71.5804 -59.8608 -47.0343 -70.3396 -74.7118 -64.0498 -61.2022 -64.4471 -15.9105 -56.9914 -66.1664 -32.3216 -61.2733 -51.471 -43.0537 -44.1708 -57.6586
8974.900391 -39.8961 -65.9734 -56.7635 -53.8327 -57.2523 -71.6989 -60.0939 -47.3582 -70.4695 -74.744 -64.2139 -61.5076 -64.5258 -16.5421 -57.1786 -66.3139 -16.6722 -61.5774 -51.7499 -43.3688 -44.4913 -57.9408
8975.905273 -40.2332 -66.0524 -56.8433 -54.1286 -57.4752 -71.8149 -60.3258 -47.681 -70.5969 -74.7756 -64.3764 -61.8103 -64.5886 -17.1728 -57.365 -66.4597 -16.048 -61.8787 -52.0283 -43.6835 -44.8111 -58.2217
8976.910156 -40.5698 -66.1316 -56.923 -54.4234 -57.6982 -71.9284 -60.5564 -48.0029 -70.722 -74.8064 -64.5374 -62.1103 -64.6354 -17.7769 -57.5506 -66.6037 -15.7513 -62.1773 -52.306 -43.9977 -45.1301 -58.5011
8977.915039 -40.9059 -66.2109 -57.0027 -54.7171 -57.9211 -72.0394 -60.7857 -48.3237 -70.8447 -74.8365 -64.6969 -62.4074 -64.6671 -18.3485 -57.7355 -66.7458 -15.9685 -62.4729 -52.5831 -44.3114 -45.4485 -58.779
8978.919922 -41.2413 -66.2902 -57.0824 -55.0096 -58.144 -72.148 -61.0137 -48.6434 -70.9651 -74.866 -64.8548 -62.7017 -64.6851 -18.8894 -57.9195 -66.8861 -16.389 -62.7657 -52.8595 -44.6247 -45.766 -59.0555
8979.924805 -41.5762 -66.3695 -57.162 -55.3009 -58.3667 -72.2542 -61.2404 -48.9622 -71.0832 -74.8949 -65.0111 -62.9931 -64.6913 -19.4025 -58.1028 -67.0242 -16.912 -63.0555 -53.1353 -44.9375 -46.0828 -59.3304
8980.929688 -41.9105 -66.4489 -57.2416 -55.591 -58.5892 -72.3581 -61.4656 -49.2798 -71.199 -74.9231 -65.1659 -63.2814 -64.688 -19.8903 -58.2851 -67.1601 -17.4987 -63.3423 -53.4104 -45.2498 -46.3988 -59.6037
8981.934570 -42.2441 -66.5283 -57.3212 -55.8799 -58.8115 -72.4596 -61.6894 -49.5964 -71.3126 -74.9507 -65.319 -63.5667 -64.6774 -20.3552 -58.4666 -67.2933 -18.0918 -63.626 -53.6848 -45.5615 -46.714 -59.8755
8982.940430 -42.577 -66.6077 -57.4006 -56.1676 -59.0336 -72.5588 -61.9117 -49.9119 -71.424 -74.9777 -65.4705 -63.8489 -64.662 -20.7998 -58.6472 -67.4231 -18.6626 -63.9066 -53.9585 -45.8727 -47.0284 -60.1456
8983.945312 -42.9092 -66.687 -57.4801 -56.4539 -59.2554 -72.6557 -62.1326 -50.2263 -71.5331 -75.0042 -65.6204 -64.128 -64.6436 -21.2267 -58.8269 -67.5482 -19.2048 -64.1841 -54.2315 -46.1832 -47.342 -60.414
8984.950195 -43.2407 -66.7664 -57.5594 -56.7391 -59.4768 -72.7505 -62.3519 -50.5396 -71.6402 -75.03 -65.7687 -64.4038 -64.6243 -21.6383 -59.0056 -67.6662 -19.7206 -64.4583 -54.5038 -46.4932 -47.6548 -60.6806
8985.955078 -43.5714 -66.8457 -57.6386 -57.0229 -59.6977 -72.843 -62.5697 -50.8518 -71.7451 -75.0554 -65.9153 -64.6764 -64.6055 -22.0368 -59.1833 -67.7721 -20.2137 -64.7293 -54.7753 -46.8026 -47.9667 -60.9455
8986.959961 -43.9014 -66.9249 -57.7178 -57.3053 -59.9183 -72.9334 -62.7858 -51.1629 -71.8479 -75.0802 -66.0603 -64.9457 -64.5886 -22.424 -59.36 -67.8562 -20.6874 -64.9971 -55.0461 -47.1114 -48.2778 -61.2085
8987.964844 -44.2306 -67.0041 -57.7969 -57.5864 -60.1383 -73.0216 -63.0003 -51.4729 -71.9486 -75.1044 -66.2036 -65.2116 -64.5746 -22.8016 -59.5358 -67.8996 -21.1441 -65.2614 -55.316 -47.4195 -48.5881 -61.4697
8988.969727 -44.559 -67.0832 -57.8759 -57.8661 -60.3578 -73.1078 -63.2131 -51.7817 -72.0473 -75.1282 -66.3453 -65.4742 -64.5643 -23.1709 -59.7104 -67.8645 -21.5858 -65.5224 -55.5852 -47.727 -48.8974 -61.7289
8989.974609 -44.8865 -67.1622 -57.9547 -58.1443 -60.5767 -73.1919 -63.4243 -52.0894 -72.144 -75.1514 -66.4853 -65.7333 -64.5582 -23.5332 -59.884 -67.6591 -22.0138 -65.78 -55.8535 -48.0338 -49.206 -61.9862
8990.980469 -45.2133 -67.2411 -58.0335 -58.4211 -60.795 -73.2741 -63.6336 -52.3959 -72.2387 -75.1742 -66.6235 -65.9889 -64.5567 -23.8894 -60.0565 -67.0473 -22.4294 -66.0342 -56.121 -48.3399 -49.5136 -62.2415
8991.985352 -45.5391 -67.3198 -58.1121 -58.6964 -61.0126 -73.3542 -63.8413 -52.7013 -72.3315 -75.1965 -66.7601 -66.2409 -64.56 -24.2404 -60.2279 -65.5654 -22.8337 -66.2848 -56.3876 -48.6453 -49.8204 -62.4947
8992.990234 -45.8641 -67.3984 -58.1907 -58.9701 -61.2294 -73.4325 -64.0471 -53.0054 -72.4223 -75.2183 -66.895 -66.4895 -64.5681 -24.5871 -60.3982 -63.0555 -23.2281 -66.532 -56.6533 -48.95 -50.1262 -62.7459
8993.995117 -46.1882 -67.4769 -58.2691 -59.2423 -61.4454 -73.5088 -64.2511 -53.3084 -72.5113 -75.2397 -67.0282 -66.7344 -64.5811 -24.9301 -60.5673 -59.8077 -23.6137 -66.7756 -56.918 -49.2541 -50.4312 -62.9949
8995.000000 -46.5114 -67.5551 -58.3473 -59.5129 -61.6606 -73.5833 -64.4532 -53.6102 -72.5984 -75.2606 -67.1597 -66.9757 -64.5988 -25.2701 -60.7352 -55.2731 -23.9916 -67.0156 -57.1818 -49.5573 -50.7353 -63.2417
8996.004883 -46.8336 -67.6332 -58.4255 -59.7818 -61.875 -73.656 -64.6534 -53.9108 -72.6837 -75.2811 -67.2896 -67.2133 -64.6211 -25.6075 -60.902 -47.8083 -24.3628 -67.252 -57.4447 -49.8599 -51.0384 -63.4863
8997.009766 -47.1549 -67.7111 -58.5034 -60.0491 -62.0884 -73.7268 -64.8517 -54.2101 -72.7672 -75.3012 -67.4176 -67.4473 -64.6478 -25.9428 -61.0675 -31.8057 -24.7281 -67.4848 -57.7065 -50.1616 -51.3407 -63.7286
8998.014648 -47.4753 -67.7888 -58.5813 -60.3146 -62.3008 -73.796 -65.0481 -54.5082 -72.8489 -75.3209 -67.544 -67.6776 -64.6784 -26.2764 -61.2317 -21.2136 -25.0883 -67.7139 -57.9673 -50.4627 -51.642 -63.9686
8999.019531 -47.7947 -67.8663 -58.6589 -60.5784 -62.5122 -73.8634 -65.2425 -54.805 -72.9289 -75.34 -67.6687 -67.9042 -64.7128 -26.6086 -61.3947 -21.062 -25.4438 -67.9394 -58.227 -50.7629 -51.9424 -64.2063
9000.025391 -48.1131 -67.9436 -58.7365 -60.8405 -62.7225 -73.9291 -65.4348 -55.1006 -73.0071 -75.3562 -67.7917 -68.127 -64.7506 -26.9398 -61.5565 -22.3054 -25.7951 -68.1612 -58.4857 -51.0624 -52.2418 -64.4415
9001.030273 -48.4305 -68.0206 -58.8138 -61.1006 -62.9317 -73.9932 -65.6252 -55.3948 -73.0838 -75.3169 -67.913 -68.3461 -64.7911 -27.27 -61.7169 -23.6528 -26.1428 -68.3793 -58.7432 -51.361 -52.5403 -64.6743
9002.035156 -48.747 -68.0973 -58.891 -61.3589 -63.1398 -74.0557 -65.8135 -55.6877 -73.1587 -74.2418 -68.0325 -68.5615 -64.833 -27.5996 -61.876 -24.6454 -26.4871 -68.5938 -58.9995 -51.6589 -52.8378 -64.9047
9003.040039 -49.0624 -68.1738 -58.968 -61.6153 -63.3466 -74.1167 -65.9997 -55.9793 -73.2321 -57.8286 -68.1504 -68.773 -64.8723 -27.9286 -62.0338 -25.4347 -26.8284 -68.8045 -59.2546 -51.9559 -53.1343 -65.1325
9004.044922 -49.3768 -68.25 -59.0448 -61.8698 -63.5522 -74.176 -66.1838 -56.2694 -73.3038 9.50191 -68.2666 -68.9808 -64.8948 -28.2573 -62.1902 -26.1764 -27.167 -69.0115 -59.5085 -52.2521 -53.4299 -65.3578
9005.049805 -49.6902 -68.3259 -59.1215 -62.1222 -63.7564 -74.2339 -66.3658 -56.5582 -73.374 8.10282 -68.3811 -69.1849 -64.8566 -28.5857 -62.3453 -26.8964 -27.503 -69.2149 -59.7612 -52.5475 -53.7245 -65.5805
9006.054688 -50.0025 -68.4015 -59.1979 -62.3726 -63.9594 -74.2899 -66.5457 -56.8456 -73.4427 5.33735 -68.4939 -69.3852 -64.629 -28.9138 -62.499 -27.5744 -27.8368 -69.4145 -60.0125 -52.842 -54.018 -65.8005
9007.059570 -50.3138 -68.4768 -59.2742 -62.6209 -64.1609 -74.3422 -66.7234 -57.1316 -73.5099 2.29548 -68.605 -69.5817 -63.8771 -29.2419 -62.6512 -28.1991 -28.1687 -69.6104 -60.2625 -53.1356 -54.3105 -66.0179
9008.065430 -50.6241 -68.5518 -59.3503 -62.8672 -64.361 -74.3736 -66.8989 -57.416 -73.5756 -0.37339 -68.7144 -69.7745 -61.9523 -29.5699 -62.8021 -28.7676 -28.4987 -69.8026 -60.5111 -53.4283 -54.602 -66.2327
9009.070312 -50.9333 -68.6264 -59.4261 -63.1112 -64.5596 -74.2085 -67.0723 -57.699 -73.6399 -2.56524 -68.8222 -69.9635 -57.1485 -29.8978 -62.9515 -29.2814 -28.8271 -69.9912 -60.7583 -53.7202 -54.8925 -66.4447
9010.075195 -51.2414 -68.7007 -59.5018 -63.3531 -64.7567 -71.8916 -67.2434 -57.9804 -73.7027 -4.34935 -68.9283 -70.1488 -46.3381 -30.2258 -63.0995 -29.7432 -29.154 -70.1761 -61.004 -54.0111 -55.1818 -66.654
9011.080078 -51.5484 -68.7747 -59.5772 -63.5927 -64.9523 -48.7674 -67.4123 -58.2603 -73.7642 -5.82357 -69.0328 -70.3304 -32.1299 -30.5537 -63.2461 -30.1554 -29.4796 -70.3573 -61.2483 -54.3011 -55.4701 -66.8605
9012.084961 -51.8543 -68.8483 -59.6524 -63.8301 -65.1463 7.55507 -67.579 -58.5386 -73.8243 -7.0669 -69.1356 -70.5084 -27.8176 -30.8818 -63.3911 -30.5228 -29.804 -70.5349 -61.491 -54.5901 -55.7572 -67.0642
9013.089844 -52.1592 -68.9215 -59.7274 -64.0651 -65.3386 2.17623 -67.7435 -58.8153 -73.883 -8.13492 -69.2368 -70.6826 -28.538 -31.2099 -63.5347 -30.8523 -30.1274 -70.7089 -61.7321 -54.8781 -56.0432 -67.2652
9014.094727 -52.4629 -68.9943 -59.8022 -64.2978 -65.5292 -0.419132 -67.9057 -59.0903 -73.9405 -9.06656 -69.3364 -70.8532 -29.5669 -31.5381 -63.6768 -31.1512 -30.4497 -70.8793 -61.9716 -55.1652 -56.3281 -67.4632
9015.099609 -52.7655 -69.0667 -59.8768 -64.5282 -65.7182 -2.85866 -68.0657 -59.3636 -73.9967 -9.88998 -69.4343 -71.0202 -30.4519 -31.8663 -63.8174 -31.4255 -30.7711 -71.0462 -62.2095 -55.4512 -56.6117 -67.6585
9016.105469 -53.0669 -69.1387 -59.9511 -64.7561 -65.9054 -4.79202 -68.2234 -59.6352 -74.0516 -10.6264 -69.5307 -71.1836 -31.225 -32.1947 -63.9565 -31.6803 -31.0917 -71.2095 -62.4457 -55.7362 -56.8942 -67.8509
9017.110352 -53.3672 -69.2103 -60.0251 -64.9815 -66.0908 -6.37054 -68.3788 -59.905 -74.1053 -11.2922 -69.6254 -71.3435 -31.89 -32.5231 -64.094 -31.9193 -31.4115 -71.3693 -62.6801 -56.0201 -57.1754 -68.0404
9018.115234 -53.6664 -69.2815 -60.0989 -65.2044 -66.2744 -7.69675 -68.532 -60.173 -74.1578 -11.9005 -69.7186 -71.4999 -32.5371 -32.8516 -64.2301 -32.146 -31.7306 -71.5256 -62.9128 -56.303 -57.4554 -68.227
9019.120117 -53.9643 -69.3523 -60.1725 -65.4249 -66.4562 -8.82876 -68.6829 -60.4392 -74.2091 -12.4619 -69.8101 -71.6527 -33.1985 -33.1801 -64.3646 -32.363 -32.0489 -71.6785 -63.1436 -56.5847 -57.7341 -68.4107
9020.125000 -54.2611 -69.4226 -60.2458 -65.6428 -66.6361 -9.80899 -68.8316 -60.7035 -74.2593 -12.9847 -69.8999 -71.8021 -33.8461 -33.5087 -64.4975 -32.5726 -32.3666 -71.828 -63.3726 -56.8653 -58.0114 -68.5915
9021.129883 -54.5567 -69.4925 -60.3189 -65.8581 -66.8141 -10.6699 -68.9779 -60.9659 -74.3083 -13.4756 -69.9877 -71.9482 -34.4519 -33.8372 -64.6288 -32.7766 -32.6837 -71.9742 -63.5998 -57.1447 -58.2874 -68.7694
9022.134766 -54.851 -69.5619 -60.3917 -66.0708 -66.9902 -11.4362 -69.122 -61.2263 -74.3563 -13.9402 -70.0726 -72.0908 -35.014 -34.1658 -64.7584 -32.9763 -33.0001 -72.117 -63.8249 -57.4229 -58.5621 -68.9444
9023.139648 -55.1441 -69.6309 -60.4642 -66.2808 -67.1643 -12.1266 -69.2639 -61.4848 -74.4031 -14.3826 -70.1529 -72.2301 -35.5419 -34.4944 -64.8855 -33.1727 -33.3159 -72.2565 -64.0481 -57.6999 -58.8353 -69.1164
9024.144531 -55.436 -69.6994 -60.5365 -66.4882 -67.3364 -12.7554 -69.4035 -61.7412 -74.4489 -14.8066 -70.2238 -72.3662 -36.0436 -34.823 -65.0086 -33.3666 -33.6311 -72.3927 -64.2694 -57.9756 -59.107 -69.2856
9025.150391 -55.7265 -69.7674 -60.6085 -66.693 -67.5065 -13.3334 -69.5408 -61.9955 -74.4937 -15.2151 -70.2711 -72.499 -36.5241 -35.1515 -65.1231 -33.5587 -33.9457 -72.5258 -64.4885 -58.25 -59.3773 -69.4518
9026.155273 -56.0157 -69.835 -60.6802 -66.895 -67.6746 -13.8694 -69.6759 -62.2478 -74.5373 -15.6106 -70.2531 -72.6286 -36.9864 -35.4799 -65.2182 -33.7495 -34.2597 -72.6557 -64.7056 -58.5231 -59.646 -69.6152
9027.160156 -56.3037 -69.902 -60.7516 -67.0943 -67.8406 -14.37 -69.8088 -62.4978 -74.5791 -15.9951 -70.0795 -72.7551 -37.4326 -35.8082 -65.2677 -33.9394 -34.5731 -72.7825 -64.9206 -58.7948 -59.9132 -69.7756
9028.165039 -56.5902 -69.9686 -60.8228 -67.2909 -68.0046 -14.8408 -69.9394 -62.7457 -74.6089 -16.3705 -69.5885 -72.8785 -37.865 -36.1364 -65.2187 -34.1288 -34.8859 -72.9062 -65.1334 -59.0652 -60.1788 -69.9331
9029.169922 -56.8754 -70.0346 -60.8936 -67.4847 -68.1665 -15.2862 -70.0678 -62.9914 -74.5053 -16.7384 -68.4375 -72.9988 -38.2855 -36.4645 -64.9854 -34.318 -35.1981 -73.0269 -65.3441 -59.334 -60.4427 -70.0878
9030.174805 -57.1592 -70.1002 -60.9642 -67.6757 -68.3263 -15.71 -70.194 -63.2348 -72.7912 -17.0999 -65.384 -73.1162 -38.6956 -36.7923 -64.4675 -34.5074 -35.5097 -73.1446 -65.5525 -59.6014 -60.705 -70.2396
9031.179688 -57.4416 -70.1652 -61.0344 -67.8639 -68.484 -16.1152 -70.318 -63.4759 -52.9923 -17.4563 -50.3931 -73.2306 -39.0963 -37.12 -63.5757 -34.6971 -35.8207 -73.2594 -65.7588 -59.8673 -60.9656 -70.3885
9032.184570 -57.7225 -70.2297 -61.1044 -68.0494 -68.6395 -16.5044 -70.4398 -63.7147 5.942 -17.8087 -11.566 -73.3421 -39.4884 -37.4475 -62.254 -34.8874 -36.1311 -73.3714 -65.9627 -60.1317 -61.2243 -70.5346
9033.189453 -58.0019 -70.2937 -61.174 -68.232 -68.7929 -16.88 -70.5595 -63.951 4.28844 -18.1577 -8.57817 -73.4508 -39.8724 -37.7747 -60.5076 -35.0785 -36.4408 -73.4805 -66.1643 -60.3944 -61.4813 -70.6779
9034.195312 -58.2798 -70.3572 -61.2434 -68.4119 -68.9442 -17.2438 -70.6771 -64.185 1.41914 -18.5043 -9.64672 -73.5567 -40.2486 -38.1016 -58.4049 -35.2703 -36.7499 -73.5868 -66.3636 -60.6555 -61.7365 -70.8182
9035.200195 -58.5561 -70.4201 -61.3124 -68.5889 -69.0933 -17.5974 -70.7924 -64.4165 -1.12113 -18.8491 -10.9745 -73.6599 -40.6174 -38.4283 -56.0654 -35.4631 -37.0584 -73.6904 -66.5606 -60.915 -61.9897 -70.9554
9036.205078 -58.8309 -70.4825 -61.3811 -68.7631 -69.2402 -17.9424 -70.9057 -64.6456 -3.24157 -19.1926 -12.4775 -73.7604 -40.9791 -38.7546 -53.715 -35.6569 -37.3662 -73.7913 -66.7552 -61.1727 -62.2411 -71.0883
9037.209961 -59.1041 -70.5444 -61.4495 -68.9345 -69.3849 -18.2799 -71.0169 -64.8721 -4.99849 -19.5353 -13.8492 -73.8582 -41.3341 -39.0806 -51.4751 -35.8517 -37.6733 -73.8896 -66.9473 -61.4286 -62.4904 -71.2151
9038.214844 -59.3756 -70.6057 -61.5176 -69.1031 -69.5275 -18.611 -71.126 -65.0961 -6.45255 -19.8778 -15.0377 -73.9535 -41.6825 -39.4062 -49.4448 -36.0476 -37.9797 -73.9853 -67.1371 -61.6827 -62.7378 -71.3319
9039.219727 -59.6454 -70.6665 -61.5853 -69.2688 -69.6679 -18.9367 -71.2331 -65.3175 -7.67215 -20.2203 -16.0702 -74.0463 -42.0246 -39.7315 -47.8211 -36.2447 -38.2854 -74.0782 -67.3244 -61.935 -62.9831 -71.4265
9040.224609 -59.9135 -70.7267 -61.6527 -69.4318 -69.8061 -19.2578 -71.3381 -65.5363 -8.71328 -20.5632 -16.9787 -74.1365 -42.3608 -40.0564 -46.6868 -36.4428 -38.5904 -74.1673 -67.5093 -62.1854 -63.2263 -71.4487
9041.230469 -60.1799 -70.7863 -61.7197 -69.5919 -69.9421 -19.575 -71.4411 -65.7524 -9.61695 -20.9068 -17.7887 -74.2244 -42.6913 -40.3808 -45.9383 -36.6421 -38.8946 -74.2468 -67.6917 -62.4339 -63.4673 -71.216
9042.235352 -60.4445 -70.8454 -61.7865 -69.7492 -70.076 -19.8891 -71.5421 -65.9659 -10.413 -21.2514 -18.5186 -74.3099 -43.0164 -40.7048 -45.4352 -36.8424 -39.1981 -74.2863 -67.8716 -62.6803 -63.7062 -70.1971
9043.240234 -60.7072 -70.9039 -61.8528 -69.9038 -70.2076 -20.2005 -71.6412 -66.1767 -11.1235 -21.5971 -19.1824 -74.3931 -43.3363 -41.0283 -45.0876 -37.0439 -39.5009 -74.1222 -68.049 -62.9248 -63.9429 -66.1365
9044.245117 -60.9681 -70.9613 -61.9188 -70.0555 -70.3371 -20.5098 -71.7383 -66.3849 -11.7649 -21.944 -19.791 -74.474 -43.6514 -41.3512 -44.8313 -37.2464 -39.8028 -72.8921 -68.2239 -63.1672 -64.1773 -46.7092
9045.250000 -61.2271 -71.0122 -61.9844 -70.2045 -70.4645 -20.8173 -71.8334 -66.5902 -12.3497 -22.2925 -20.3533 -74.5527 -43.9618 -41.6737 -44.5875 -37.4499 -40.104 -65.3008 -68.3962 -63.4075 -64.4094 -12.0335
9046.254883 -61.4841 -71.0002 -62.0496 -70.3508 -70.5896 -21.1235 -71.9267 -66.7929 -12.8877 -22.6425 -20.8765 -74.6287 -44.268 -41.9956 -44.2822 -37.6544 -40.4044 -23.1737 -68.566 -63.6456 -64.6392 -10.4231
9047.259766 -61.7391 -70.3266 -62.1142 -70.4943 -70.7126 -21.4287 -72.0181 -66.9927 -13.3866 -22.9941 -21.3663 -74.6998 -44.57 -42.3168 -43.8855 -37.86 -40.7039 0.308195 -68.7333 -63.8815 -64.8666 -10.9807
9048.264648 -61.9921 -63.7676 -62.1783 -70.635 -70.8335 -21.7333 -72.1076 -67.1898 -13.8525 -23.3474 -21.8275 -74.7466 -44.8682 -42.6375 -43.4005 -38.0665 -41.0025 -1.70127 -68.8981 -64.1152 -65.0915 -11.4742
9049.269531 -62.2431 -23.2727 -62.2416 -70.7731 -70.9522 -22.0374 -72.1953 -67.3841 -14.2904 -23.7026 -22.2641 -74.6141 -45.1627 -42.9576 -42.8492 -38.2739 -41.3003 -3.77253 -69.0603 -64.3467 -65.3141 -11.7623
9050.275391 -62.492 -3.08841 -62.304 -70.9085 -71.0689 -22.3413 -72.2813 -67.5755 -14.7044 -24.0595 -22.6792 -72.9676 -45.4538 -43.277 -42.3041 -38.4823 -41.5972 -5.56101 -69.2199 -64.5758 -65.5341 -12.3074
9051.280273 -62.7387 -4.05001 -62.3651 -71.0413 -71.1834 -22.6451 -72.3654 -67.7642 -15.0981 -24.4182 -23.0758 -57.995 -45.7414 -43.5958 -41.8718 -38.6915 -41.8932 -7.04955 -69.377 -64.8026 -65.7517 -13.0285
9052.285156 -62.9832 -5.72388 -62.4247 -71.1714 -71.2958 -22.9491 -72.4478 -67.95 -15.4743 -24.7788 -23.4562 1.82471 -46.0257 -43.9138 -41.6056 -38.9015 -42.1883 -8.2751 -69.5316 -65.0269 -65.9667 -13.7967
9053.290039 -63.2256 -7.50717 -62.4823 -71.2989 -71.4061 -23.2534 -72.5284 -68.1329 -15.8355 -25.1411 -23.8223 0.585324 -46.3064 -44.2312 -41.4877 -39.1124 -42.4824 -9.29804 -69.6836 -65.2489 -66.1791 -14.5454
9054.294922 -63.4657 -9.13116 -62.5375 -71.4238 -71.5143 -23.5582 -72.6074 -68.3131 -16.1839 -25.5052 -24.176 -1.7979 -46.5827 -44.5478 -41.4772 -39.324 -42.7756 -10.1791 -69.833 -65.4684 -66.3889 -15.2498
9055.299805 -63.7034 -10.5521 -62.5897 -71.5462 -71.6205 -23.8634 -72.6847 -68.4903 -16.5212 -25.8711 -24.5187 -3.95659 -46.8535 -44.8637 -41.538 -39.5364 -43.0678 -10.9604 -69.98 -65.6854 -66.5961 -15.905
9056.304688 -63.9389 -11.7594 -62.6383 -71.666 -71.7247 -24.1693 -72.7604 -68.6648 -16.8491 -26.2386 -24.8518 -5.7774 -47.1166 -45.1789 -41.6452 -39.7496 -43.359 -11.6693 -70.1244 -65.8999 -66.8007 -16.514
9057.309570 -64.172 -12.7832 -62.6828 -71.7833 -71.8268 -24.4758 -72.8344 -68.8363 -17.169 -26.6079 -25.1764 -7.33996 -47.3691 -45.4932 -41.7821 -39.9634 -43.6493 -12.3233 -70.2663 -66.1119 -67.0025 -17.0822
9058.314453 -64.4027 -13.6674 -62.7225 -71.8982 -71.9269 -24.7831 -72.9068 -69.005 -17.4821 -26.9787 -25.4935 -8.66755 -47.6076 -45.8068 -41.9381 -40.1779 -43.9385 -12.9336 -70.4057 -66.3212 -67.2017 -17.6152
9059.320312 -64.631 -14.4481 -62.7568 -72.0106 -72.0248 -25.0911 -72.9777 -69.1709 -17.7894 -27.351 -25.804 -9.79793 -47.8283 -46.1196 -42.1063 -40.3931 -44.2267 -13.5079 -70.5426 -66.528 -67.3981 -18.1182
9060.325195 -64.8569 -15.149 -62.7851 -72.1206 -72.1197 -25.4 -73.047 -69.3339 -18.0919 -27.7248 -26.1086 -10.7691 -48.0284 -46.4315 -42.2822 -40.6088 -44.5139 -14.0519 -70.677 -66.7321 -67.5918 -18.5956
9061.330078 -65.0802 -15.7853 -62.807 -72.2282 -72.2082 -25.7098 -73.1148 -69.4941 -18.3903 -28.1 -26.4082 -11.6156 -48.2061 -46.7426 -42.4626 -40.8251 -44.8001 -14.5703 -70.809 -66.9335 -67.7828 -19.051
9062.334961 -65.301 -16.3685 -62.8221 -72.3334 -72.2754 -26.0204 -73.1812 -69.6515 -18.6855 -28.4765 -26.7031 -12.3669 -48.3611 -47.0529 -42.6435 -41.042 -45.0852 -15.0673 -70.9385 -67.1323 -67.9709 -19.4877
9063.339844 -65.5193 -16.9076 -62.8298 -72.4363 -72.2646 -26.3318 -73.246 -69.806 -18.9781 -28.8543 -26.9941 -13.0468 -48.4947 -47.3623 -42.8178 -41.2594 -45.3692 -15.5462 -71.0656 -67.3283 -68.1563 -19.9082
9064.344727 -65.7349 -17.4097 -62.83 -72.537 -71.9919 -26.6442 -73.3095 -69.9578 -19.2686 -29.2332 -27.2815 -13.6727 -48.6098 -47.6708 -42.9714 -41.4773 -45.6522 -16.0098 -71.1903 -67.5217 -68.3389 -20.3148
9065.349609 -65.948 -17.8804 -62.8223 -72.6354 -70.7598 -26.9574 -73.3715 -70.1067 -19.5575 -29.6132 -27.5658 -14.2567 -48.7095 -47.9785 -43.0827 -41.6957 -45.934 -16.4607 -71.3125 -67.7123 -68.5187 -20.7093
9066.355469 -66.1585 -18.3242 -62.8067 -72.7315 -64.8759 -27.2715 -73.4322 -70.2529 -19.8453 -29.9941 -27.8473 -14.8075 -48.7976 -48.2852 -43.1297 -41.9145 -46.2148 -16.9009 -71.4324 -67.9001 -68.6957 -21.0934
9067.360352 -66.3662 -18.7451 -62.7832 -72.8255 -32.8361 -27.5864 -73.4914 -70.3963 -20.1323 -30.376 -28.1263 -15.3314 -48.8775 -48.5911 -43.1038 -42.1337 -46.4945 -17.3322 -71.55 -68.0852 -68.8699 -21.4685
9068.365234 -66.5713 -19.1464 -62.7516 -72.9174 -7.48144 -27.9021 -73.5494 -70.537 -20.4188 -30.7587 -28.4033 -15.8328 -48.9522 -48.896 -43.0146 -42.3533 -46.7731 -17.7559 -71.6652 -68.2675 -69.0413 -21.8358
9069.370117 -66.7737 -19.5309 -62.7121 -73.0071 -7.55808 -28.2187 -73.606 -70.675 -20.7053 -31.1422 -28.6784 -16.3155 -49.0243 -49.2 -42.8838 -42.5733 -47.0506 -18.1735 -71.7779 -68.447 -69.2098 -22.1964
9070.375000 -66.9734 -19.9009 -62.6648 -73.0947 -8.07834 -28.5361 -73.6607 -70.8102 -20.9918 -31.5263 -28.9518 -16.7824 -49.0957 -49.5031 -42.734 -42.7936 -47.3269 -18.5859 -71.887 -68.6237 -69.3755 -22.5511
9071.379883 -67.1704 -20.2586 -62.6099 -73.1804 -8.41625 -28.8542 -73.7089 -70.9428 -21.2787 -31.911 -29.2238 -17.2358 -49.1684 -49.8052 -42.5832 -43.0142 -47.6022 -18.9941 -71.9868 -68.7976 -69.5384 -22.9007
9072.384766 -67.3646 -20.6057 -62.5474 -73.264 -8.60447 -29.173 -73.7073 -71.0728 -21.5662 -32.2962 -29.4946 -17.6779 -49.2436 -50.1064 -42.4429 -43.2352 -47.8763 -19.399 -72.0623 -68.9687 -69.6985 -23.2459
9073.389648 -67.556 -20.9438 -62.4774 -73.3456 -9.1305 -29.4925 -73.2351 -71.2001 -21.8543 -32.6818 -29.7643 -18.1102 -49.3222 -50.4066 -42.3196 -43.4564 -48.1492 -19.8011 -72.0793 -69.137 -69.8559 -23.5873
9074.394531 -67.7447 -21.2742 -62.3997 -73.4253 -9.88906 -29.8127 -69.0546 -71.3248 -22.1433 -33.0678 -30.0331 -18.5344 -49.4051 -50.7058 -42.2158 -43.6779 -48.4211 -20.2013 -71.8905 -69.3025 -70.0104 -23.9255
9075.400391 -67.9306 -21.5981 -62.314 -73.5031 -10.7058 -30.1336 -48.0394 -71.447 -22.4332 -33.454 -30.301 -18.9516 -49.4926 -51.0041 -42.1319 -43.8995 -48.6918 -20.5999 -70.5707 -69.4652 -70.1621 -24.261
9076.405273 -68.1137 -21.9164 -62.2201 -73.579 -11.4917 -30.455 1.96078 -71.5666 -22.7242 -33.8404 -30.5683 -19.363 -49.585 -51.3014 -42.0671 -44.1214 -48.9614 -20.9974 -62.903 -69.6251 -70.311 -24.594
9077.410156 -68.294 -22.2299 -62.1175 -73.6531 -12.2163 -30.777 1.66206 -71.6836 -23.0163 -34.2269 -30.835 -19.7695 -49.6824 -51.5977 -42.02 -44.3435 -49.2298 -21.3942 -15.4489 -69.7821 -70.4572 -24.925
9078.415039 -68.4714 -22.5395 -62.0053 -73.7254 -12.8754 -31.0995 -0.896486 -71.7982 -23.3096 -34.6134 -31.1013 -20.172 -49.7849 -51.8929 -41.9893 -44.5657 -49.497 -21.7906 -9.17832 -69.9364 -70.6007 -25.2542
9079.419922 -68.6461 -22.8457 -61.8829 -73.7959 -13.4745 -31.4225 -3.27604 -71.9104 -23.6041 -35 -31.3671 -20.5712 -49.8924 -52.1872 -41.9733 -44.7881 -49.7632 -22.187 -7.8998 -70.088 -70.7414 -25.582
9080.424805 -68.818 -23.1488 -61.7491 -73.8648 -14.0216 -31.7459 -5.299 -72.0201 -23.8999 -35.3863 -31.6326 -20.9677 -50.0047 -52.4804 -41.9708 -45.0106 -50.0282 -22.5835 -8.53145 -70.2367 -70.8794 -25.9086
9081.429688 -68.9871 -23.4494 -61.6031 -73.9319 -14.5243 -32.0698 -6.96797 -72.1274 -24.197 -35.7726 -31.8979 -21.3621 -50.1217 -52.7726 -41.9805 -45.2331 -50.292 -22.9803 -9.87936 -70.3828 -71.0148 -26.2342
9082.434570 -69.1533 -23.7478 -61.444 -73.9974 -14.9896 -32.394 -8.34554 -72.2324 -24.4954 -36.1586 -32.163 -21.7549 -50.2432 -53.0638 -42.0013 -45.4558 -50.5546 -23.3776 -11.271 -70.526 -71.1477 -26.5589
9083.439453 -69.3168 -24.0441 -61.271 -74.0612 -15.4231 -32.7186 -9.49779 -72.335 -24.7951 -36.5443 -32.4279 -22.1464 -50.3691 -53.3539 -42.0322 -45.6785 -50.8162 -23.7756 -12.5729 -70.6666 -71.2788 -26.8829
9084.445312 -69.4774 -24.3387 -61.0837 -74.1235 -15.8295 -33.0435 -10.479 -72.4353 -25.0961 -36.9296 -32.6927 -22.537 -50.499 -53.6429 -42.0723 -45.9012 -51.0765 -24.1743 -13.7565 -70.8044 -71.4104 -27.2064
9085.450195 -69.6353 -24.6316 -60.8823 -74.1842 -16.2127 -33.3686 -11.3302 -72.5334 -25.3984 -37.3145 -32.9574 -22.9271 -50.6329 -53.9308 -42.1209 -46.1239 -51.3357 -24.5739 -14.8284 -70.9396 -71.5481 -27.5294
9086.455078 -69.7904 -24.923 -60.6672 -74.2434 -16.5762 -33.694 -12.0819 -72.6293 -25.702 -37.699 -33.2221 -23.3169 -50.7704 -54.2177 -42.1772 -46.3467 -51.5938 -24.9743 -15.8093 -71.0721 -71.6987 -27.8521
9087.459961 -69.9427 -25.2131 -60.4395 -74.3012 -16.9226 -34.0196 -12.7564 -72.7229 -26.0068 -38.0829 -33.4868 -23.7065 -50.9114 -54.5034 -42.2406 -46.5694 -51.8507 -25.3756 -16.7137 -71.202 -71.7913 -28.1745
9088.464844 -70.0923 -25.502 -60.2007 -74.3574 -17.2544 -34.3453 -13.3701 -72.8145 -26.3128 -38.4662 -33.7515 -24.0963 -51.0558 -54.788 -42.3106 -46.7921 -52.1064 -25.7778 -17.5518 -71.3292 -71.7776 -28.4968
9089.469727 -70.2392 -25.7896 -59.9525 -74.4123 -17.5736 -34.6712 -13.9349 -72.9039 -26.62 -38.8489 -34.0162 -24.4864 -51.2032 -55.0715 -42.3866 -47.0147 -52.361 -26.181 -18.3315 -71.4538 -71.6029 -28.8189
9090.474609 -70.3833 -26.0762 -59.6973 -74.4657 -17.8819 -34.9971 -14.4593 -72.9912 -26.9283 -39.2309 -34.281 -24.8768 -51.3536 -55.3537 -42.4683 -47.2372 -52.6144 -26.5851 -19.0599 -71.5759 -71.1046 -29.141
9091.480469 -70.5247 -26.3618 -59.4374 -74.5178 -18.1808 -35.3231 -14.9502 -73.0764 -27.2377 -39.6122 -34.5458 -25.2677 -51.5067 -55.6348 -42.5552 -47.4597 -52.8666 -26.9901 -19.7432 -71.6954 -69.6854 -29.463
9092.485352 -70.6634 -26.6465 -59.1754 -74.5686 -18.4718 -35.6491 -15.4127 -73.1597 -27.5482 -39.9927 -34.8107 -25.6592 -51.6624 -55.9147 -42.647 -47.682 -53.1177 -27.3961 -20.3968 -71.8125 -64.6941 -29.785
9093.490234 -70.7995 -26.9303 -58.9137 -74.6181 -18.7559 -35.9752 -15.8507 -73.241 -27.8597 -40.3725 -35.0756 -26.0514 -51.8205 -56.1934 -42.7434 -47.9042 -53.3676 -27.8028 -21.0562 -71.927 -53.1935 -30.1071
9094.495117 -70.9329 -27.2132 -58.6547 -74.6663 -19.0342 -36.3012 -16.2677 -73.3203 -28.1721 -40.7513 -35.3407 -26.4442 -51.9809 -56.4709 -42.8441 -48.1263 -53.6163 -28.2104 -21.5703 -72.0391 -12.1906 -30.4292
9095.500000 -71.0637 -27.4954 -58.4007 -74.7133 -19.3076 -36.6271 -16.6664 -73.3978 -28.4855 -41.1292 -35.6058 -26.8378 -52.1435 -56.747 -42.9488 -48.3483 -53.8638 -28.6187 -21.9425 -72.1487 -8.30775 -30.7514
9096.504883 -71.1919 -27.7768 -58.1536 -74.7591 -19.5768 -36.9529 -17.049 -73.4734 -28.7997 -41.5062 -35.871 -27.2321 -52.3081 -57.0219 -43.0573 -48.57 -54.1102 -29.0278 -22.2335 -72.2559 -9.20862 -31.0736
9097.509766 -71.3175 -28.0575 -57.9151 -74.8037 -19.8426 -37.2786 -17.4176 -73.5471 -29.1147 -41.8821 -36.1362 -27.6271 -52.4745 -57.2955 -43.1694 -48.7916 -54.3553 -29.4375 -22.4829 -72.3601 -9.67571 -31.3959
9098.514648 -71.4406 -28.3375 -57.6867 -74.8471 -20.1056 -37.6041 -17.7738 -73.6191 -29.4305 -42.257 -36.4016 -28.0229 -52.6427 -57.5677 -43.2849 -49.013 -54.5993 -29.8478 -22.7126 -72.4562 -10.1799 -31.7183
9099.519531 -71.5611 -28.6168 -57.4694 -74.8895 -20.3662 -37.9295 -18.119 -73.6893 -29.747 -42.6308 -36.667 -28.4195 -52.8126 -57.8385 -43.4036 -49.2342 -54.8421 -30.2586 -22.9341 -72.5012 -11.0552 -32.0408
9100.525391 -71.6792 -28.8956 -57.264 -74.9307 -20.6251 -38.2546 -18.4546 -73.7578 -30.0642 -43.0035 -36.9324 -28.8168 -52.984 -58.108 -43.5253 -49.4552 -55.0836 -30.6699 -23.1534 -72.184 -12.0437 -32.3634
9101.530273 -71.7947 -29.1736 -57.0706 -74.9709 -20.8826 -38.5796 -18.7816 -73.8245 -30.3819 -43.375 -37.198 -29.2147 -53.1568 -58.376 -43.65 -49.6759 -55.324 -31.0815 -23.3734 -69.4849 -13.0208 -32.686
9102.535156 -71.9079 -29.4511 -56.8874 -75.01 -21.1391 -38.9042 -19.101 -73.8897 -30.7003 -43.7453 -37.4635 -29.6133 -53.331 -58.6426 -43.7774 -49.8964 -55.5631 -31.4936 -23.5953 -53.2204 -13.9355 -33.0088
9103.540039 -72.0186 -29.7279 -56.7073 -75.0481 -21.3949 -39.2286 -19.4137 -73.9531 -31.0191 -44.1144 -37.7291 -30.0126 -53.5063 -58.9077 -43.9075 -50.1166 -55.801 -31.9058 -23.8198 -9.18868 -14.7752 -33.3315
9104.544922 -72.127 -30.0042 -56.5103 -75.0852 -21.6504 -39.5527 -19.7205 -74.0142 -31.3384 -44.4822 -37.9947 -30.4124 -53.6828 -59.1713 -44.0401 -50.3366 -56.0377 -32.3183 -24.0469 -6.73288 -15.5441 -33.6543
9105.549805 -72.233 -30.2799 -56.2586 -75.1214 -21.9057 -39.8764 -20.0221 -74.067 -31.6581 -44.8487 -38.2603 -30.8128 -53.8604 -59.4334 -44.1751 -50.5562 -56.2731 -32.7309 -24.2767 -7.56958 -16.2512 -33.9772
9106.554688 -72.3367 -30.5549 -55.8961 -75.1566 -22.1611 -40.1998 -20.319 -74.0591 -31.9782 -45.2139 -38.5259 -31.2136 -54.0389 -59.6938 -44.3125 -50.7756 -56.5073 -33.1436 -24.5089 -8.62266 -16.906 -34.3
9107.559570 -72.4382 -30.8294 -55.3533 -75.1909 -22.4168 -40.5228 -20.6119 -73.4756 -32.2985 -45.5777 -38.7915 -31.615 -54.2183 -59.9527 -44.452 -50.9947 -56.7402 -33.5562 -24.7435 -9.71733 -17.5165 -34.6228
9108.564453 -72.5374 -31.1033 -54.5569 -75.2243 -22.6729 -40.8454 -20.9012 -66.8928 -32.6192 -45.9402 -39.0571 -32.0167 -54.3985 -60.2099 -44.5937 -51.2135 -56.9719 -33.9688 -24.9803 -10.7473 -18.0897 -34.9457
9109.570312 -72.6343 -31.3766 -53.4495 -75.2569 -22.9296 -41.1676 -21.1873 0.0222746 -32.9401 -46.3013 -39.3226 -32.4187 -54.5794 -60.4654 -44.7374 -51.4319 -57.2022 -34.3813 -25.2191 -11.6837 -18.6312 -35.2685
9110.575195 -72.7291 -31.6493 -52.0197 -75.2886 -23.1871 -41.4893 -21.4707 3.58 -33.2612 -46.6609 -39.5881 -32.821 -54.761 -60.7193 -44.883 -51.65 -57.4313 -34.7936 -25.4599 -12.5259 -19.1456 -35.5912
9111.580078 -72.8218 -31.9213 -50.3337 -75.3194 -23.4455 -41.8105 -21.7517 1.39831 -33.5824 -47.0191 -39.8535 -33.2236 -54.9432 -60.9713 -45.0306 -51.8677 -57.6591 -35.2056 -25.7025 -13.2831 -19.6366 -35.9139
9112.584961 -72.9123 -32.1928 -48.5359 -75.3495 -23.7047 -42.1311 -22.0306 -0.71024 -33.9037 -47.3759 -40.1188 -33.6263 -55.1259 -61.2216 -45.1799 -52.0851 -57.8855 -35.6174 -25.9468 -13.9674 -20.1075 -36.2365
9113.589844 -73.0008 -32.4637 -46.8278 -75.3788 -23.965 -42.4513 -22.3077 -2.53462 -34.225 -47.7311 -40.384 -34.0292 -55.309 -61.4701 -45.331 -52.3021 -58.1107 -36.0288 -26.1929 -14.5906 -20.5607 -36.559
9114.594727 -73.0872 -32.734 -45.4002 -75.4073 -24.2264 -42.7709 -22.5832 -4.0778 -34.5464 -48.0848 -40.649 -34.4321 -55.4925 -61.7167 -45.4837 -52.5188 -58.3345 -36.4397 -26.4405 -15.1628 -20.9987 -36.8814
9115.599609 -73.1716 -33.0037 -44.3437 -75.4351 -24.4889 -43.0899 -22.8575 -5.37917 -34.8678 -48.437 -40.9139 -34.8351 -55.6764 -61.9615 -45.6381 -52.735 -58.5569 -36.8502 -26.6897 -15.6926 -21.4234 -37.2037
9116.605469 -73.2541 -33.2727 -43.6445 -75.4621 -24.7526 -43.4083 -23.1306 -6.48703 -35.1891 -48.7877 -41.1786 -35.238 -55.8605 -62.2043 -45.794 -52.9508 -58.778 -37.2602 -26.9405 -16.187 -21.8362 -37.5257
9117.610352 -73.3346 -33.5412 -43.2292 -75.4885 -25.0176 -43.726 -23.4028 -7.44384 -35.5103 -49.1368 -41.4431 -35.6408 -56.0448 -62.4451 -45.9514 -53.1663 -58.9977 -37.6696 -27.1927 -16.6516 -22.2388 -37.8477
9118.615234 -73.4132 -33.809 -43.0149 -75.5136 -25.2837 -44.0431 -23.6743 -8.28306 -35.8314 -49.4844 -41.7074 -36.0435 -56.2293 -62.684 -46.1102 -53.3812 -59.216 -38.0783 -27.4465 -17.0912 -22.6324 -38.1694
9119.620117 -73.49 -34.0763 -42.9359 -75.53 -25.5512 -44.3596 -23.9451 -9.03017 -36.1524 -49.8303 -41.9715 -36.446 -56.4138 -62.9208 -46.2704 -53.5958 -59.4328 -38.4864 -27.7016 -17.5096 -23.018 -38.4909
9120.625000 -73.5649 -34.3429 -42.9449 -75.4211 -25.8199 -44.6754 -24.2155 -9.70429 -36.4731 -50.1747 -42.2353 -36.8482 -56.5984 -63.1556 -46.4319 -53.8099 -59.6483 -38.8938 -27.9581 -17.91 -23.3965 -38.8122
9121.629883 -73.638 -34.609 -43.0102 -73.2998 -26.0899 -44.9905 -24.4855 -10.3197 -36.7937 -50.5174 -42.4988 -37.2502 -56.783 -63.3883 -46.5946 -54.0235 -59.8623 -39.3005 -28.216 -18.2951 -23.7689 -39.1332
9122.634766 -73.7094 -34.8744 -43.1107 -37.2551 -26.3611 -45.3048 -24.7552 -10.8873 -37.114 -50.8586 -42.762 -37.6518 -56.9676 -63.6188 -46.7586 -54.2367 -60.0749 -39.7064 -28.4753 -18.6671 -24.1358 -39.454
9123.639648 -73.7791 -35.1392 -43.2327 16.4614 -26.6336 -45.6185 -25.0247 -11.4155 -37.434 -51.1981 -43.025 -38.053 -57.152 -63.8472 -46.9238 -54.4493 -60.286 -40.1114 -28.7359 -19.0278 -24.498 -39.7745
9124.644531 -73.847 -35.4034 -43.3674 11.431 -26.9074 -45.9314 -25.2942 -11.9107 -37.7537 -51.5359 -43.2875 -38.4538 -57.3363 -64.0733 -47.0901 -54.6615 -60.4957 -40.5156 -28.9978 -19.379 -24.8558 -40.0948
9125.650391 -73.9133 -35.667 -43.5089 5.99088 -27.1825 -46.2435 -25.5636 -12.3784 -38.073 -51.8721 -43.5498 -38.8541 -57.5204 -64.2973 -47.2575 -54.8731 -60.7038 -40.9188 -29.2609 -19.7218 -25.2099 -40.4147
9126.655273 -73.978 -35.93 -43.6537 1.8335 -27.4587 -46.5548 -25.833 -12.8228 -38.392 -52.2066 -43.8116 -39.2539 -57.7042 -64.519 -47.4259 -55.0843 -60.9105 -41.3211 -29.5253 -20.0576 -25.5607 -40.7343
9127.660156 -74.0411 -36.1924 -43.7994 -1.25306 -27.7362 -46.8653 -26.1025 -13.2475 -38.7106 -52.5394 -44.0731 -39.6531 -57.8877 -64.7384 -47.5953 -55.2948 -61.1156 -41.7223 -29.791 -20.3873 -25.9085 -41.0535
9128.665039 -74.1026 -36.4542 -43.9446 -3.58783 -28.0149 -47.1751 -26.3722 -13.6553 -39.0289 -52.8705 -44.3342 -40.0517 -58.0709 -64.9554 -47.7657 -55.5049 -61.3192 -42.1225 -30.0578 -20.7119 -26.2537 -41.3723
9129.669922 -74.1626 -36.7154 -44.0883 -5.40466 -28.2947 -47.484 -26.642 -14.0489 -39.3466 -53.1999 -44.5949 -40.4497 -58.2538 -65.1702 -47.9369 -55.7143 -61.5212 -42.5217 -30.3258 -21.0321 -26.5967 -41.6907
9130.674805 -74.2212 -36.976 -44.2302 -6.86052 -28.5756 -47.7921 -26.912 -14.4302 -39.6639 -53.5276 -44.8551 -40.847 -58.4362 -65.3825 -48.1091 -55.9232 -61.7217 -42.9197 -30.5949 -21.3486 -26.9375 -42.0087
9131.679688 -74.2782 -37.236 -44.3698 -8.05941 -28.8577 -48.0993 -27.1822 -14.8012 -39.9808 -53.8535 -45.1149 -41.2436 -58.6181 -65.5925 -48.2821 -56.1314 -61.9205 -43.3165 -30.8651 -21.6619 -27.2766 -42.3263
9132.684570 -74.3339 -37.4955 -44.5072 -9.07097 -29.1408 -48.4057 -27.4527 -15.1634 -40.2971 -54.1776 -45.3742 -41.6393 -58.7996 -65.8 -48.4558 -56.339 -62.1178 -43.7122 -31.1365 -21.9727 -27.614 -42.6434
9133.689453 -74.388 -37.7543 -44.6424 -9.94263 -29.425 -48.7112 -27.7234 -15.518 -40.6129 -54.5 -45.633 -42.0343 -58.9806 -66.0051 -48.6304 -56.5461 -62.3135 -44.1066 -31.4088 -22.2813 -27.95 -42.96
9134.695312 -74.4396 -38.0126 -44.7754 -10.7074 -29.7101 -49.0159 -27.9944 -15.8664 -40.9281 -54.8205 -45.8913 -42.4283 -59.1609 -66.2077 -48.8056 -56.7524 -62.5075 -44.4998 -31.6822 -22.5882 -28.2847 -43.2761
9135.700195 -74.4779 -38.2702 -44.9062 -11.3888 -29.9962 -49.3196 -28.2657 -16.2094 -41.2428 -55.1392 -46.149 -42.8215 -59.3407 -66.4078 -48.9816 -56.9581 -62.7 -44.8917 -31.9566 -22.8937 -28.6183 -43.5916
9136.705078 -74.3857 -38.5273 -45.0351 -12.004 -30.2833 -49.6225 -28.5372 -16.548 -41.5568 -55.4561 -46.4063 -43.2137 -59.5199 -66.6054 -49.1582 -57.1631 -62.8907 -45.2823 -32.232 -23.1982 -28.9508 -43.9067
9137.709961 -72.8472 -38.7838 -45.162 -12.5657 -30.5713 -49.9245 -28.8091 -16.883 -41.8701 -55.7712 -46.663 -43.6049 -59.6983 -66.8005 -49.3354 -57.3674 -63.0798 -45.6716 -32.5082 -23.5019 -29.2824 -44.2212
9138.714844 -54.3373 -39.0397 -45.2873 -13.0836 -30.8601 -50.2255 -29.0812 -17.215 -42.1829 -56.0843 -46.9191 -43.9952 -59.8761 -66.993 -49.5132 -57.571 -63.2672 -46.0595 -32.7854 -23.805 -29.6132 -44.5351
9139.719727 1.60335 -39.2951 -45.4109 -13.5654 -31.1498 -50.5257 -29.3537 -17.5446 -42.4949 -56.3955 -47.1747 -44.3843 -60.0531 -67.183 -49.6916 -57.7738 -63.453 -46.446 -33.0634 -24.1077 -29.9432 -44.8485
9140.724609 1.67287 -39.5499 -45.533 -14.017 -31.4402 -50.8249 -29.6264 -17.8724 -42.8062 -56.7048 -47.4297 -44.7724 -60.2294 -67.3704 -49.8705 -57.9759 -63.637 -46.8311 -33.3423 -24.4104 -30.2725 -45.1612
9141.730469 -0.54617 -39.804 -45.6538 -14.4434 -31.7314 -51.1231 -29.8994 -18.1989 -43.1168 -57.0121 -47.684 -45.1594 -60.4049 -67.5552 -50.0499 -58.1773 -63.8193 -47.2147 -33.6219 -24.713 -30.6012 -45.4733
9142.735352 -2.83537 -40.0577 -45.7733 -14.8485 -32.0234 -51.4204 -30.1727 -18.5243 -43.4267 -57.3174 -47.9378 -45.5452 -60.5796 -67.7374 -50.2298 -58.3778 -63.9999 -47.5969 -33.9023 -25.0158 -30.9293 -45.7848
9143.740234 -4.67947 -40.3107 -45.8916 -15.2356 -32.316 -51.7168 -30.4462 -18.8492 -43.7357 -57.6207 -48.1909 -45.9298 -60.7534 -67.917 -50.4101 -58.5775 -64.1788 -47.9777 -34.1834 -25.3188 -31.2569 -46.0957
9144.745117 -6.21248 -40.5632 -46.0089 -15.6076 -32.6092 -52.0122 -30.72 -19.1737 -44.044 -57.922 -48.4434 -46.3133 -60.9264 -68.094 -50.5907 -58.7764 -64.3559 -48.3569 -34.4653 -25.6222 -31.5839 -46.4059
9145.750000 -7.51581 -40.815 -46.1252 -15.9668 -32.9031 -52.3066 -30.9941 -19.4982 -44.3515 -58.2212 -48.6953 -46.6955 -61.0984 -68.2684 -50.7718 -58.9744 -64.5313 -48.7347 -34.7478 -25.9261 -31.9105 -46.7154
9146.754883 -8.63045 -41.0663 -46.2405 -16.3152 -33.1975 -52.6 -31.2684 -19.8229 -44.6582 -58.5183 -48.9465 -47.0765 -61.2695 -68.4401 -50.9532 -59.1716 -64.7049 -49.1109 -35.0309 -26.2305 -32.2367 -47.0243
9147.759766 -9.59591 -41.3169 -46.3551 -16.6545 -33.4925 -52.8924 -31.5429 -20.148 -44.9641 -58.8132 -49.197 -47.4561 -61.4397 -68.6093 -51.135 -59.3678 -64.8767 -49.4855 -35.3146 -26.5355 -32.5624 -47.3324
9148.764648 -10.4453 -41.5669 -46.4688 -16.9861 -33.788 -53.1838 -31.8176 -20.4737 -45.2691 -59.1059 -49.4468 -47.8345 -61.6089 -68.7758 -51.317 -59.5632 -65.0468 -49.8586 -35.5989 -26.8411 -32.8877 -47.6399
9149.769531 -11.2035 -41.8164 -46.5819 -17.3115 -34.0839 -53.4742 -32.0925 -20.8001 -45.5732 -59.3965 -49.696 -48.2116 -61.777 -68.9397 -51.4993 -59.7576 -65.215 -50.2302 -35.8838 -27.1474 -33.2126 -47.9466
9150.775391 -11.8892 -42.0652 -46.6943 -17.6316 -34.3803 -53.7636 -32.3675 -21.1273 -45.8765 -59.6848 -49.9444 -48.5873 -61.9442 -69.1009 -51.6818 -59.9511 -65.3814 -50.6001 -36.1691 -27.4544 -33.5371 -48.2526
9151.780273 -12.5166 -42.3134 -46.8061 -17.9474 -34.6771 -54.0519 -32.6428 -21.4555 -46.1788 -59.9708 -50.1922 -48.9616 -62.1103 -69.2596 -51.8645 -60.1436 -65.546 -50.9684 -36.4549 -27.7622 -33.8613 -48.5579
9152.785156 -13.096 -42.561 -46.9174 -18.2598 -34.9743 -54.3391 -32.9181 -21.7847 -46.4803 -60.2546 -50.4392 -49.3346 -62.2753 -69.4156 -52.0474 -60.3351 -65.7087 -51.3351 -36.7412 -28.0707 -34.185 -48.8624
9153.790039 -13.6357 -42.808 -47.0281 -18.5695 -35.2718 -54.6253 -33.1936 -22.1149 -46.7808 -60.5359 -50.6855 -49.7061 -62.4392 -69.569 -52.2305 -60.5256 -65.8695 -51.7002 -37.0279 -28.3799 -34.5084 -49.1662
9154.794922 -14.1422 -43.0543 -47.1384 -18.8771 -35.5696 -54.9103 -33.4692 -22.4463 -47.0804 -60.8149 -50.9311 -50.0762 -62.602 -69.7198 -52.4137 -60.715 -66.0285 -52.0636 -37.315 -28.6899 -34.8315 -49.4692
9155.799805 -14.6206 -43.3001 -47.2483 -19.1832 -35.8676 -55.1942 -33.7449 -22.7789 -47.3791 -61.0915 -51.1759 -50.4449 -62.7637 -69.8681 -52.597 -60.9034 -66.1855 -52.4253 -37.6024 -29.0007 -35.1541 -49.7714
9156.804688 -15.0751 -43.5452 -47.3577 -19.4883 -36.1659 -55.4771 -34.0207 -23.1127 -47.6768 -61.3656 -51.42 -50.8121 -62.9241 -70.0137 -52.7804 -61.0907 -66.3405 -52.7854 -37.8902 -29.3122 -35.4764 -50.0729
9157.809570 -15.5092 -43.7896 -47.4668 -19.7927 -36.4645 -55.7587 -34.2965 -23.4477 -47.9735 -61.6372 -51.6633 -51.1778 -63.0833 -70.1567 -52.9639 -61.2769 -66.4936 -53.1437 -38.1783 -29.6244 -35.7983 -50.3736
9158.814453 -15.9258 -44.0335 -47.5755 -20.0969 -36.7632 -56.0392 -34.5724 -23.7838 -48.2693 -61.9063 -51.9059 -51.542 -63.2412 -70.297 -53.1473 -61.4619 -66.6445 -53.5003 -38.4667 -29.9374 -36.1199 -50.6735
9159.820312 -16.3273 -44.2767 -47.6839 -20.4012 -37.062 -56.3185 -34.8483 -24.1212 -48.564 -62.1729 -52.1477 -51.9047 -63.3978 -70.4339 -53.3308 -61.6459 -66.7933 -53.8551 -38.7553 -30.2511 -36.441 -50.9726
9160.825195 -16.7159 -44.5192 -47.792 -20.7057 -37.361 -56.5965 -35.1241 -24.4598 -48.8578 -62.4368 -52.3887 -52.2658 -63.553 -70.5655 -53.5143 -61.8286 -66.9398 -54.2082 -39.0441 -30.5654 -36.7618 -51.2708
9161.830078 -17.0933 -44.7611 -47.8998 -21.0109 -37.6601 -56.8733 -35.4 -24.7995 -49.1506 -62.6981 -52.6289 -52.6254 -63.7068 -70.6841 -53.6977 -62.0102 -67.0839 -54.5595 -39.3332 -30.8804 -37.0822 -51.5683
9162.834961 -17.4611 -45.0024 -48.0074 -21.3168 -37.9593 -57.1489 -35.6759 -25.1404 -49.4424 -62.9567 -52.8683 -52.9834 -63.859 -70.7614 -53.881 -62.1905 -67.2252 -54.9089 -39.6224 -31.1961 -37.4022 -51.8649
9163.839844 -17.8207 -45.243 -48.1147 -21.6236 -38.2585 -57.4231 -35.9517 -25.4823 -49.7332 -63.2127 -53.1069 -53.3398 -64.0096 -70.6922 -54.0643 -62.3697 -67.3634 -55.2565 -39.9118 -31.5123 -37.7217 -52.1607
9164.844727 -18.1732 -45.483 -48.2218 -21.9315 -38.5577 -57.6961 -36.2274 -25.8254 -50.023 -63.4659 -53.3447 -53.6945 -64.1585 -70.1102 -54.2474 -62.5475 -67.4977 -55.6022 -40.2013 -31.8291 -38.0409 -52.4556
9165.849609 -18.5196 -45.7223 -48.3286 -22.2406 -38.8569 -57.9677 -36.5031 -26.1694 -50.3117 -63.7163 -53.5816 -54.0476 -64.3056 -67.7571 -54.4304 -62.7241 -67.6269 -55.946 -40.4909 -32.1465 -38.3596 -52.7496
9166.855469 -18.8609 -45.9609 -48.4353 -22.551 -39.1561 -58.2379 -36.7786 -26.5145 -50.5994 -63.9639 -53.8177 -54.3989 -64.4507 -59.82 -54.6132 -62.8994 -67.749 -56.2878 -40.7806 -32.4644 -38.6779 -53.0428
9167.860352 -19.1979 -46.1989 -48.5418 -22.8627 -39.4553 -58.5067 -37.054 -26.8604 -50.886 -64.2087 -54.053 -54.7486 -64.5935 -39.4984 -54.7958 -63.0734 -67.8607 -56.6277 -41.0703 -32.7828 -38.9958 -53.3351
9168.865234 -19.5311 -46.4362 -48.648 -23.1758 -39.7543 -58.774 -37.3293 -27.2073 -51.1717 -64.4506 -54.2874 -55.0965 -64.7338 -17.1407 -54.9783 -63.2461 -67.9548 -56.9655 -41.36 -33.1016 -39.3132 -53.6265
9169.870117 -19.8614 -46.6728 -48.7541 -23.4904 -40.0533 -59.0399 -37.6045 -27.555 -51.4562 -64.6897 -54.521 -55.4426 -64.871 -15.2129 -55.1604 -63.4174 -68.0154 -57.3013 -41.6497 -33.4209 -39.6301 -53.917
9170.875000 -20.1891 -46.9088 -48.86 -23.8065 -40.3521 -59.3043 -37.8795 -27.9035 -51.7397 -64.9258 -54.7536 -55.7868 -65.0048 -16.0846 -55.3423 -63.5873 -68.0056 -57.635 -41.9394 -33.7406 -39.9466 -54.2065
9171.879883 -20.5147 -47.1441 -48.9658 -24.1241 -40.6507 -59.5672 -38.1543 -28.2526 -52.0222 -65.159 -54.9854 -56.1293 -65.1344 -16.4705 -55.5239 -63.7559 -67.8392 -57.9666 -42.229 -34.0606 -40.2627 -54.4952
9172.884766 -20.8388 -47.3787 -49.0714 -24.4432 -40.9492 -59.8285 -38.4289 -28.6025 -52.3035 -65.3892 -55.2162 -56.4698 -65.2591 -16.8968 -55.7052 -63.923 -67.3119 -58.296 -42.5185 -34.381 -40.5782 -54.7828
9173.889648 -21.1615 -47.6126 -49.1769 -24.7638 -41.2474 -60.0882 -38.7033 -28.953 -52.5838 -65.6164 -55.4462 -56.8084 -65.3782 -17.3821 -55.8862 -64.0887 -65.9726 -58.6232 -42.8079 -34.7017 -40.8932 -55.0695
9174.894531 -21.4834 -47.8459 -49.2822 -25.0859 -41.5454 -60.3462 -38.9775 -29.304 -52.863 -65.8407 -55.6752 -57.145 -65.4912 -17.9278 -56.0668 -64.2529 -63.0146 -58.9481 -43.0972 -35.0226 -41.2077 -55.3551
9175.900391 -21.8045 -48.0785 -49.3874 -25.4095 -41.8431 -60.6026 -39.2514 -29.6556 -53.1411 -66.0619 -55.9033 -57.4796 -65.5977 -18.4833 -56.247 -64.4156 -57.753 -59.2708 -43.3863 -35.3438 -41.5217 -55.6398
9176.905273 -22.1253 -48.3104 -49.4924 -25.7346 -42.1405 -60.8572 -39.5251 -30.0076 -53.418 -66.28 -56.1304 -57.8122 -65.6974 -19.0232 -56.4267 -64.5767 -49.9021 -59.591 -43.6752 -35.6651 -41.8351 -55.9233
9177.910156 -22.4459 -48.5416 -49.5973 -26.061 -42.4375 -61.1101 -39.7985 -30.36 -53.6939 -66.4951 -56.3566 -58.1426 -65.7903 -19.5397 -56.6061 -64.7363 -39.8438 -59.9089 -43.964 -35.9867 -42.1479 -56.2059
9178.915039 -22.7664 -48.7721 -49.7021 -26.3888 -42.7343 -61.3612 -40.0716 -30.7128 -53.9686 -66.7071 -56.5817 -58.4709 -65.8767 -20.0328 -56.7849 -64.8942 -31.7909 -60.2243 -44.2525 -36.3084 -42.4602 -56.4873
9179.919922 -23.0871 -49.0019 -49.8068 -26.718 -43.0307 -61.6105 -40.3444 -31.0659 -54.2422 -66.916 -56.8059 -58.797 -65.9567 -20.5044 -56.9633 -65.0503 -27.975 -60.5373 -44.5407 -36.6302 -42.7718 -56.7676
9180.924805 -23.4081 -49.2311 -49.9113 -27.0485 -43.3267 -61.858 -40.6169 -31.4192 -54.5147 -67.1219 -57.029 -59.1208 -66.031 -20.9558 -57.1412 -65.2046 -27.4999 -60.8476 -44.8288 -36.9521 -43.0829 -57.0468
9181.929688 -23.7295 -49.4596 -50.0157 -27.3802 -43.6223 -62.1035 -40.8891 -31.7727 -54.786 -67.3246 -57.2512 -59.4423 -66.0999 -21.3883 -57.3185 -65.3568 -27.2566 -61.1554 -45.1165 -37.274 -43.3934 -57.3248
9182.934570 -24.0513 -49.6873 -50.12 -27.7131 -43.9175 -62.3471 -41.1609 -32.1264 -55.0561 -67.5242 -57.4722 -59.7614 -66.164 -21.8034 -57.4953 -65.507 -26.9465 -61.4605 -45.404 -37.596 -43.7032 -57.6016
9183.939453 -24.3737 -49.9144 -50.2242 -28.0472 -44.2122 -62.5887 -41.4323 -32.4802 -55.325 -67.7207 -57.6923 -60.0782 -66.2241 -22.2031 -57.6715 -65.6547 -26.9111 -61.7629 -45.6911 -37.9179 -44.0124 -57.8771
9184.945312 -24.6968 -50.1408 -50.3283 -28.3823 -44.5065 -62.8283 -41.7033 -32.834 -55.5927 -67.914 -57.9112 -60.3925 -66.2806 -22.5891 -57.847 -65.7998 -27.1129 -62.0626 -45.9779 -38.2399 -44.3209 -58.1514
9185.950195 -25.0205 -50.3665 -50.4322 -28.7185 -44.8004 -63.0659 -41.9739 -33.1878 -55.8592 -68.1043 -58.129 -60.7042 -66.3341 -22.9635 -58.0219 -65.942 -27.3928 -62.3594 -46.2644 -38.5618 -44.6287 -58.4244
9186.955078 -25.345 -50.5915 -50.536 -29.0557 -45.0937 -63.3014 -42.2441 -33.5416 -56.1245 -68.2914 -58.3457 -61.0134 -66.3853 -23.3278 -58.1962 -66.0808 -27.6817 -62.6534 -46.5504 -38.8835 -44.9359 -58.6961
9187.959961 -25.6702 -50.8158 -50.6397 -29.3938 -45.3865 -63.5347 -42.5139 -33.8954 -56.3885 -68.4754 -58.5613 -61.3199 -66.4347 -23.6834 -58.3698 -66.2158 -27.9627 -62.9445 -46.8362 -39.2052 -45.2425 -58.9664
9188.964844 -25.9961 -51.0394 -50.7433 -29.7327 -45.6787 -63.7659 -42.7832 -34.249 -56.6512 -68.6562 -58.7757 -61.6238 -66.4826 -24.0316 -58.5426 -66.3461 -28.2505 -63.2326 -47.1215 -39.5268 -45.5483 -59.2352
9189.969727 -26.3229 -51.2623 -50.8468 -30.0725 -45.9705 -63.9949 -43.052 -34.6025 -56.9127 -68.834 -58.9889 -61.9249 -66.5295 -24.3734 -58.7147 -66.4703 -28.5533 -63.5176 -47.4064 -39.8482 -45.8534 -59.5027
9190.974609 -26.6504 -51.4845 -50.9501 -30.4131 -46.2616 -64.2217 -43.3203 -34.9558 -57.1728 -69.0087 -59.201 -62.2232 -66.5757 -24.7098 -58.886 -66.5865 -28.8718 -63.7996 -47.6909 -40.1694 -46.1578 -59.7686
9191.980469 -26.9786 -51.706 -51.0534 -30.7543 -46.5522 -64.4462 -43.5882 -35.3088 -57.4316 -69.1803 -59.4118 -62.5187 -66.6217 -25.0416 -59.0566 -66.6912 -29.2032 -64.0785 -47.9749 -40.4904 -46.4614 -60.0331
9192.985352 -27.3077 -51.9268 -51.1565 -31.0962 -46.8422 -64.6685 -43.8555 -35.6616 -57.6891 -69.3488 -59.6214 -62.8112 -66.6675 -25.3695 -59.2263 -66.7795 -29.5444 -64.3542 -48.2586 -40.8112 -46.7644 -60.2959
9193.990234 -27.6375 -52.1468 -51.2595 -31.4387 -47.1316 -64.8884 -44.1223 -36.0141 -57.9452 -69.5142 -59.8297 -63.1007 -66.7135 -25.6941 -59.3952 -66.8442 -29.8922 -64.6267 -48.5417 -41.1317 -47.0666 -60.5572
9194.995117 -27.968 -52.3662 -51.3624 -31.7817 -47.4204 -65.1059 -44.3886 -36.3663 -58.1999 -69.6766 -60.0368 -63.3873 -66.7598 -26.016 -59.5633 -66.8738 -30.2437 -64.896 -48.8244 -41.4518 -47.368 -60.8168
9196.000000 -28.2992 -52.5849 -51.4651 -32.1252 -47.7086 -65.3211 -44.6543 -36.7181 -58.4531 -69.836 -60.2425 -63.6707 -66.8065 -26.3358 -59.7304 -66.8484 -30.5964 -65.1619 -49.1066 -41.7717 -47.6688 -61.0748
9197.004883 -28.6311 -52.8028 -51.5678 -32.4691 -47.9961 -65.5338 -44.9195 -37.0695 -58.705 -69.9923 -60.447 -63.9511 -66.8538 -26.6537 -59.8967 -66.7316 -30.9493 -65.4245 -49.3883 -42.0912 -47.9687 -61.331
9198.009766 -28.9637 -53.02 -51.6703 -32.8135 -48.2829 -65.7441 -45.1841 -37.4205 -58.9553 -70.1457 -60.6501 -64.2282 -66.9017 -26.9702 -60.062 -66.4464 -31.3023 -65.6837 -49.6695 -42.4103 -48.2679 -61.5854
9199.014648 -29.2968 -53.2365 -51.7727 -33.1581 -48.5691 -65.952 -45.4481 -37.771 -59.2042 -70.2961 -60.8518 -64.5021 -66.9503 -27.2856 -60.2263 -65.8351 -31.656 -65.9395 -49.9502 -42.729 -48.5663 -61.838
9200.019531 -29.6306 -53.4523 -51.875 -33.503 -48.8547 -66.1573 -45.7115 -38.121 -59.4516 -70.4435 -61.0521 -64.7728 -66.9995 -27.6002 -60.3897 -64.6361 -32.0108 -66.1918 -50.2303 -43.0473 -48.8639 -62.0888
9201.025391 -29.9648 -53.6674 -51.9771 -33.8482 -49.1395 -66.3602 -45.9743 -38.4706 -59.6974 -70.588 -61.251 -65.0401 -67.0494 -27.9141 -60.552 -62.7596 -32.3667 -66.4407 -50.5099 -43.3651 -49.1607 -62.3376
9202.030273 -30.2996 -53.8817 -52.0791 -34.1936 -49.4237 -66.5604 -46.2365 -38.8196 -59.9416 -70.7297 -61.4485 -65.304 -67.0998 -28.2276 -60.7134 -60.4647 -32.7233 -66.686 -50.789 -43.6824 -49.4568 -62.5846
9203.035156 -30.6349 -54.0952 -52.181 -34.5391 -49.7071 -66.7582 -46.498 -39.168 -60.1842 -70.8684 -61.6446 -65.5646 -67.1506 -28.5409 -60.8737 -57.9116 -33.08 -66.9277 -51.0675 -43.9993 -49.752 -62.8295
9204.040039 -30.9706 -54.3081 -52.2827 -34.8847 -49.9899 -66.9533 -46.759 -39.5159 -60.4253 -71.0043 -61.8391 -65.8217 -67.201 -28.8539 -61.0329 -54.8722 -33.4362 -67.1659 -51.3455 -44.3156 -50.0465 -63.0724
9205.044922 -31.3067 -54.5201 -52.3843 -35.2304 -50.2719 -67.1459 -47.0192 -39.8631 -60.6646 -71.1375 -62.0322 -66.0752 -67.2486 -29.1669 -61.191 -51.0027 -33.7915 -67.4004 -51.6229 -44.6315 -50.3401 -63.3132
9206.049805 -31.6431 -54.7315 -52.4858 -35.576 -50.5532 -67.3359 -47.2788 -40.2098 -60.9023 -71.2678 -62.2237 -66.3253 -67.2836 -29.4799 -61.3481 -45.4751 -34.1455 -67.6313 -51.8996 -44.9467 -50.6329 -63.5519
9207.054688 -31.9799 -54.942 -52.5872 -35.9217 -50.8337 -67.5232 -47.5378 -40.5557 -61.1383 -71.3954 -62.4138 -66.5718 -67.2689 -29.7929 -61.5039 -36.5909 -34.4979 -67.8586 -52.1758 -45.2614 -50.925 -63.7884
9208.059570 -32.3169 -55.1518 -52.6884 -36.2673 -51.1135 -67.7079 -47.7961 -40.901 -61.3725 -71.5202 -62.6022 -66.8148 -67.0789 -30.106 -61.6587 -29.0473 -34.8486 -68.0822 -52.4514 -45.5754 -51.2161 -64.0227
9209.064453 -32.6542 -55.3608 -52.7894 -36.6127 -51.3925 -67.89 -48.0537 -41.2456 -61.605 -71.6424 -62.7891 -67.0541 -66.3189 -30.4193 -61.8123 -27.2318 -35.1974 -68.3022 -52.7264 -45.8889 -51.5065 -64.2548
9210.070312 -32.9916 -55.5691 -52.8903 -36.9581 -51.6708 -68.0694 -48.3106 -41.5894 -61.8356 -71.7619 -62.9744 -67.2897 -63.9586 -30.7327 -61.9646 -27.5575 -35.5442 -68.5184 -53.0007 -46.2017 -51.796 -64.4846
9211.075195 -33.3293 -55.7765 -52.9911 -37.3032 -51.9483 -68.2461 -48.5668 -41.9325 -62.0645 -71.8787 -63.158 -67.5217 -56.2041 -31.0463 -62.1158 -28.5017 -35.8889 -68.731 -53.2743 -46.5139 -52.0847 -64.7121
9212.080078 -33.667 -55.9832 -53.0917 -37.6482 -52.2249 -68.4202 -48.8223 -42.2747 -62.2915 -71.9922 -63.34 -67.7501 -34.285 -31.36 -62.2658 -29.4998 -36.2312 -68.9398 -53.5474 -46.8254 -52.3726 -64.9372
9213.084961 -34.0048 -56.189 -53.1922 -37.9929 -52.5008 -68.5915 -49.0771 -42.6162 -62.5166 -72.0996 -63.5204 -67.9747 -20.5152 -31.6739 -62.4145 -30.3493 -36.571 -69.145 -53.8197 -47.1363 -52.6595 -65.1599
9214.089844 -34.3427 -56.394 -53.2925 -38.3373 -52.7759 -68.7603 -49.3312 -42.9568 -62.7398 -72.1843 -63.699 -68.1956 -21.1005 -31.988 -62.5619 -31.104 -36.908 -69.3464 -54.0913 -47.4464 -52.9456 -65.3801
9215.094727 -34.6805 -56.5982 -53.3927 -38.6814 -53.0501 -68.9263 -49.5846 -43.2965 -62.9611 -72.1577 -63.876 -68.4128 -21.9573 -32.3023 -62.7081 -31.8299 -37.2418 -69.5442 -54.3623 -47.7559 -53.2309 -65.598
9216.099609 -35.0184 -56.8016 -53.4927 -39.0252 -53.3235 -69.0897 -49.8373 -43.6354 -63.1804 -71.554 -64.0513 -68.6263 -22.5222 -32.6167 -62.853 -32.549 -37.5723 -69.7382 -54.6325 -48.0646 -53.5152 -65.8133
9217.105469 -35.3562 -57.0041 -53.5925 -39.3686 -53.5961 -69.2504 -50.0892 -43.9734 -63.3978 -68.3348 -64.2248 -68.836 -23.0305 -32.9313 -62.9966 -33.248 -37.8992 -69.9286 -54.902 -48.3726 -53.7987 -66.026
9218.110352 -35.6939 -57.2057 -53.6922 -39.7117 -53.8678 -69.4084 -50.3404 -44.3105 -63.6131 -55.224 -64.3965 -69.042 -23.6261 -33.246 -63.1388 -33.9148 -38.2223 -70.1153 -55.1707 -48.6798 -54.0813 -66.2362
9219.115234 -36.0314 -57.4065 -53.7918 -40.0543 -54.1385 -69.5637 -50.5909 -44.6466 -63.8264 -13.9163 -64.5666 -69.2443 -24.2543 -33.5608 -63.2798 -34.5454 -38.5418 -70.2983 -55.4386 -48.9863 -54.3629 -66.4438
9220.120117 -36.3688 -57.6064 -53.8911 -40.3964 -54.4084 -69.7165 -50.8406 -44.9818 -64.0376 -10.4313 -64.7348 -69.4428 -24.8608 -33.8758 -63.4193 -35.1417 -38.8576 -70.4777 -55.7057 -49.292 -54.6436 -66.6488
9221.125000 -36.706 -57.8054 -53.9903 -40.7381 -54.6774 -69.8665 -51.0895 -45.316 -64.2467 -10.1884 -64.9012 -69.6376 -25.4496 -34.1908 -63.5576 -35.707 -39.1699 -70.6534 -55.972 -49.597 -54.9233 -66.8512
9222.129883 -37.043 -58.0035 -54.0893 -41.0792 -54.9455 -70.014 -51.3377 -45.6492 -64.4537 -10.722 -65.0658 -69.8287 -26.006 -34.5059 -63.6944 -36.2452 -39.4788 -70.8256 -56.2375 -49.9011 -55.2021 -67.0509
9223.134766 -37.3797 -58.2007 -54.1882 -41.4198 -55.2126 -70.1588 -51.5852 -45.9814 -64.6586 -11.6565 -65.2287 -70.0161 -26.5525 -34.821 -63.8297 -36.7601 -39.7845 -70.9942 -56.5021 -50.2045 -55.4799 -67.2479
9224.139648 -37.7161 -58.3969 -54.2868 -41.7598 -55.4787 -70.301 -51.8319 -46.3126 -64.8614 -12.6731 -65.3896 -70.1998 -27.1002 -35.1362 -63.9632 -37.2551 -40.0873 -71.1592 -56.7658 -50.507 -55.7568 -67.4421
9225.144531 -38.0523 -58.5922 -54.3853 -42.0992 -55.7439 -70.4406 -52.0778 -46.6427 -65.0619 -13.648 -65.5487 -70.3799 -27.6441 -35.4513 -64.0942 -37.7335 -40.3874 -71.3207 -57.0286 -50.8087 -56.0326 -67.6337
9226.150391 -38.388 -58.7866 -54.4837 -42.438 -56.008 -70.5776 -52.323 -46.9718 -65.2603 -14.5412 -65.706 -70.5563 -28.1795 -35.7665 -64.2207 -38.1975 -40.6851 -71.4787 -57.2905 -51.1096 -56.3073 -67.8225
9227.155273 -38.7235 -58.98 -54.5818 -42.7761 -56.2711 -70.7121 -52.5674 -47.2999 -65.4564 -15.3482 -65.8614 -70.7291 -28.7052 -36.0816 -64.3382 -38.6486 -40.9806 -71.6333 -57.5514 -51.4096 -56.581 -68.0085
9228.160156 -39.0585 -59.1724 -54.6797 -43.1135 -56.5331 -70.844 -52.811 -47.6268 -65.6504 -16.0808 -66.0149 -70.8983 -29.2212 -36.3967 -64.4371 -39.0878 -41.2741 -71.7844 -57.8113 -51.7088 -56.8536 -68.1918
9229.165039 -39.3931 -59.3638 -54.7775 -43.4502 -56.7941 -70.9734 -53.0538 -47.9527 -65.842 -16.7545 -66.1666 -71.0639 -29.7273 -36.7116 -64.4971 -39.5155 -41.566 -71.9322 -58.0702 -52.0071 -57.1251 -68.3723
9230.169922 -39.7273 -59.5542 -54.8751 -43.7862 -57.054 -71.1003 -53.2958 -48.2775 -66.0314 -17.3816 -66.3163 -71.226 -30.2228 -37.0265 -64.48 -39.932 -41.8563 -72.0766 -58.328 -52.3046 -57.3955 -68.55
9231.174805 -40.061 -59.7435 -54.9724 -44.1214 -57.3127 -71.2248 -53.537 -48.6011 -66.2186 -17.9703 -66.4641 -71.3846 -30.7079 -37.3412 -64.3282 -40.3374 -42.1454 -72.2177 -58.5847 -52.6011 -57.6648 -68.7249
9232.179688 -40.3943 -59.9318 -55.0696 -44.4558 -57.5703 -71.3467 -53.7774 -48.9237 -66.4034 -18.526 -66.61 -71.5397 -31.1835 -37.6558 -63.9768 -40.7317 -42.4333 -72.3555 -58.8403 -52.8967 -57.9328 -68.897
9233.184570 -40.727 -60.1191 -55.1666 -44.7894 -57.8268 -71.4663 -54.017 -49.2451 -66.5859 -19.0531 -66.7538 -71.6914 -31.6509 -37.9701 -63.3765 -41.1152 -42.7202 -72.49 -59.0948 -53.1915 -58.1996 -69.0663
9234.189453 -41.0591 -60.3052 -55.2634 -45.1223 -58.082 -71.5834 -54.2558 -49.5654 -66.7662 -19.5557 -66.8955 -71.8396 -32.1111 -38.2843 -62.5085 -41.488 -43.0062 -72.6214 -59.348 -53.4852 -58.4652 -69.2328
9235.195312 -41.3907 -60.4903 -55.3599 -45.4542 -58.3359 -71.6982 -54.4937 -49.8845 -66.9441 -20.0371 -67.0347 -71.9846 -32.5645 -38.5983 -61.3894 -41.85 -43.2914 -72.7497 -59.6001 -53.7781 -58.7296 -69.3965
9236.200195 -41.7217 -60.6743 -55.4563 -45.7853 -58.5886 -71.8106 -54.7308 -50.2025 -67.1196 -20.5003 -67.1713 -72.1262 -33.0117 -38.912 -60.0632 -42.2014 -43.5759 -72.8748 -59.8509 -54.07 -58.9926 -69.5574
9237.205078 -42.0521 -60.8572 -55.5525 -46.1156 -58.8401 -71.9207 -54.9671 -50.5193 -67.2929 -20.948 -67.3047 -72.2645 -33.4528 -39.2255 -58.6024 -42.5426 -43.8599 -72.997 -60.1004 -54.3609 -59.2543 -69.7155
9238.209961 -42.3818 -61.0389 -55.6484 -46.4449 -59.0902 -72.0285 -55.2025 -50.8349 -67.4637 -21.3822 -67.4341 -72.3996 -33.8882 -39.5387 -57.0774 -42.8739 -44.1433 -73.1161 -60.3485 -54.6508 -59.5146 -69.8708
9239.214844 -42.7108 -61.2195 -55.7441 -46.7733 -59.3389 -72.134 -55.437 -51.1494 -67.6323 -21.8048 -67.5581 -72.5315 -34.318 -39.8516 -55.5407 -43.1955 -44.4262 -73.2322 -60.5953 -54.9397 -59.7735 -70.0233
9240.219727 -43.0391 -61.3989 -55.8396 -47.1008 -59.5862 -72.2373 -55.6707 -51.4626 -67.7985 -22.2175 -67.6742 -72.6603 -34.7424 -40.1641 -54.0516 -43.5081 -44.7086 -73.3455 -60.8407 -55.2275 -60.031 -70.173
9241.224609 -43.3667 -61.5771 -55.9349 -47.4274 -59.8322 -72.3384 -55.9035 -51.7746 -67.9623 -22.6216 -67.778 -72.7859 -35.1613 -40.4763 -52.6746 -43.812 -44.9905 -73.4559 -61.0847 -55.5143 -60.287 -70.3194
9242.230469 -43.6936 -61.7541 -56.03 -47.753 -60.0766 -72.4373 -56.1354 -52.0855 -68.1238 -23.0184 -67.8614 -72.9085 -35.5749 -40.7881 -51.4575 -44.1076 -45.2721 -73.5635 -61.3271 -55.8 -60.5415 -70.4616
9243.235352 -44.0197 -61.9299 -56.1248 -48.0776 -60.3196 -72.534 -56.3664 -52.3951 -68.2829 -23.4088 -67.9099 -73.0282 -35.9831 -41.0995 -50.432 -44.3955 -45.5531 -73.6683 -61.5681 -56.0846 -60.7944 -70.5982
9244.240234 -44.3451 -62.1045 -56.2194 -48.4013 -60.5611 -72.6287 -56.5964 -52.7034 -68.4397 -23.7938 -67.9016 -73.1448 -36.386 -41.4105 -49.6167 -44.6759 -45.8338 -73.7705 -61.8075 -56.3681 -61.0458 -70.7266
9245.245117 -44.6696 -62.2778 -56.3138 -48.7239 -60.801 -72.7212 -56.8256 -53.0106 -68.5941 -24.1742 -67.8101 -73.2586 -36.7837 -41.721 -49.0067 -44.9491 -46.1139 -73.87 -62.0453 -56.6504 -61.2955 -70.8435
9246.250000 -44.9934 -62.4499 -56.4079 -49.0456 -61.0393 -72.8117 -57.0537 -53.3164 -68.7462 -24.5506 -67.6069 -73.3695 -37.1761 -42.0311 -48.5713 -45.2152 -46.3935 -73.9668 -62.2814 -56.9315 -61.5436 -70.9396
9247.254883 -45.3163 -62.6207 -56.5018 -49.3662 -61.276 -72.9002 -57.281 -53.621 -68.8959 -24.9236 -67.2672 -73.4777 -37.5634 -42.3406 -48.2668 -45.4744 -46.6726 -74.0611 -62.5159 -57.2115 -61.7899 -70.9819
9248.259766 -45.6383 -62.7902 -56.5954 -49.6858 -61.511 -72.9867 -57.5072 -53.9243 -69.0433 -25.2937 -66.783 -73.5831 -37.9456 -42.6497 -48.0503 -45.7267 -46.9511 -74.1525 -62.7486 -57.4901 -62.0346 -70.8689
9249.264648 -45.9595 -62.9584 -56.6888 -50.0044 -61.7444 -73.0713 -57.7325 -54.2263 -69.1884 -25.6612 -66.1713 -73.6857 -38.3228 -42.9582 -47.8848 -45.972 -47.229 -74.2398 -62.9796 -57.7676 -62.2774 -70.3443
9250.269531 -46.2798 -63.1253 -56.782 -50.3219 -61.976 -73.1539 -57.9568 -54.527 -69.3312 -26.0266 -65.4585 -73.7858 -38.6951 -43.2662 -47.7364 -46.2105 -47.5063 -74.3159 -63.2088 -58.0437 -62.5184 -68.7579
9251.275391 -46.5993 -63.2909 -56.8749 -50.6384 -62.2058 -73.2346 -58.18 -54.8263 -69.4716 -26.3902 -64.6507 -73.8832 -39.0626 -43.5735 -47.5703 -46.442 -47.7828 -74.3456 -63.4361 -58.3185 -62.7576 -63.0813
9252.280273 -46.9178 -63.4551 -56.9675 -50.9538 -62.4339 -73.3135 -58.4022 -55.1243 -69.6098 -26.7522 -63.6826 -73.9781 -39.4253 -43.8803 -47.355 -46.6668 -48.0587 -74.1481 -63.6616 -58.5919 -62.9949 -39.4309
9253.285156 -47.2354 -63.6179 -57.0599 -51.2681 -62.6601 -73.3906 -58.6234 -55.4209 -69.7457 -27.113 -62.2616 -74.0706 -39.7832 -44.1865 -47.0765 -46.8847 -48.3337 -72.8461 -63.8851 -58.8639 -63.2302 -12.9963
9254.290039 -47.5521 -63.7794 -57.152 -51.5813 -62.8845 -73.4659 -58.8435 -55.7161 -69.8793 -27.4726 -59.4331 -74.1605 -40.1364 -44.4921 -46.7444 -47.0951 -48.608 -65.467 -64.1067 -59.1344 -63.4635 -12.0706
9255.294922 -47.8678 -63.9395 -57.2438 -51.8934 -63.1069 -73.5394 -59.0625 -56.0099 -70.0107 -27.8312 -52.8328 -74.2481 -40.4841 -44.797 -46.3809 -47.2961 -48.8815 -28.595 -64.3263 -59.4035 -63.6949 -12.4505
9256.299805 -48.1825 -64.0982 -57.3354 -52.2044 -63.3275 -73.6112 -59.2804 -56.3023 -70.1398 -28.1891 -39.0421 -74.3334 -40.8253 -45.1013 -46.0095 -47.4838 -49.1541 -0.531202 -64.5439 -59.6711 -63.9241 -12.6092
9257.304688 -48.4963 -64.2555 -57.4267 -52.5143 -63.546 -73.6813 -59.4971 -56.5932 -70.2667 -28.5463 -24.3971 -74.4161 -41.1577 -45.4049 -45.6527 -47.6517 -49.4258 -1.66932 -64.7594 -59.9371 -64.1513 -12.8092
9258.309570 -48.8092 -64.4114 -57.5177 -52.8231 -63.7626 -73.7497 -59.7128 -56.8827 -70.3914 -28.903 -23.1334 -74.4956 -41.4787 -45.7078 -45.3336 -47.7933 -49.6966 -3.52265 -64.9728 -60.2015 -64.3763 -13.3335
9259.314453 -49.121 -64.5658 -57.6085 -53.1307 -63.9772 -73.8166 -59.9272 -57.1706 -70.5139 -29.2591 -23.2799 -74.5657 -41.7859 -46.01 -45.0732 -47.9034 -49.9665 -5.09307 -65.1841 -60.4643 -64.5992 -14.0246
9260.320312 -49.4319 -64.7188 -57.6989 -53.4371 -64.1897 -73.8818 -60.1405 -57.457 -70.6342 -29.615 -24.0475 -74.583 -42.0774 -46.3115 -44.8838 -47.9809 -50.2353 -6.38283 -65.3932 -60.7254 -64.8199 -14.7548
9261.325195 -49.7417 -64.8703 -57.7891 -53.7423 -64.4 -73.9453 -60.3526 -57.7418 -70.7524 -29.9704 -24.739 -74.2177 -42.3528 -46.6123 -44.7667 -48.0279 -50.5032 -7.51102 -65.6002 -60.9848 -65.0383 -15.4646
9262.330078 -50.0506 -65.0204 -57.8789 -54.0464 -64.6083 -74.006 -60.5634 -58.025 -70.8685 -30.3256 -25.3501 -70.7916 -42.6121 -46.9123 -44.7146 -48.0493 -50.7701 -8.52632 -65.8049 -61.2424 -65.2545 -16.1333
9263.334961 -50.3584 -65.169 -57.9685 -54.3492 -64.8145 -74.0537 -60.773 -58.3066 -70.9824 -30.6806 -25.8255 -41.5508 -42.8566 -47.2116 -44.7159 -48.0512 -51.0359 -9.454 -66.0073 -61.4983 -65.4684 -16.7569
9264.339844 -50.6652 -65.3162 -58.0578 -54.6508 -65.0185 -73.9812 -60.9813 -58.5865 -71.0943 -31.0353 -26.2111 0.874267 -43.0876 -47.5101 -44.7587 -48.0398 -51.3006 -10.3067 -66.2075 -61.7523 -65.6799 -17.3384
9265.344727 -50.9709 -65.4618 -58.1468 -54.9512 -65.2202 -72.6634 -61.1884 -58.8648 -71.2041 -31.3899 -26.5744 -0.89367 -43.307 -47.8079 -44.8327 -48.0208 -51.5641 -11.0924 -66.4054 -62.0044 -65.889 -17.8828
9266.349609 -51.2756 -65.606 -58.2354 -55.2503 -65.4198 -57.6665 -61.3941 -59.1413 -71.3118 -31.7442 -26.9466 -3.05926 -43.5164 -48.1048 -44.9292 -47.9986 -51.8263 -11.8186 -66.6009 -62.2545 -66.0958 -18.3951
9267.355469 -51.5793 -65.7486 -58.3238 -55.5481 -65.6171 3.72948 -61.5985 -59.4161 -71.4176 -32.0984 -27.3349 -4.81421 -43.7175 -48.401 -45.0417 -47.9767 -52.0873 -12.4931 -66.794 -62.5027 -66.3001 -18.8799
9268.360352 -51.8818 -65.8898 -58.4118 -55.8445 -65.8121 1.60285 -61.8016 -59.689 -71.5213 -32.4524 -27.7368 -6.23651 -43.9118 -48.6964 -45.1637 -47.9578 -52.3468 -13.1233 -66.9848 -62.7489 -66.502 -19.3412
9269.365234 -52.1833 -66.0294 -58.4995 -56.1397 -66.0049 -0.952068 -62.0032 -59.9602 -71.6231 -32.8062 -28.1469 -7.50993 -44.1006 -48.991 -45.2876 -47.9435 -52.6048 -13.716 -67.1732 -62.993 -66.7014 -19.7823
9270.370117 -52.4838 -66.1675 -58.5869 -56.4335 -66.1953 -3.30201 -62.2035 -60.2295 -71.7229 -33.1599 -28.56 -8.68668 -44.2852 -49.2847 -45.4017 -47.9348 -52.8611 -14.277 -67.3592 -63.235 -66.8984 -20.206
9271.375000 -52.7831 -66.304 -58.674 -56.7258 -66.3833 -5.25959 -62.4024 -60.4969 -71.8208 -33.5133 -28.9716 -9.76802 -44.4664 -49.5776 -45.4882 -47.9325 -53.1155 -14.8114 -67.5427 -63.4749 -67.0928 -20.6148
9272.379883 -53.0813 -66.4388 -58.7607 -57.0168 -66.5688 -6.86387 -62.5998 -60.7623 -71.9168 -33.8665 -29.3782 -10.7539 -44.6452 -49.8697 -45.5253 -47.937 -53.3679 -15.3233 -67.7237 -63.7126 -67.2846 -21.0106
9273.384766 -53.3784 -66.5717 -58.8471 -57.3063 -66.7518 -8.19771 -62.7957 -61.0258 -72.0109 -34.2194 -29.7777 -11.6513 -44.8222 -50.1609 -45.4952 -47.9484 -53.618 -15.8162 -67.9023 -63.948 -67.4739 -21.3953
9274.389648 -53.6744 -66.7022 -58.9332 -57.5944 -66.9321 -9.33266 -62.9902 -61.2872 -72.1032 -34.5721 -30.1685 -12.4713 -44.998 -50.4513 -45.3937 -47.9668 -53.8657 -16.293 -68.0784 -64.1812 -67.6606 -21.7702
9275.394531 -53.9692 -66.8288 -59.0189 -57.8809 -67.1093 -10.3149 -63.1832 -61.5466 -72.1937 -34.9244 -30.5499 -13.2256 -45.1731 -50.7409 -45.2333 -47.9921 -54.1107 -16.7563 -68.252 -64.4121 -67.8448 -22.1366
9276.400391 -54.2629 -66.9479 -59.1042 -58.1659 -67.2831 -11.1785 -63.3746 -61.804 -72.2823 -35.2765 -30.9217 -13.9246 -45.3478 -51.0295 -45.0362 -48.0242 -54.3529 -17.2081 -68.4231 -64.6406 -68.0263 -22.4958
9277.405273 -54.5553 -67.0512 -59.1893 -58.4494 -67.4526 -11.9489 -63.5645 -62.0592 -72.3692 -35.6282 -31.2838 -14.5773 -45.5225 -51.3173 -44.8256 -48.063 -54.5922 -17.6502 -68.5917 -64.8668 -68.2052 -22.8485
9278.410156 -54.8466 -67.1211 -59.2739 -58.7312 -67.6171 -12.6446 -63.7528 -62.3122 -72.4544 -35.9795 -31.6365 -15.1912 -45.6973 -51.6042 -44.6198 -48.1082 -54.8283 -18.0841 -68.7577 -65.0905 -68.3815 -23.1957
9279.415039 -55.1367 -67.1223 -59.3582 -59.0114 -67.775 -13.2795 -63.9395 -62.563 -72.5378 -36.3304 -31.9802 -15.7725 -45.8725 -51.8902 -44.4305 -48.1597 -55.0611 -18.5112 -68.9213 -65.3118 -68.5552 -23.5381
9280.419922 -55.4256 -66.9857 -59.4422 -59.2899 -67.9247 -13.8644 -64.1246 -62.8116 -72.6196 -36.6809 -32.3153 -16.3263 -46.0481 -52.1754 -44.2637 -48.2172 -55.2906 -18.9327 -69.0823 -65.5306 -68.7262 -23.8764
9281.424805 -55.7132 -66.5784 -59.5258 -59.5667 -68.0638 -14.4076 -64.3081 -63.0579 -72.6997 -37.0309 -32.6425 -16.8568 -46.2244 -52.4596 -44.1215 -48.2805 -55.5166 -19.3495 -69.2407 -65.7469 -68.8945 -24.211
9282.429688 -55.9995 -65.6548 -59.609 -59.8417 -68.1893 -14.9157 -64.49 -63.3018 -72.7781 -37.3804 -32.9622 -17.3676 -46.4014 -52.7428 -44.0035 -48.3494 -55.7391 -19.7625 -69.3967 -65.9606 -69.0602 -24.5425
9283.434570 -56.2846 -63.8879 -59.6918 -60.1149 -68.2976 -15.3943 -64.6702 -63.5434 -72.855 -37.7294 -33.2749 -17.8615 -46.5791 -53.0252 -43.9082 -48.4235 -55.958 -20.1723 -69.5501 -66.1717 -69.2233 -24.8714
9284.439453 -56.5683 -61.0335 -59.7743 -60.3863 -68.3842 -15.8477 -64.8486 -63.7827 -72.9302 -38.0779 -33.5811 -18.3412 -46.7575 -53.3066 -43.8335 -48.5028 -56.1734 -20.5798 -69.701 -66.3803 -69.3837 -25.1979
9285.445312 -56.8507 -57.0469 -59.8563 -60.6559 -68.4446 -16.2797 -65.0254 -64.0194 -73.0039 -38.4258 -33.8814 -18.8086 -46.9368 -53.5871 -43.7774 -48.5869 -56.3854 -20.9853 -69.8493 -66.5862 -69.5415 -25.5224
9286.450195 -57.1318 -52.6464 -59.938 -60.9235 -68.4745 -16.6933 -65.2005 -64.2538 -73.0759 -38.7731 -34.1762 -19.2656 -47.1168 -53.8666 -43.7379 -48.6757 -56.5938 -21.3895 -69.9952 -66.7894 -69.6966 -25.8452
9287.455078 -57.4115 -49.0408 -60.0194 -61.1891 -68.4685 -17.0911 -65.3738 -64.4856 -73.1446 -39.1197 -34.466 -19.7138 -47.2977 -54.1451 -43.7131 -48.7688 -56.7989 -21.7926 -70.1385 -66.9899 -69.8491 -26.1665
9288.459961 -57.6897 -45.174 -60.1003 -61.4528 -68.4198 -17.4754 -65.5454 -64.7149 -73.1971 -39.4657 -34.751 -20.1544 -47.4793 -54.4227 -43.7014 -48.8662 -57.0007 -22.1951 -70.2794 -67.1878 -69.999 -26.4867
9289.464844 -57.9665 -41.0007 -60.1808 -61.7144 -68.3181 -17.8481 -65.7152 -64.9416 -73.1309 -39.811 -35.0318 -20.5887 -47.6617 -54.6992 -43.7016 -48.9676 -57.1993 -22.5972 -70.4177 -67.3829 -70.1462 -26.8058
9290.469727 -58.2418 -37.8601 -60.2609 -61.9739 -68.1458 -18.2107 -65.8833 -65.1658 -72.0585 -40.1557 -35.3086 -21.0176 -47.8449 -54.9747 -43.7124 -49.0728 -57.3948 -22.9992 -70.5536 -67.5752 -70.2909 -27.124
9291.474609 -58.5157 -35.2 -60.3406 -62.2314 -67.877 -18.5647 -66.0495 -65.3873 -62.5292 -40.4995 -35.5817 -21.442 -48.0288 -55.2492 -43.7329 -49.1816 -57.5873 -23.4013 -70.6871 -67.7648 -70.4331 -27.4415
9292.480469 -58.788 -32.9337 -60.4199 -62.4866 -67.4667 -18.9114 -66.2139 -65.6062 -6.25376 -40.8426 -35.8516 -21.8626 -48.2133 -55.5226 -43.7621 -49.2939 -57.7769 -23.8037 -70.818 -67.9516 -70.573 -27.7584
9293.485352 -59.0587 -31.5508 -60.4988 -62.7396 -66.8158 -19.2518 -66.3765 -65.8224 -0.893826 -41.1849 -36.1183 -22.28 -48.3986 -55.7949 -43.7993 -49.4095 -57.9638 -24.2065 -70.9466 -68.1357 -70.7116 -28.0748
9294.490234 -59.3278 -30.954 -60.5773 -62.9904 -65.6913 -19.5868 -66.5373 -66.0359 -2.63018 -41.5264 -36.3822 -22.6949 -48.5845 -56.0662 -43.8439 -49.5282 -58.1481 -24.6098 -71.0727 -68.3169 -70.8512 -28.3908
9295.495117 -59.5953 -30.8846 -60.6554 -63.2389 -63.5833 -19.9174 -66.6963 -66.2466 -4.80796 -41.867 -36.6434 -23.1077 -48.771 -56.3363 -43.8953 -49.6499 -58.3298 -25.0137 -71.1965 -68.4953 -70.9954 -28.7065
9296.500000 -59.8611 -31.1938 -60.733 -63.4851 -59.4841 -20.2442 -66.8533 -66.4546 -6.55619 -42.2067 -36.9023 -23.5188 -48.958 -56.6053 -43.953 -49.7745 -58.5092 -25.4183 -71.3178 -68.671 -71.1451 -29.0219
9297.504883 -60.1252 -31.6755 -60.8102 -63.7289 -51.4284 -20.5678 -67.0086 -66.6599 -8.04269 -42.5455 -37.159 -23.9286 -49.1456 -56.8732 -44.0165 -49.9017 -58.6863 -25.8235 -71.4369 -68.8438 -71.229 -29.3372
9298.509766 -60.3876 -32.2307 -60.887 -63.9703 -38.7295 -20.8888 -67.1619 -66.8623 -9.31813 -42.8834 -37.4136 -24.3373 -49.3337 -57.1399 -44.0854 -50.0315 -58.8612 -26.2295 -71.5535 -69.0137 -71.2093 -29.6523
9299.514648 -60.6482 -32.7936 -60.9634 -64.2092 -25.4367 -21.2077 -67.3134 -67.062 -10.4146 -43.2203 -37.6663 -24.7453 -49.5223 -57.4054 -44.1594 -50.1638 -59.0341 -26.6362 -71.6679 -69.1809 -71.0466 -29.9673
9300.519531 -60.907 -33.3403 -61.0393 -64.4456 -23.4494 -21.5249 -67.463 -67.2588 -11.3699 -43.5562 -37.9173 -25.1527 -49.7113 -57.6696 -44.2381 -50.2985 -59.205 -27.0437 -71.78 -69.3453 -70.6102 -30.2823
9301.525391 -61.164 -33.8553 -61.1148 -64.6796 -24.3778 -21.8408 -67.6107 -67.4528 -12.2148 -43.8912 -38.1667 -25.5597 -49.9008 -57.9326 -44.3213 -50.4354 -59.374 -27.4519 -71.8898 -69.5068 -69.5534 -30.5973
9302.530273 -61.419 -34.3338 -61.1899 -64.9109 -24.4772 -22.1558 -67.7565 -67.6439 -12.9723 -44.2251 -38.4147 -25.9665 -50.0906 -58.1943 -44.4086 -50.5744 -59.5413 -27.8608 -71.9974 -69.6655 -66.4295 -30.9122
9303.535156 -61.6722 -34.779 -61.2645 -65.1397 -24.8024 -22.47 -67.9004 -67.8322 -13.6597 -44.558 -38.6613 -26.3732 -50.2807 -58.4547 -44.5 -50.7154 -59.7068 -28.2704 -72.1028 -69.8215 -59.1221 -31.2271
9304.540039 -61.9233 -35.1958 -61.3387 -65.3658 -25.1982 -22.7839 -68.0424 -68.0177 -14.2904 -44.8898 -38.9066 -26.7799 -50.4712 -58.7138 -44.5951 -50.8584 -59.8708 -28.6806 -72.206 -69.9746 -33.4824 -31.5421
9305.544922 -62.1725 -35.5904 -61.4124 -65.5893 -25.6176 -23.0975 -68.1825 -68.2002 -14.8744 -45.2205 -39.1508 -27.1867 -50.662 -58.9715 -44.6937 -51.0032 -60.0332 -29.0914 -72.307 -70.125 -10.5396 -31.8571
9306.549805 -62.4196 -35.9697 -61.4856 -65.81 -25.9775 -23.4111 -68.3208 -68.3799 -15.4196 -45.5502 -39.3939 -27.5936 -50.853 -59.2278 -44.7957 -51.1498 -60.1941 -29.5027 -72.4059 -70.2725 -10.6554 -32.1721
9307.554688 -62.6647 -36.3389 -61.5584 -66.0281 -26.2656 -23.7248 -68.4571 -68.5567 -15.9325 -45.8787 -39.636 -28.0007 -51.0443 -59.4827 -44.9009 -51.2981 -60.3536 -29.9145 -72.5027 -70.4174 -10.9926 -32.4872
9308.559570 -62.9076 -36.7016 -61.6308 -66.2434 -26.5176 -24.0389 -68.5915 -68.7306 -16.4179 -46.2061 -39.8772 -28.408 -51.2358 -59.7362 -45.0092 -51.448 -60.5117 -30.3267 -72.5975 -70.5595 -11.2175 -32.8023
9309.564453 -63.1484 -37.06 -61.7027 -66.4559 -26.7476 -24.3533 -68.724 -68.9017 -16.8801 -46.5323 -40.1176 -28.8155 -51.4275 -59.9881 -45.1203 -51.5994 -60.6685 -30.7393 -72.6901 -70.6988 -11.8807 -33.1174
9310.570312 -63.387 -37.4152 -61.7741 -66.6657 -26.9651 -24.6681 -68.8546 -69.0698 -17.3225 -46.8574 -40.3571 -29.2232 -51.6193 -60.2386 -45.2343 -51.7523 -60.8241 -31.1522 -72.7808 -70.8355 -12.7879 -33.4325
9311.575195 -63.6234 -37.7684 -61.845 -66.8726 -27.1734 -24.9836 -68.9833 -69.2352 -17.7479 -47.1813 -40.5959 -29.6311 -51.8112 -60.4874 -45.3509 -51.9066 -60.9784 -31.5654 -72.8695 -70.9695 -13.7269 -33.7477
9312.580078 -63.8575 -38.1202 -61.9154 -67.0766 -27.3754 -25.2997 -69.1101 -69.3976 -18.1588 -47.5041 -40.834 -30.0393 -52.0033 -60.7347 -45.4701 -52.0623 -61.1315 -31.9787 -72.9562 -71.1008 -14.6309 -34.0628
9313.584961 -64.0893 -38.4711 -61.9853 -67.2778 -27.5747 -25.6165 -69.235 -69.5572 -18.5572 -47.8256 -41.0715 -30.4477 -52.1954 -60.9804 -45.5917 -52.2192 -61.2835 -32.3922 -73.041 -71.2295 -15.4729 -34.378
9314.589844 -64.3187 -38.8215 -62.0545 -67.4762 -27.7722 -25.9341 -69.3581 -69.7139 -18.9449 -48.1459 -41.3084 -30.8562 -52.3876 -61.2244 -45.7156 -52.3773 -61.4344 -32.8057 -73.124 -71.3556 -16.2484 -34.6932
9315.594727 -64.5459 -39.1715 -62.1231 -67.6716 -27.969 -26.2523 -69.4793 -69.8678 -19.3233 -48.4651 -41.5447 -31.2649 -52.5798 -61.4667 -45.8418 -52.5366 -61.5842 -33.2192 -73.205 -71.479 -16.963 -35.0083
9316.599609 -64.7706 -39.521 -62.1909 -67.8642 -28.166 -26.5714 -69.5986 -70.0189 -19.6936 -48.783 -41.7805 -31.6736 -52.7721 -61.7073 -45.9702 -52.697 -61.7329 -33.6326 -73.2842 -71.5999 -17.6247 -35.3234
9317.605469 -64.9928 -39.8698 -62.2576 -68.0538 -28.3642 -26.8913 -69.7161 -70.1672 -20.057 -49.0996 -42.0157 -32.0825 -52.9643 -61.9461 -46.1006 -52.8584 -61.8805 -34.046 -73.3617 -71.7183 -18.2416 -35.6384
9318.610352 -65.2127 -40.2177 -62.323 -68.2405 -28.5643 -27.212 -69.8317 -70.3127 -20.4144 -49.415 -42.2505 -32.4914 -53.1564 -62.1832 -46.233 -53.0209 -62.0271 -34.4591 -73.4373 -71.8342 -18.8204 -35.9534
9319.615234 -65.43 -40.5645 -62.3869 -68.4242 -28.7667 -27.5335 -69.9455 -70.4554 -20.7665 -49.7292 -42.4848 -32.9003 -53.3486 -62.4184 -46.3674 -53.1843 -62.1728 -34.872 -73.5112 -71.9476 -19.3668 -36.2683
9320.620117 -65.6448 -40.9101 -62.4489 -68.605 -28.9716 -27.8557 -70.0574 -70.5954 -21.1141 -50.0421 -42.7187 -33.3091 -53.5406 -62.6518 -46.5036 -53.3486 -62.3174 -35.2846 -73.5835 -72.0585 -19.8855 -36.5831
9321.625000 -65.8571 -41.2543 -62.5086 -68.7829 -29.179 -28.1788 -70.1675 -70.7326 -21.4577 -50.3537 -42.9522 -33.7179 -53.7325 -62.8832 -46.6416 -53.5137 -62.461 -35.6968 -73.654 -72.167 -20.3803 -36.8978
9322.629883 -66.0668 -41.597 -62.5655 -68.9579 -29.3889 -28.5026 -70.2759 -70.8672 -21.798 -50.6641 -43.1852 -34.1265 -53.9243 -63.1127 -46.7813 -53.6797 -62.6037 -36.1086 -73.7229 -72.2732 -20.8544 -37.2124
9323.634766 -66.2739 -41.938 -62.6192 -69.1299 -29.601 -28.8271 -70.3824 -70.999 -22.1353 -50.9731 -43.4179 -34.5349 -54.116 -63.3403 -46.9227 -53.8464 -62.7454 -36.5199 -73.7902 -72.3778 -21.3105 -37.5268
9324.639648 -66.4783 -42.2772 -62.6694 -69.299 -29.8154 -29.1524 -70.4872 -71.1282 -22.47 -51.2809 -43.6502 -34.9432 -54.3074 -63.5658 -47.0656 -54.0139 -62.8861 -36.9308 -73.8559 -72.4866 -21.7508 -37.8411
9325.644531 -66.6802 -42.6145 -62.7155 -69.4651 -30.032 -29.4783 -70.5901 -71.2548 -22.8026 -51.5874 -43.8822 -35.3511 -54.4987 -63.7894 -47.2101 -54.1821 -63.0259 -37.341 -73.92 -72.6207 -22.1774 -38.1552
9326.650391 -66.8794 -42.9497 -62.7571 -69.6283 -30.2505 -29.805 -70.6914 -71.3787 -23.1334 -51.8926 -44.1137 -35.7588 -54.6898 -64.0108 -47.3561 -54.3509 -63.1648 -37.7507 -73.9827 -72.7195 -22.5918 -38.4692
9327.655273 -67.0759 -43.2827 -62.794 -69.7886 -30.4709 -30.1322 -70.7909 -71.5001 -23.4626 -52.1964 -44.345 -36.166 -54.8806 -64.2302 -47.5035 -54.5203 -63.3027 -38.1597 -74.0438 -71.0053 -22.9955 -38.7829
9328.660156 -67.2697 -43.6135 -62.8257 -69.946 -30.693 -30.4601 -70.8886 -71.6189 -23.7905 -52.4989 -44.5759 -36.5729 -55.0712 -64.4474 -47.6523 -54.6904 -63.4397 -38.568 -74.1034 -50.8134 -23.3897 -39.0964
9329.665039 -67.4608 -43.9418 -62.8521 -70.1005 -30.9166 -30.7885 -70.9847 -71.7352 -24.1173 -52.8001 -44.8064 -36.9793 -55.2615 -64.6625 -47.8024 -54.8609 -63.5758 -38.9756 -74.1612 -6.59548 -23.7756 -39.4097
9330.669922 -67.6492 -44.2677 -62.8728 -70.2521 -31.1415 -31.1174 -71.0791 -71.8491 -24.4433 -53.1 -45.0367 -37.3853 -55.4515 -64.8754 -47.9538 -55.0319 -63.7109 -39.3823 -74.2129 -2.873 -24.1542 -39.7227
9331.674805 -67.8349 -44.591 -62.8877 -70.4009 -31.3676 -31.4469 -71.1718 -71.9604 -24.7686 -53.3985 -45.2666 -37.7907 -55.6412 -65.0861 -48.1064 -55.2034 -63.8451 -39.7883 -74.2418 -4.41865 -24.5261 -40.0355
9332.679688 -68.0178 -44.9118 -62.8965 -70.5468 -31.595 -31.7767 -71.2629 -72.0693 -25.0933 -53.6956 -45.4961 -38.1956 -55.8305 -65.2946 -48.2602 -55.3753 -63.9784 -40.1934 -74.1749 -5.90497 -24.8923 -40.3481
9333.684570 -68.198 -45.23 -62.8991 -70.6899 -31.8234 -32.1071 -71.3523 -72.1759 -25.4176 -53.9913 -45.7254 -38.5998 -56.0195 -65.5008 -48.4152 -55.5477 -64.1108 -40.5975 -73.1294 -7.3436 -25.2532 -40.6603
9334.689453 -68.3754 -45.5455 -62.8952 -70.8301 -32.0529 -32.4377 -71.4401 -72.2801 -25.7416 -54.2857 -45.9543 -39.0034 -56.2081 -65.7047 -48.5713 -55.7203 -64.2422 -41.0008 -59.8011 -8.64494 -25.6096 -40.9722
9335.695312 -68.5501 -45.8582 -62.8847 -70.9676 -32.2835 -32.7688 -71.5263 -72.3819 -26.0654 -54.5786 -46.1829 -39.4063 -56.3963 -65.9062 -48.7284 -55.8933 -64.3728 -41.403 2.26758 -9.78211 -25.9619 -41.2837
9336.700195 -68.722 -46.1683 -62.8674 -71.1024 -32.5152 -33.1001 -71.6109 -72.4815 -26.3891 -54.8701 -46.4112 -39.8085 -56.584 -66.1055 -48.8865 -56.0666 -64.5024 -41.8042 1.91331 -10.7713 -26.3105 -41.5949
9337.705078 -68.8911 -46.4757 -62.8431 -71.2344 -32.7479 -33.4317 -71.6939 -72.5788 -26.7127 -55.1602 -46.6391 -40.2099 -56.7713 -66.3023 -49.0456 -56.2402 -64.6311 -42.2043 0.867383 -11.6391 -26.6559 -41.9057
9338.709961 -69.0575 -46.7804 -62.8118 -71.3636 -32.9816 -33.7636 -71.7754 -72.6739 -27.0364 -55.4489 -46.8667 -40.6106 -56.9582 -66.4968 -49.2057 -56.4139 -64.7588 -42.6033 -1.61143 -12.4104 -26.9983 -42.2161
9339.714844 -69.2211 -47.0823 -62.7733 -71.4902 -33.2163 -34.0956 -71.8553 -72.7668 -27.3601 -55.736 -47.094 -41.0103 -57.1445 -66.6889 -49.3666 -56.5879 -64.8857 -43.0012 -3.96987 -13.1046 -27.3382 -42.5261
9340.719727 -69.382 -47.3815 -62.7277 -71.6142 -33.452 -34.4278 -71.9334 -72.8575 -27.6839 -56.0217 -47.3209 -41.4093 -57.3304 -66.8786 -49.5285 -56.762 -65.0116 -43.3979 -5.99758 -13.7367 -27.6757 -42.8356
9341.724609 -69.5402 -47.6781 -62.675 -71.7355 -33.6885 -34.7601 -72.0094 -72.9462 -28.0078 -56.3059 -47.5475 -41.8072 -57.5157 -67.0659 -49.6911 -56.9362 -65.1366 -43.7934 -7.71452 -14.3182 -28.011 -43.1448
9342.730469 -69.6956 -47.972 -62.6155 -71.8542 -33.9258 -35.0925 -72.0816 -73.0327 -28.3319 -56.5885 -47.7738 -42.2042 -57.7004 -67.2507 -49.8546 -57.1106 -65.2607 -44.1876 -9.18461 -14.8576 -28.3445 -43.4534
9343.735352 -69.8483 -48.2632 -62.5493 -71.9704 -34.1638 -35.425 -72.1439 -73.1172 -28.6561 -56.8696 -47.9997 -42.6003 -57.8846 -67.433 -50.0188 -57.285 -65.3838 -44.5806 -10.4665 -15.3621 -28.6763 -43.7616
9344.740234 -69.9982 -48.5518 -62.4765 -72.084 -34.4026 -35.7575 -72.1694 -73.1997 -28.9805 -57.1492 -48.2253 -42.9952 -58.0682 -67.6129 -50.1837 -57.4594 -65.506 -44.9722 -11.6012 -15.837 -29.0065 -44.0692
9345.745117 -70.1455 -48.8379 -62.3967 -72.1951 -34.642 -36.0899 -72.0235 -73.2803 -29.305 -57.4271 -48.4505 -43.3891 -58.2511 -67.7903 -50.3494 -57.6338 -65.6273 -45.3626 -12.6189 -16.2869 -29.3353 -44.3764
9346.750000 -70.29 -49.1213 -62.3079 -72.3038 -34.882 -36.4224 -71.0141 -73.3589 -29.6297 -57.7034 -48.6753 -43.7819 -58.4334 -67.9651 -50.5157 -57.8083 -65.7477 -45.7516 -13.5895 -16.7153 -29.6629 -44.683
9347.754883 -70.4319 -49.4023 -62.2035 -72.41 -35.1225 -36.7547 -65.7366 -73.4356 -29.9545 -57.9781 -48.8998 -44.1736 -58.615 -68.1375 -50.6826 -57.9826 -65.8671 -46.1392 -14.489 -17.1255 -29.9893 -44.989
9348.759766 -70.5712 -49.6808 -62.07 -72.5139 -35.3635 -37.087 -40.8095 -73.5105 -30.2795 -58.2511 -49.1239 -44.5641 -58.796 -68.3074 -50.8501 -58.1568 -65.9856 -46.5254 -15.1259 -17.52 -30.3146 -45.2946
9349.764648 -70.7078 -49.9568 -61.8838 -72.6153 -35.6049 -37.4191 -6.52346 -73.5835 -30.6046 -58.5224 -49.3477 -44.9534 -58.9762 -68.4748 -51.0182 -58.331 -66.1032 -46.9102 -15.59 -17.9009 -30.639 -45.5995
9350.769531 -70.8418 -50.2304 -61.6107 -72.7145 -35.8467 -37.751 -4.36202 -73.6548 -30.9298 -58.792 -49.5711 -45.3415 -59.1556 -68.6397 -51.1869 -58.505 -66.2198 -47.2935 -15.9645 -18.2701 -30.9625 -45.9039
9351.775391 -70.9732 -50.5016 -61.2107 -72.8113 -36.0888 -38.0827 -5.42939 -73.7243 -31.2551 -59.0599 -49.7941 -45.7284 -59.3343 -68.802 -51.356 -58.6788 -66.3355 -47.6754 -16.2949 -18.6293 -31.2851 -46.2076
9352.780273 -71.102 -50.7704 -60.6467 -72.9059 -36.3312 -38.4143 -6.95969 -73.7921 -31.5804 -59.326 -50.0167 -46.114 -59.5121 -68.9618 -51.5256 -58.8524 -66.4503 -48.0558 -16.603 -18.9798 -31.6069 -46.5108
9353.785156 -71.2282 -51.037 -59.8939 -72.9983 -36.5739 -38.7455 -8.48882 -73.8582 -31.9058 -59.5902 -50.2389 -46.4982 -59.6891 -69.1192 -51.6957 -59.0257 -66.5641 -48.4347 -16.8991 -19.3228 -31.9281 -46.8133
9354.790039 -71.352 -51.3013 -58.9459 -73.0886 -36.8169 -39.0765 -9.8548 -73.9226 -32.2312 -59.8527 -50.4607 -46.8812 -59.8651 -69.274 -51.8662 -59.1988 -66.677 -48.812 -17.1878 -19.6595 -32.2486 -47.1152
9355.794922 -71.4732 -51.5634 -57.8172 -73.1766 -37.06 -39.4072 -11.0453 -73.9855 -32.5566 -60.1132 -50.6822 -47.2628 -60.0402 -69.4262 -52.0371 -59.3715 -66.789 -49.1879 -17.4714 -19.9907 -32.5684 -47.4165
9356.799805 -71.592 -51.8232 -56.5414 -73.2626 -37.3033 -39.7376 -12.0792 -74.0468 -32.882 -60.3719 -50.9032 -47.643 -60.2143 -69.5759 -52.2084 -59.544 -66.9 -49.5622 -17.7508 -20.3171 -32.8876 -47.7171
9357.804688 -71.7083 -52.0809 -55.166 -73.3465 -37.5467 -40.0676 -12.9825 -74.1065 -33.2073 -60.6287 -51.1238 -48.0218 -60.3874 -69.7227 -52.38 -59.7161 -67.01 -49.9349 -18.0267 -20.6397 -33.2062 -48.0171
9358.809570 -71.8222 -52.3365 -53.743 -73.4284 -37.7902 -40.3972 -13.7812 -74.1647 -33.5325 -60.8835 -51.344 -48.3993 -60.5593 -69.8662 -52.5519 -59.8878 -67.1192 -50.306 -18.2996 -20.9588 -33.5243 -48.3164
9359.814453 -71.9337 -52.59 -52.3262 -73.5083 -38.0339 -40.7264 -14.4969 -74.2215 -33.8577 -61.1363 -51.5637 -48.7753 -60.73 -70.0041 -52.7241 -60.059 -67.2274 -50.6755 -18.5699 -21.2752 -33.8419 -48.615
9360.820312 -72.0428 -52.8414 -50.969 -73.5862 -38.2776 -41.0552 -15.1472 -74.2768 -34.1826 -61.3871 -51.783 -49.1498 -60.8996 -70.1297 -52.8965 -60.2299 -67.3346 -51.0435 -18.838 -21.5893 -34.1589 -48.9129
9361.825195 -72.1496 -53.0908 -49.7207 -73.6623 -38.5213 -41.3835 -15.7456 -74.3307 -34.5075 -61.6358 -52.0019 -49.5229 -61.0677 -70.2209 -53.0692 -60.4002 -67.4409 -51.4098 -19.1043 -21.9014 -34.4755 -49.2101
9362.830078 -72.2541 -53.3382 -48.6224 -73.7364 -38.765 -41.7113 -16.3023 -74.3833 -34.8321 -61.8825 -52.2204 -49.8945 -61.2345 -70.2058 -53.2421 -60.5701 -67.5463 -51.7744 -19.3691 -22.212 -34.7915 -49.5066
9363.834961 -72.3563 -53.5837 -47.7008 -73.8087 -39.0088 -42.0386 -16.8251 -74.4344 -35.1566 -62.127 -52.4384 -50.2646 -61.3998 -69.8629 -53.4152 -60.7394 -67.6508 -52.1374 -19.6328 -22.5214 -35.1071 -49.8024
9364.839844 -72.4563 -53.8272 -46.965 -73.8792 -39.2525 -42.3653 -17.3195 -74.4843 -35.4808 -62.3694 -52.6559 -50.6332 -61.5633 -68.5258 -53.5884 -60.9082 -67.7543 -52.4987 -19.8958 -22.8298 -35.4222 -50.0975
9365.844727 -72.5541 -54.0688 -46.4067 -73.948 -39.4962 -42.6915 -17.7898 -74.5329 -35.8047 -62.6096 -52.873 -51.0002 -61.725 -64.2044 -53.7617 -61.0763 -67.8568 -52.8583 -20.1582 -23.1376 -35.7369 -50.3919
9366.849609 -72.6498 -54.3085 -46.005 -74.015 -39.7399 -43.017 -18.2395 -74.5802 -36.1283 -62.8476 -53.0895 -51.3657 -61.8846 -52.7849 -53.9352 -61.2439 -67.9584 -53.2162 -20.4205 -23.4449 -36.051 -50.6855
9367.855469 -72.7433 -54.5464 -45.7336 -74.0803 -39.9835 -43.3419 -18.6712 -74.6258 -36.4517 -63.0834 -53.3056 -51.7297 -62.0419 -29.5128 -54.1087 -61.4108 -68.0591 -53.5724 -20.6828 -23.7519 -36.3648 -50.9784
9368.860352 -72.8346 -54.7824 -45.5659 -74.144 -40.227 -43.6662 -19.0872 -74.6654 -36.7747 -63.317 -53.5213 -52.092 -62.1966 -17.0115 -54.2822 -61.5771 -68.1588 -53.9268 -20.9455 -24.0588 -36.678 -51.2705
9369.865234 -72.924 -55.0167 -45.4779 -74.2061 -40.4704 -43.9899 -19.4894 -74.6439 -37.0974 -63.5482 -53.7364 -52.4527 -62.3485 -17.5221 -54.4558 -61.7426 -68.2573 -54.2794 -21.2087 -24.3657 -36.9908 -51.5619
9370.870117 -73.0112 -55.2491 -45.4504 -74.2665 -40.7137 -44.3128 -19.8795 -73.851 -37.4197 -63.7771 -53.951 -52.8118 -62.4972 -18.1067 -54.6294 -61.9074 -68.3545 -54.6302 -21.4725 -24.6728 -37.3032 -51.8525
9371.875000 -73.0965 -55.4798 -45.4676 -74.3255 -40.9568 -44.6351 -20.2588 -62.0042 -37.7416 -64.0037 -54.165 -53.1692 -62.6425 -18.4153 -54.803 -62.0715 -68.4494 -54.9792 -21.7373 -24.9801 -37.6151 -52.1423
9372.879883 -73.1798 -55.7086 -45.5177 -74.3829 -41.1998 -44.9566 -20.6285 4.7376 -38.0631 -64.2279 -54.3786 -53.525 -62.7844 -18.7396 -54.9765 -62.2348 -68.5388 -55.3263 -22.0031 -25.2878 -37.9265 -52.4314
9373.884766 -73.2612 -55.9356 -45.5914 -74.4388 -41.4427 -45.2774 -20.9897 6.06915 -38.3841 -64.4496 -54.5916 -53.8791 -62.9226 -19.1207 -55.1499 -62.3973 -68.6107 -55.6715 -22.27 -25.5958 -38.2375 -52.7196
9374.889648 -73.3406 -56.1606 -45.6819 -74.4933 -41.6854 -45.5974 -21.3432 3.70759 -38.7047 -64.669 -54.8041 -54.2314 -63.057 -19.5681 -55.3232 -62.5589 -68.6192 -56.0149 -22.5383 -25.9043 -38.548 -53.0071
9375.894531 -73.4182 -56.3829 -45.784 -74.5464 -41.928 -45.9166 -21.6899 1.41107 -39.0248 -64.8859 -55.016 -54.582 -63.1878 -20.0358 -55.4964 -62.7195 -68.3852 -56.3562 -22.8078 -26.2133 -38.858 -53.2937
9376.900391 -73.494 -56.6018 -45.894 -74.5981 -42.1703 -46.2351 -22.0306 -0.57349 -39.3445 -65.1004 -55.2273 -54.9308 -63.315 -20.5007 -55.6695 -62.8792 -67.2492 -56.6956 -23.0789 -26.5229 -39.1675 -53.5795
9377.905273 -73.568 -56.8158 -46.0088 -74.6484 -42.4125 -46.5527 -22.3657 -2.24377 -39.6636 -65.3123 -55.4381 -55.2777 -63.4386 -20.953 -55.8423 -63.0376 -63.2292 -57.033 -23.3514 -26.833 -39.4766 -53.8644
9378.910156 -73.6402 -57.0233 -46.1267 -74.6974 -42.6545 -46.8695 -22.6959 -3.65104 -39.9822 -65.5217 -55.6482 -55.6229 -63.5587 -21.3904 -56.015 -63.1946 -53.6871 -57.3683 -23.6256 -27.1437 -39.7852 -54.1485
9379.915039 -73.7107 -57.2224 -46.2461 -74.7452 -42.8963 -47.1855 -23.0217 -4.84989 -40.3003 -65.7286 -55.8578 -55.9661 -63.6757 -21.8128 -56.1874 -63.3499 -35.6816 -57.7016 -23.9013 -27.455 -40.0934 -54.4317
9380.919922 -73.7795 -57.4116 -46.3659 -74.7917 -43.1378 -47.5006 -23.3435 -5.8855 -40.6177 -65.933 -56.0667 -56.3075 -63.7895 -22.2203 -56.3596 -63.503 -22.1775 -58.0327 -24.1787 -27.7669 -40.401 -54.7141
9381.924805 -73.8466 -57.5895 -46.4855 -74.8369 -43.3792 -47.8149 -23.6618 -6.79264 -40.9346 -66.1348 -56.275 -56.6469 -63.9005 -22.6132 -56.5314 -63.653 -20.199 -58.3616 -24.4578 -28.0794 -40.7081 -54.9955
9382.929688 -73.9121 -57.7555 -46.6043 -74.881 -43.6203 -48.1283 -23.9768 -7.59779 -41.2509 -66.334 -56.4826 -56.9843 -64.0088 -22.9927 -56.703 -63.7992 -20.2662 -58.6883 -24.7386 -28.3925 -41.0147 -55.276
9383.934570 -73.976 -57.9093 -46.722 -74.9239 -43.8612 -48.4408 -24.2891 -8.32112 -41.5665 -66.5306 -56.6896 -57.3196 -64.1146 -23.36 -56.8742 -63.9401 -20.1543 -59.0127 -25.0211 -28.7061 -41.3208 -55.5555
9384.939453 -74.0384 -58.0512 -46.8383 -74.9657 -44.1018 -48.7524 -24.5988 -8.97817 -41.8815 -66.7246 -56.8959 -57.6529 -64.2182 -23.7165 -57.0451 -64.0737 -20.4433 -59.3348 -25.3053 -29.0204 -41.6263 -55.8341
9385.945312 -74.0992 -58.1819 -46.9532 -75.0064 -44.3423 -49.0631 -24.9062 -9.58099 -42.1958 -66.9159 -57.1015 -57.9841 -64.3196 -24.0637 -57.2156 -64.1966 -20.9221 -59.6546 -25.5913 -29.3352 -41.9312 -56.1117
9386.950195 -74.1585 -58.3024 -47.0667 -75.046 -44.5824 -49.3728 -25.2115 -10.139 -42.5095 -67.1047 -57.3064 -58.3131 -64.4192 -24.4029 -57.3857 -64.3045 -21.4279 -59.972 -25.8789 -29.6506 -42.2356 -56.3883
9387.955078 -74.2164 -58.4138 -47.1786 -75.0845 -44.8223 -49.6817 -25.5151 -10.6599 -42.8224 -67.2908 -57.5105 -58.6399 -64.517 -24.7352 -57.5553 -64.3904 -21.906 -60.2869 -26.1681 -29.9665 -42.5394 -56.6638
9388.959961 -74.2728 -58.5173 -47.289 -75.1221 -45.0619 -49.9896 -25.817 -11.1495 -43.1346 -67.4742 -57.7139 -58.9645 -64.6132 -25.0616 -57.7245 -64.4447 -22.3688 -60.5993 -26.459 -30.2829 -42.8427 -56.9383
9389.964844 -74.3278 -58.614 -47.3979 -75.1586 -45.3013 -50.2965 -26.1176 -11.6128 -43.4461 -67.655 -57.9166 -59.2867 -64.708 -25.383 -57.8932 -64.4551 -22.8278 -60.9091 -26.7516 -30.5998 -43.1453 -57.2117
9390.969727 -74.3815 -58.7051 -47.5055 -75.1942 -45.5404 -50.6025 -26.4168 -12.0539 -43.7568 -67.8332 -58.1185 -59.6066 -64.8014 -25.7 -58.0614 -64.4064 -23.2873 -61.2164 -27.0457 -30.9171 -43.4473 -57.484
9391.974609 -74.4338 -58.7916 -47.6117 -75.2288 -45.7793 -50.9075 -26.715 -12.4761 -44.0667 -68.0087 -58.3195 -59.9241 -64.8937 -26.0133 -58.229 -64.2797 -23.7482 -61.521 -27.3414 -31.2349 -43.7487 -57.7552
9392.980469 -74.4848 -58.8745 -47.7167 -75.2625 -46.0178 -51.2115 -27.0122 -12.8822 -44.3759 -68.1815 -58.5198 -60.2391 -64.9849 -26.3236 -58.3961 -64.0458 -24.2099 -61.8228 -27.6386 -31.553 -44.0495 -58.0251
9393.985352 -74.5345 -58.9545 -47.8205 -75.2952 -46.2561 -51.5146 -27.3085 -13.2747 -44.6843 -68.3517 -58.7192 -60.5516 -65.0751 -26.6313 -58.5626 -63.6549 -24.6703 -62.1219 -27.9373 -31.8715 -44.3496 -58.2939
9394.990234 -74.583 -59.0326 -47.9233 -75.3272 -46.4941 -51.8166 -27.6041 -13.6557 -44.9918 -68.5193 -58.9178 -60.8615 -65.1644 -26.9368 -58.7285 -63.0411 -25.1268 -62.4182 -28.2374 -32.1904 -44.6491 -58.5614
9395.995117 -74.6302 -59.1092 -48.025 -75.3582 -46.7318 -52.1176 -27.899 -14.0267 -45.2986 -68.6841 -59.1155 -61.1688 -65.2528 -27.2407 -58.8937 -62.145 -25.5777 -62.7116 -28.539 -32.5096 -44.948 -58.8276
9397.000000 -74.6763 -59.1849 -48.1259 -75.388 -46.9693 -52.4176 -28.1933 -14.3894 -45.6045 -68.8464 -59.3123 -61.4734 -65.3404 -27.5432 -59.0583 -60.9741 -26.0223 -63.0021 -28.8418 -32.8291 -45.2462 -59.0926
9398.004883 -74.7212 -59.2602 -48.2258 -75.4112 -47.2064 -52.7166 -28.4872 -14.7451 -45.9096 -69.006 -59.5082 -61.7753 -65.4271 -27.8447 -59.2221 -59.6632 -26.4613 -63.2896 -29.146 -33.1488 -45.5437 -59.3562
9399.009766 -74.7649 -59.3353 -48.325 -75.3535 -47.4432 -53.0145 -28.7806 -15.0949 -46.2138 -69.163 -59.7032 -62.0744 -65.513 -28.1453 -59.3853 -58.3492 -26.8959 -63.5741 -29.4515 -33.4688 -45.8406 -59.6184
9400.014648 -74.8076 -59.4105 -48.4235 -74.1173 -47.6798 -53.3114 -29.0736 -15.4399 -46.5172 -69.3173 -59.8972 -62.3706 -65.5979 -28.4455 -59.5477 -57.0851 -27.3276 -63.8556 -29.7581 -33.7889 -46.1367 -59.8792
9401.019531 -74.8491 -59.4861 -48.5213 -55.3394 -47.9161 -53.6072 -29.3664 -15.7808 -46.8197 -69.4691 -60.0902 -62.664 -65.6816 -28.7452 -59.7094 -55.8661 -27.757 -64.1339 -30.0659 -34.1092 -46.4322 -60.1385
9402.025391 -74.8896 -59.562 -48.6185 8.6244 -48.152 -53.9019 -29.6588 -16.1184 -47.1214 -69.6182 -60.2822 -62.9544 -65.7637 -29.0447 -59.8703 -54.6747 -28.1846 -64.409 -30.3749 -34.4297 -46.727 -60.3963
9403.030273 -74.9291 -59.6385 -48.7151 8.20289 -48.3877 -54.1954 -29.9511 -16.4535 -47.4221 -69.7648 -60.4732 -63.2418 -65.8429 -29.3441 -60.0303 -53.5052 -28.6104 -64.6809 -30.6849 -34.7503 -47.021 -60.6526
9404.035156 -74.9675 -59.7155 -48.8113 5.4804 -48.6231 -54.4879 -30.2431 -16.7866 -47.7219 -69.9088 -60.6632 -63.5261 -65.9162 -29.6435 -60.1895 -52.3658 -29.034 -64.9495 -30.9959 -35.071 -47.3144 -60.9073
9405.040039 -75.005 -59.793 -48.907 2.26896 -48.8581 -54.7792 -30.535 -17.1182 -48.0209 -70.0502 -60.8521 -63.8074 -65.9762 -29.9429 -60.3479 -51.2766 -29.4551 -65.2149 -31.3078 -35.3917 -47.607 -61.1604
9406.044922 -75.0415 -59.871 -49.0022 -0.611239 -49.0929 -55.0694 -30.8267 -17.4488 -48.3189 -70.1891 -61.0399 -64.0854 -66.0068 -30.2425 -60.5054 -50.2654 -29.8732 -65.4768 -31.6207 -35.7124 -47.899 -61.4118
9407.049805 -75.0771 -59.9494 -49.0971 -2.97163 -49.3273 -55.3584 -31.1184 -17.7787 -48.6161 -70.3253 -61.2266 -64.3603 -65.9775 -30.5422 -60.662 -49.3655 -30.288 -65.7354 -31.9345 -36.0332 -48.1902 -61.6615
9408.054688 -75.1118 -60.0282 -49.1917 -4.87836 -49.5615 -55.6462 -31.4099 -18.1084 -48.9123 -70.4585 -61.4122 -64.6319 -65.8347 -30.8421 -60.8176 -48.6087 -30.6991 -65.9906 -32.249 -36.3539 -48.4806 -61.9095
9409.059570 -75.1456 -60.1073 -49.286 -6.43051 -49.7953 -55.9328 -31.7013 -18.4382 -49.2075 -70.5867 -61.5966 -64.9002 -65.4795 -31.1423 -60.9723 -48.0155 -31.1065 -66.2423 -32.5644 -36.6746 -48.7704 -62.1557
9410.064453 -75.1785 -60.1867 -49.38 -7.7147 -50.0288 -56.2181 -31.9927 -18.7682 -49.5019 -70.7008 -61.7798 -65.1651 -64.7489 -31.4426 -61.1261 -47.59 -31.5098 -66.4905 -32.8804 -36.9952 -49.0594 -62.4001
9411.070312 -75.2106 -60.2663 -49.4737 -8.79767 -50.2621 -56.5022 -32.284 -19.0987 -49.7953 -70.7616 -61.9619 -65.4267 -63.4674 -31.7432 -61.2788 -47.3206 -31.909 -66.7352 -33.1972 -37.3157 -49.3476 -62.6425
9412.075195 -75.2418 -60.346 -49.5672 -9.72844 -50.495 -56.785 -32.5753 -19.4299 -50.0878 -70.6071 -62.1427 -65.6848 -61.3608 -32.044 -61.4305 -47.1849 -32.3039 -66.9763 -33.5145 -37.6361 -49.6351 -62.8831
9413.080078 -75.2723 -60.4258 -49.6605 -10.5425 -50.7275 -57.0664 -32.8665 -19.762 -50.3793 -69.6198 -62.3223 -65.9395 -57.7021 -32.345 -61.5812 -47.1569 -32.6943 -67.2138 -33.8324 -37.9563 -49.9219 -63.1217
9414.084961 -75.3019 -60.5056 -49.7537 -11.2657 -50.9598 -57.3465 -33.1576 -20.0951 -50.6699 -65.9998 -62.5006 -66.1907 -51.3242 -32.6462 -61.7309 -47.2115 -33.0801 -67.4477 -34.1509 -38.2764 -50.2078 -63.3583
9415.089844 -75.3308 -60.5855 -49.8467 -11.917 -51.1918 -57.6253 -33.4487 -20.4294 -50.9595 -55.3493 -62.6776 -66.4383 -41.9716 -32.9476 -61.8794 -47.3272 -33.4613 -67.678 -34.4699 -38.5962 -50.4931 -63.5929
9416.094727 -75.359 -60.6654 -49.9395 -12.5105 -51.4234 -57.9026 -33.7398 -20.7649 -51.2482 -26.8434 -62.8533 -66.6824 -34.2574 -33.2492 -62.0269 -47.4868 -33.8378 -67.9046 -34.7893 -38.9159 -50.7775 -63.8253
9417.099609 -75.3864 -60.7453 -50.0322 -13.057 -51.6547 -58.1785 -34.0308 -21.1016 -51.5359 -15.6886 -63.0277 -66.9229 -32.0631 -33.551 -62.1733 -47.6768 -34.2095 -68.1276 -35.1092 -39.2353 -51.0612 -64.0557
9418.105469 -75.4131 -60.8252 -50.1248 -13.5648 -51.8857 -58.4529 -34.3217 -21.4398 -51.8226 -14.9958 -63.2007 -67.1597 -32.6047 -33.853 -62.3185 -47.8873 -34.5767 -68.3469 -35.4294 -39.5544 -51.3442 -64.2838
9419.110352 -75.4386 -60.9051 -50.2173 -14.0404 -52.1163 -58.7259 -34.6126 -21.7793 -52.1083 -15.0841 -63.3724 -67.3929 -33.5003 -34.155 -62.4626 -48.1106 -34.9395 -68.5625 -35.7499 -39.8733 -51.6263 -64.5098
9420.115234 -75.4542 -60.9851 -50.3097 -14.4891 -52.3466 -58.9973 -34.9034 -22.1202 -52.3931 -15.5031 -63.5426 -67.6225 -34.2919 -34.4573 -62.6055 -48.3415 -35.2979 -68.7744 -36.0707 -40.1919 -51.9077 -64.7335
9421.120117 -75.3219 -61.065 -50.402 -14.9151 -52.5766 -59.2671 -35.1941 -22.4626 -52.6769 -16.1928 -63.7115 -67.8484 -34.975 -34.7596 -62.7473 -48.5759 -35.6524 -68.9826 -36.3918 -40.5101 -52.1883 -64.955
9422.125000 -72.6957 -61.145 -50.4942 -15.322 -52.8062 -59.5354 -35.4847 -22.8064 -52.9596 -16.9471 -63.8789 -68.0706 -35.5325 -35.0621 -62.8878 -48.811 -36.0029 -69.1871 -36.7131 -40.828 -52.4681 -65.1741
9423.129883 -17.8546 -61.2251 -50.5864 -15.7127 -53.0355 -59.802 -35.7752 -23.1517 -53.2414 -17.6916 -64.0448 -68.2891 -36.0575 -35.3646 -63.0271 -49.045 -36.3499 -69.3878 -37.0345 -41.1455 -52.747 -65.3909
9424.134766 13.4657 -61.3052 -50.6785 -16.0896 -53.2644 -60.0669 -36.0657 -23.4983 -53.5222 -18.3959 -64.2093 -68.5039 -36.5782 -35.6672 -63.1652 -49.2763 -36.6934 -69.5849 -37.3561 -41.4626 -53.0252 -65.6053
9425.139648 8.56248 -61.3855 -50.7706 -16.4549 -53.4929 -60.3301 -36.356 -23.8464 -53.8019 -19.0498 -64.3723 -68.7149 -37.0892 -35.9698 -63.3019 -49.5042 -37.0338 -69.7783 -37.6778 -41.7792 -53.3026 -65.8172
9426.144531 4.15493 -61.4658 -50.8626 -16.8104 -53.7211 -60.5916 -36.6461 -24.1958 -54.0806 -19.6558 -64.5338 -68.9223 -37.5956 -36.2725 -63.4369 -49.728 -37.3713 -69.968 -37.9996 -42.0954 -53.5791 -66.0267
9427.150391 0.691506 -61.5463 -50.9546 -17.1576 -53.9489 -60.8512 -36.9362 -24.5465 -54.3583 -20.2223 -64.6938 -69.1259 -38.1046 -36.5751 -63.5695 -49.9474 -37.7061 -70.1541 -38.3215 -42.4111 -53.8548 -66.2338
9428.155273 -1.95972 -61.627 -51.0466 -17.4978 -54.1763 -61.1091 -37.2261 -24.8985 -54.6349 -20.7578 -64.8522 -69.3258 -38.6181 -36.8777 -63.6977 -50.1623 -38.0383 -70.3365 -38.6433 -42.7264 -54.1296 -66.4383
9429.160156 -4.01542 -61.7079 -51.1385 -17.8322 -54.4033 -61.365 -37.5158 -25.2517 -54.9104 -21.2679 -65.0091 -69.5221 -39.1345 -37.1803 -63.8176 -50.3725 -38.3682 -70.5152 -38.9651 -43.0411 -54.4036 -66.6403
9430.165039 -5.64982 -61.789 -51.2303 -18.1617 -54.6299 -61.6191 -37.8054 -25.6061 -55.1849 -21.7561 -65.1643 -69.7146 -39.6511 -37.4828 -63.9211 -50.578 -38.6958 -70.6903 -39.2869 -43.3553 -54.6768 -66.8397
9431.169922 -6.98546 -61.8703 -51.3222 -18.4874 -54.8561 -61.8712 -38.0947 -25.9616 -55.4582 -22.2247 -65.3179 -69.9034 -40.1646 -37.7853 -63.9918 -50.779 -39.0215 -70.8618 -39.6086 -43.6689 -54.949 -67.0366
9432.174805 -8.10602 -61.9518 -51.414 -18.8099 -55.0819 -62.1214 -38.3839 -26.3181 -55.7305 -22.6757 -65.4697 -70.0886 -40.6717 -38.0876 -64.0004 -50.9756 -39.3452 -71.0298 -39.9301 -43.9819 -55.2203 -67.2308
9433.179688 -9.0684 -62.0337 -51.5058 -19.1299 -55.3072 -62.3695 -38.6729 -26.6757 -56.0016 -23.1111 -65.6196 -70.2701 -41.1708 -38.3898 -63.9025 -51.1678 -39.6671 -71.1942 -40.2516 -44.2944 -55.4908 -67.4224
9434.184570 -9.91149 -62.1158 -51.5976 -19.4479 -55.5321 -62.6155 -38.9616 -27.0342 -56.2716 -23.5328 -65.7673 -70.448 -41.6599 -38.6918 -63.6461 -51.3559 -39.9873 -71.355 -40.5729 -44.6063 -55.7603 -67.6114
9435.189453 -10.6623 -62.1981 -51.6893 -19.7645 -55.7565 -62.8595 -39.2502 -27.3936 -56.5404 -23.9425 -65.9126 -70.6222 -42.1384 -38.9937 -63.1909 -51.5398 -40.3059 -71.5124 -40.8939 -44.9175 -56.0288 -67.7977
9436.195312 -11.3401 -62.2808 -51.781 -20.0801 -55.9805 -63.1013 -39.5384 -27.7538 -56.808 -24.3417 -66.055 -70.7929 -42.6055 -39.2954 -62.5223 -51.7199 -40.623 -71.6664 -41.2148 -45.2281 -56.2964 -67.9813
9437.200195 -11.9589 -62.3638 -51.8727 -20.3951 -56.2039 -63.3409 -39.8265 -28.1147 -57.0744 -24.7319 -66.194 -70.96 -43.061 -39.5969 -61.6549 -51.8961 -40.9386 -71.8169 -41.5353 -45.538 -56.563 -68.1622
9438.205078 -12.5294 -62.4471 -51.9644 -20.7099 -56.4269 -63.5783 -40.1142 -28.4763 -57.3396 -25.1141 -66.3287 -71.1236 -43.505 -39.8982 -60.6262 -52.0686 -41.2528 -71.964 -41.8556 -45.8473 -56.8287 -68.3404
9439.209961 -13.06 -62.5306 -52.0561 -21.0246 -56.6493 -63.8134 -40.4017 -28.8386 -57.6036 -25.4893 -66.4579 -71.2836 -43.9376 -40.1992 -59.4831 -52.2376 -41.5656 -72.1078 -42.1755 -46.1558 -57.0932 -68.516
9440.214844 -13.5571 -62.6145 -52.1477 -21.3396 -56.8712 -64.0462 -40.6888 -29.2014 -57.8663 -25.8586 -66.5799 -71.4403 -44.3591 -40.5 -58.2795 -52.403 -41.8772 -72.2482 -42.4951 -46.4637 -57.3568 -68.6888
9441.219727 -14.026 -62.6987 -52.2393 -21.6551 -57.0926 -64.2767 -40.9757 -29.5647 -58.1277 -26.2227 -66.6922 -71.5934 -44.7697 -40.8004 -57.0663 -52.5651 -42.1875 -72.3854 -42.8143 -46.7708 -57.6192 -68.8589
9442.224609 -14.4712 -62.7833 -52.3308 -21.9712 -57.3134 -64.5049 -41.2621 -29.9284 -58.3878 -26.5824 -66.791 -71.7432 -45.1699 -41.1006 -55.8761 -52.7241 -42.4965 -72.5194 -43.1331 -47.0773 -57.8806 -69.0262
9443.230469 -14.8961 -62.8681 -52.4224 -22.2881 -57.5336 -64.7306 -41.5483 -30.2925 -58.6465 -26.9384 -66.8708 -71.8896 -45.5601 -41.4003 -54.7329 -52.8801 -42.8044 -72.6502 -43.4514 -47.3829 -58.1408 -69.1909
9444.235352 -15.3039 -62.9532 -52.5139 -22.6059 -57.7532 -64.9539 -41.834 -30.6569 -58.9039 -27.2913 -66.9236 -72.0327 -45.9406 -41.6998 -53.6654 -53.0333 -43.1111 -72.7779 -43.7693 -47.6879 -58.3999 -69.3528
9445.240234 -15.697 -63.0386 -52.6054 -22.9248 -57.9721 -65.1748 -42.1194 -31.0215 -59.1599 -27.6415 -66.9386 -72.1725 -46.312 -41.9988 -52.7032 -53.1839 -43.4166 -72.9025 -44.0868 -47.992 -58.6578 -69.512
9446.245117 -16.0777 -63.1243 -52.6968 -23.2447 -58.1904 -65.3931 -42.4043 -31.3864 -59.4144 -27.9897 -66.9037 -72.3091 -46.6746 -42.2975 -51.8682 -53.3321 -43.7209 -73.024 -44.4037 -48.2954 -58.9145 -69.6684
9447.250000 -16.4479 -63.2102 -52.7882 -23.5659 -58.4081 -65.6089 -42.6888 -31.7514 -59.6675 -28.3361 -66.8093 -72.4425 -47.0289 -42.5957 -51.1718 -53.4779 -44.0242 -73.1425 -44.7201 -48.598 -59.1699 -69.8219
9448.254883 -16.809 -63.2964 -52.8796 -23.8882 -58.625 -65.8222 -42.9729 -32.1165 -59.9191 -28.6811 -66.6501 -72.5728 -47.3752 -42.8935 -50.6145 -53.6212 -44.3263 -73.2581 -45.0359 -48.8999 -59.4241 -69.972
9449.259766 -17.1626 -63.3829 -52.9709 -24.2119 -58.8412 -66.0329 -43.2565 -32.4816 -60.1692 -29.0248 -66.4256 -72.6999 -47.714 -43.1908 -50.1862 -53.7619 -44.6273 -73.3708 -45.3512 -49.2009 -59.677 -70.1175
9450.264648 -17.5099 -63.4696 -53.0622 -24.5368 -59.0567 -66.241 -43.5397 -32.8467 -60.4177 -29.3677 -66.1408 -72.824 -48.0455 -43.4876 -49.8684 -53.8996 -44.9272 -73.4807 -45.6659 -49.5011 -59.9285 -70.2568
9451.269531 -17.8518 -63.5566 -53.1535 -24.863 -59.2715 -66.4464 -43.8224 -33.2118 -60.6647 -29.7097 -65.8046 -72.9451 -48.3701 -43.784 -49.6388 -54.034 -45.2261 -73.5877 -45.98 -49.8005 -60.1787 -70.3879
9452.275391 -18.1894 -63.6437 -53.2446 -25.1905 -59.4854 -66.6492 -44.1046 -33.5767 -60.91 -30.0512 -65.4281 -73.0632 -48.6883 -44.0798 -49.475 -54.1647 -45.5238 -73.692 -46.2935 -50.099 -60.4275 -70.5083
9453.280273 -18.5233 -63.7311 -53.3358 -25.5192 -59.6986 -66.8493 -44.3863 -33.9415 -61.1537 -30.3921 -65.0225 -73.1784 -49.0002 -44.3752 -49.3574 -54.2915 -45.8204 -73.7936 -46.6063 -50.3967 -60.6748 -70.6137
9454.285156 -18.8545 -63.8186 -53.4269 -25.8493 -59.9109 -67.0468 -44.6675 -34.306 -61.3957 -30.7326 -64.5974 -73.2908 -49.3061 -44.6699 -49.2691 -54.4144 -46.116 -73.8925 -46.9185 -50.6936 -60.9206 -70.6903
9455.290039 -19.1833 -63.9063 -53.5179 -26.1806 -60.1223 -67.2415 -44.9481 -34.6703 -61.6361 -31.0727 -64.1594 -73.4004 -49.6064 -44.9642 -49.1944 -54.5335 -46.4105 -73.9883 -47.23 -50.9896 -61.165 -70.6971
9456.294922 -19.5105 -63.9942 -53.6089 -26.5132 -60.3328 -67.4335 -45.2282 -35.0344 -61.8746 -31.4126 -63.7114 -73.5072 -49.9012 -45.2578 -49.1166 -54.6488 -46.7039 -74.0794 -47.5408 -51.2847 -61.4078 -70.5304
9457.299805 -19.8364 -64.0822 -53.6998 -26.8469 -60.5425 -67.6227 -45.5078 -35.3981 -62.1114 -31.7522 -63.2512 -73.6112 -50.1909 -45.5509 -49.0176 -54.7608 -46.9962 -74.1583 -47.8509 -51.579 -61.649 -69.9687
9458.304688 -20.1614 -64.1704 -53.7907 -27.1818 -60.7512 -67.8092 -45.7867 -35.7614 -62.3464 -32.0916 -62.7705 -73.7127 -50.4755 -45.8434 -48.8812 -54.8696 -47.2874 -74.1897 -48.1603 -51.8724 -61.8886 -68.5036
9459.309570 -20.486 -64.2586 -53.8815 -27.5178 -60.9589 -67.993 -46.0651 -36.1244 -62.5796 -32.4307 -62.2527 -73.8114 -50.7554 -46.1352 -48.6992 -54.9758 -47.5776 -74.0056 -48.4689 -52.1649 -62.1265 -63.868
9460.314453 -20.8104 -64.3469 -53.9722 -27.8549 -61.1656 -68.174 -46.3429 -36.4869 -62.8109 -32.7698 -61.663 -73.9075 -51.0305 -46.4265 -48.4758 -55.0797 -47.8666 -72.8325 -48.7768 -52.4565 -62.3627 -45.6095
9461.320312 -21.1349 -64.4353 -54.0629 -28.193 -61.3713 -68.3522 -46.6201 -36.8489 -63.0402 -33.1086 -60.9173 -74.0005 -51.301 -46.7171 -48.2254 -55.1816 -48.1546 -66.4607 -49.084 -52.7472 -62.5972 -15.1478
9462.325195 -21.4598 -64.5238 -54.1535 -28.5321 -61.5759 -68.5276 -46.8967 -37.2104 -63.2676 -33.4473 -59.8099 -74.0875 -51.5662 -47.007 -47.966 -55.282 -48.4415 -36.6205 -49.3904 -53.0369 -62.8299 -12.8055
9463.330078 -21.7851 -64.6123 -54.244 -28.8721 -61.7795 -68.7003 -47.1727 -37.5714 -63.4931 -33.7859 -57.9409 -74.153 -51.8251 -47.2963 -47.7143 -55.3812 -48.7273 -1.13125 -49.696 -53.3257 -63.0608 -13.0286
9464.334961 -22.1112 -64.7008 -54.3344 -29.213 -61.9819 -68.8702 -47.448 -37.9318 -63.7165 -34.1242 -54.6853 -74.0998 -52.0744 -47.585 -47.4833 -55.4797 -49.012 -2.18775 -50.0008 -53.6136 -63.2899 -13.1064
9465.339844 -22.438 -64.7894 -54.4248 -29.5547 -62.1832 -69.0373 -47.7227 -38.2916 -63.9379 -34.4625 -48.8087 -73.2959 -52.3082 -47.8729 -47.2826 -55.5776 -49.2956 -3.94769 -50.3047 -53.9005 -63.5171 -13.2046
9466.344727 -22.7659 -64.8779 -54.515 -29.8972 -62.3834 -69.2016 -47.9967 -38.6508 -64.1573 -34.8006 -38.9237 -67.2244 -52.5169 -48.1602 -47.118 -55.6754 -49.5781 -5.47359 -50.6079 -54.1864 -63.7423 -13.6674
9467.349609 -23.0947 -64.9664 -54.6052 -30.2405 -62.5823 -69.3631 -48.2701 -39.0094 -64.3745 -35.1384 -28.0937 -21.4648 -52.6887 -48.4468 -46.9922 -55.7732 -49.8595 -6.72468 -50.9103 -54.4713 -63.9656 -14.3278
9468.355469 -23.4247 -65.0549 -54.6953 -30.5844 -62.78 -69.5219 -48.5429 -39.3673 -64.5896 -35.4762 -26.3258 -1.65201 -52.8131 -48.7326 -46.9049 -55.8713 -50.1398 -7.82225 -51.2118 -54.7553 -64.1869 -15.0424
9469.360352 -23.7559 -65.1432 -54.7853 -30.9289 -62.9765 -69.6779 -48.8149 -39.7245 -64.8026 -35.8137 -26.3553 -3.17268 -52.8834 -49.0178 -46.8536 -55.9699 -50.419 -8.8155 -51.5124 -55.0382 -64.4062 -15.7434
9470.365234 -24.0882 -65.2316 -54.8752 -31.274 -63.1716 -69.8312 -49.0863 -40.0809 -65.0134 -36.1509 -26.786 -5.14058 -52.8992 -49.3022 -46.8345 -56.0692 -50.697 -9.72787 -51.8122 -55.32 -64.6234 -16.4059
9471.370117 -24.4219 -65.3198 -54.965 -31.6196 -63.3655 -69.9817 -49.357 -40.4366 -65.2219 -36.488 -27.2959 -6.8298 -52.8661 -49.5859 -46.843 -56.1692 -50.9739 -10.5705 -52.1111 -55.6008 -64.8385 -17.0246
9472.375000 -24.7567 -65.4079 -55.0547 -31.9656 -63.558 -70.1295 -49.627 -40.7915 -65.4282 -36.8248 -27.8499 -8.29367 -52.7931 -49.8689 -46.8747 -56.2701 -51.2496 -11.3496 -52.4092 -55.8805 -65.0515 -17.6016
9473.379883 -25.0928 -65.4958 -55.1443 -32.3121 -63.7491 -70.2745 -49.8963 -41.1457 -65.6323 -37.1613 -28.4252 -9.53402 -52.6904 -50.1511 -46.9251 -56.372 -51.5242 -12.0717 -52.7063 -56.159 -65.2623 -18.1416
9474.384766 -25.4302 -65.5833 -55.2338 -32.659 -63.9389 -70.4168 -50.1649 -41.4989 -65.834 -37.4975 -29.0102 -10.5806 -52.5678 -50.4326 -46.9899 -56.4748 -51.7976 -12.7436 -53.0025 -56.4365 -65.4709 -18.6495
9475.389648 -25.7689 -65.6697 -55.3231 -33.0061 -64.1272 -70.5562 -50.4328 -41.8513 -66.0335 -37.8334 -29.5949 -11.4832 -52.434 -50.7133 -47.0637 -56.5785 -52.0698 -13.3722 -53.2978 -56.7128 -65.6773 -19.13
9476.394531 -26.1087 -65.7524 -55.4124 -33.3535 -64.314 -70.6923 -50.7 -42.2028 -66.2306 -38.169 -30.1701 -12.2864 -52.2964 -50.9933 -47.1385 -56.6826 -52.3407 -13.9642 -53.5921 -56.9879 -65.8814 -19.5869
9477.400391 -26.4498 -65.8238 -55.5015 -33.7011 -64.4992 -70.8237 -50.9664 -42.5534 -66.4253 -38.5041 -30.729 -13.0198 -52.161 -51.2724 -47.2019 -56.7857 -52.6104 -14.525 -53.8855 -57.2618 -66.0833 -20.0236
9478.405273 -26.792 -65.8625 -55.5905 -34.049 -64.6828 -70.9461 -51.2322 -42.903 -66.6177 -38.8389 -31.2674 -13.7012 -52.0327 -51.5508 -47.237 -56.8845 -52.8787 -15.0595 -54.1779 -57.5345 -66.2829 -20.443
9479.410156 -27.1353 -65.8109 -55.6794 -34.3969 -64.8646 -71.0448 -51.4971 -43.2517 -66.8077 -39.1733 -31.7835 -14.3409 -51.9153 -51.8284 -47.2247 -56.9717 -53.1456 -15.5718 -54.4693 -57.806 -66.4801 -20.8473
9480.415039 -27.4798 -65.5138 -55.7682 -34.7449 -65.0444 -71.0678 -51.7614 -43.5994 -66.9953 -39.5072 -32.2765 -14.946 -51.8115 -52.1053 -47.1508 -57.0329 -53.4109 -16.0653 -54.7597 -58.0761 -66.6749 -21.2387
9481.419922 -27.8253 -64.5836 -55.8568 -35.093 -65.2216 -70.8201 -52.0249 -43.9461 -67.1804 -39.8406 -32.7468 -15.5215 -51.723 -52.3813 -47.0127 -57.0442 -53.6746 -16.5429 -55.049 -58.3449 -66.8674 -21.6189
9482.424805 -28.1717 -62.2957 -55.9453 -35.441 -65.3954 -69.5769 -52.2876 -44.2917 -67.3632 -40.1736 -33.1952 -16.0715 -51.6507 -52.6565 -46.821 -56.9731 -53.9364 -17.007 -55.3373 -58.6124 -67.0575 -21.9893
9483.429688 -28.5191 -57.5666 -56.0337 -35.789 -65.5648 -64.5163 -52.5496 -44.6363 -67.5434 -40.506 -33.6232 -16.5994 -51.5948 -52.9308 -46.595 -56.7861 -54.1961 -17.4597 -55.6246 -58.8785 -67.2452 -22.3513
9484.434570 -28.8674 -50.4696 -56.1219 -36.1369 -65.7279 -44.8235 -52.8108 -44.9799 -67.7212 -40.8378 -34.032 -17.1083 -51.5551 -53.2044 -46.3557 -56.4666 -54.4535 -17.9027 -55.9107 -59.1431 -67.4304 -22.7059
9485.439453 -29.2166 -41.6958 -56.21 -36.4848 -65.8823 -11.4811 -53.0712 -45.3224 -67.8966 -41.169 -34.4232 -17.6007 -51.531 -53.477 -46.1206 -56.0312 -54.7082 -18.3375 -56.1957 -59.4064 -67.6132 -23.0541
9486.445312 -29.5665 -31.4914 -56.298 -36.8324 -66.025 -11.9768 -53.3308 -45.6637 -68.0694 -41.4995 -34.7984 -18.0789 -51.5216 -53.7489 -45.9018 -55.5204 -54.9602 -18.7656 -56.4795 -59.6681 -67.7935 -23.3967
9487.450195 -29.9172 -28.0027 -56.3858 -37.1799 -66.1522 -12.8407 -53.5897 -46.004 -68.2398 -41.8294 -35.1587 -18.5448 -51.5261 -54.0198 -45.7059 -54.9789 -55.209 -19.1879 -56.7622 -59.9283 -67.9713 -23.7345
9488.455078 -30.2685 -26.525 -56.4734 -37.5271 -66.26 -13.7612 -53.8477 -46.3431 -68.4076 -42.1585 -35.5057 -19.0001 -51.5435 -54.2899 -45.5357 -54.4424 -55.4545 -19.6054 -57.0436 -60.187 -68.1466 -24.0681
9489.459961 -30.6205 -26.3258 -56.5609 -37.8741 -66.345 -14.6804 -54.1049 -46.681 -68.573 -42.4869 -35.8405 -19.4464 -51.5728 -54.5591 -45.3915 -53.9347 -55.6964 -20.0191 -57.3238 -60.4441 -68.3194 -24.398
9490.464844 -30.973 -26.6012 -56.6482 -38.2207 -66.4046 -15.5231 -54.3612 -47.0178 -68.7359 -42.8145 -36.1642 -19.8848 -51.6132 -54.8274 -45.2717 -53.4696 -55.9347 -20.4295 -57.6028 -60.6995 -68.4897 -24.7248
9491.469727 -31.3261 -27.1506 -56.7354 -38.5671 -66.4374 -16.2849 -54.6168 -47.3535 -68.8963 -43.1413 -36.4779 -20.3166 -51.6636 -55.0947 -45.1745 -53.0533 -56.1692 -20.8374 -57.8805 -60.9533 -68.6575 -25.0489
9492.474609 -31.6796 -27.8447 -56.8224 -38.9131 -66.4425 -16.977 -54.8714 -47.6879 -69.0541 -43.4673 -36.7825 -20.7426 -51.7233 -55.3611 -45.0975 -52.6878 -56.3997 -21.2434 -58.1568 -61.2054 -68.8228 -25.3706
9493.480469 -32.0334 -28.6049 -56.9092 -39.2587 -66.4191 -17.6171 -55.1252 -48.0211 -69.2095 -43.7923 -37.0788 -21.1638 -51.7914 -55.6266 -45.0385 -52.3719 -56.6264 -21.6477 -58.4318 -61.4557 -68.9855 -25.6903
9494.485352 -32.3877 -29.3778 -56.9959 -39.6039 -66.3661 -18.2136 -55.3781 -48.3531 -69.3624 -44.1164 -37.3676 -21.5809 -51.8674 -55.891 -44.9956 -52.103 -56.8491 -22.051 -58.7053 -61.7042 -69.1457 -26.0082
9495.490234 -32.7422 -30.1232 -57.0823 -39.9487 -66.2812 -18.7718 -55.6302 -48.6839 -69.5128 -44.4396 -37.6496 -21.9944 -51.9504 -56.1545 -44.9669 -51.8777 -57.0678 -22.4535 -58.9774 -61.9509 -69.3034 -26.3247
9496.495117 -33.097 -30.8228 -57.1686 -40.293 -66.1603 -19.2976 -55.8813 -49.0135 -69.6607 -44.7618 -37.9254 -22.4051 -52.04 -56.417 -44.9509 -51.692 -57.2826 -22.8554 -59.2481 -62.1958 -69.4585 -26.6399
9497.500000 -33.4519 -31.4708 -57.2548 -40.6368 -65.9983 -19.7957 -56.1314 -49.3418 -69.8061 -45.083 -38.1956 -22.8134 -52.1356 -56.6784 -44.9462 -51.5421 -57.4936 -23.2571 -59.5173 -62.4388 -69.6111 -26.954
9498.504883 -33.807 -32.0687 -57.3407 -40.98 -65.7885 -20.2701 -56.3807 -49.6689 -69.9491 -45.4031 -38.4606 -23.2196 -52.2366 -56.9388 -44.9517 -51.4241 -57.7009 -23.6588 -59.7849 -62.6798 -69.7612 -27.2672
9499.509766 -34.1622 -32.6216 -57.4265 -41.3227 -65.5194 -20.7238 -56.6289 -49.9947 -70.0896 -45.7221 -38.721 -23.6242 -52.3427 -57.1981 -44.9665 -51.3346 -57.9045 -24.0606 -60.0509 -62.9188 -69.9088 -27.5797
9500.514648 -34.5175 -33.1361 -57.512 -41.6648 -65.1719 -21.1594 -56.8762 -50.3192 -70.2276 -46.0401 -38.9772 -24.0275 -52.4535 -57.4562 -44.9897 -51.2701 -58.1045 -24.4627 -60.3153 -63.1558 -70.054 -27.8915
9501.519531 -34.8727 -33.6183 -57.5974 -42.0063 -64.7211 -21.5789 -57.1225 -50.6424 -70.3632 -46.3569 -39.2294 -24.4298 -52.5685 -57.7133 -45.0205 -51.2278 -58.3012 -24.8651 -60.578 -63.3908 -70.1969 -28.2028
9502.525391 -35.2279 -34.0738 -57.6826 -42.3471 -64.1393 -21.9844 -57.3677 -50.9644 -70.4964 -46.6725 -39.4781 -24.8312 -52.6875 -57.9692 -45.0584 -51.205 -58.4946 -25.268 -60.839 -63.6237 -70.3381 -28.5137
9503.530273 -35.583 -34.5073 -57.7675 -42.6872 -63.3944 -22.3775 -57.612 -51.285 -70.6272 -46.987 -39.7236 -25.2321 -52.8102 -58.224 -45.1028 -51.1995 -58.6849 -25.6714 -61.0982 -63.8544 -70.4789 -28.8243
9504.535156 -35.938 -34.9226 -57.8523 -43.0266 -62.45 -22.7598 -57.8551 -51.6044 -70.7556 -47.3002 -39.9662 -25.6325 -52.9362 -58.4775 -45.1533 -51.2093 -58.8722 -26.0754 -61.3557 -64.083 -70.622 -29.1346
9505.540039 -36.2928 -35.323 -57.9368 -43.3653 -61.2406 -23.1324 -58.0972 -51.9224 -70.8815 -47.6123 -40.206 -26.0326 -53.0653 -58.7298 -45.2093 -51.2325 -59.0567 -26.48 -61.6113 -64.3093 -70.7711 -29.4447
9506.544922 -36.6474 -35.7108 -58.0212 -43.7032 -59.6836 -23.4966 -58.3381 -52.2391 -71.0051 -47.923 -40.4434 -26.4325 -53.1973 -58.9808 -45.2706 -51.2676 -59.2384 -26.8852 -61.8651 -64.5335 -70.8968 -29.7547
9507.549805 -37.0017 -36.088 -58.1053 -44.0404 -57.6192 -23.8533 -58.5779 -52.5544 -71.1261 -48.2326 -40.6785 -26.8323 -53.332 -59.2306 -45.3367 -51.3134 -59.4176 -27.291 -62.1169 -64.7553 -70.9309 -30.0645
9508.554688 -37.3558 -36.456 -58.1892 -44.3768 -54.8821 -24.2035 -58.8165 -52.8684 -71.2438 -48.5409 -40.9116 -27.2321 -53.4692 -59.479 -45.4075 -51.3687 -59.5944 -27.6974 -62.3668 -64.9749 -70.8559 -30.3743
9509.559570 -37.7095 -36.816 -58.2729 -44.7123 -51.2134 -24.548 -59.054 -53.181 -71.3559 -48.8478 -41.1428 -27.6319 -53.6087 -59.7261 -45.4827 -51.4325 -59.7688 -28.1044 -62.6146 -65.1921 -70.598 -30.684
9510.564453 -38.0629 -37.1687 -58.3563 -45.047 -46.6851 -24.8873 -59.2902 -53.4923 -71.4527 -49.1535 -41.3722 -28.0318 -53.7503 -59.9718 -45.5619 -51.5039 -59.941 -28.512 -62.8604 -65.4069 -70.0152 -30.9937
9511.570312 -38.4159 -37.515 -58.4395 -45.3808 -41.251 -25.2223 -59.5253 -53.8021 -71.495 -49.4579 -41.6001 -28.4318 -53.8939 -60.2161 -45.645 -51.5822 -60.1111 -28.9201 -63.1041 -65.6193 -68.6009 -31.3035
9512.575195 -38.7684 -37.8551 -58.5225 -45.7138 -36.657 -25.5533 -59.759 -54.1105 -71.3205 -49.761 -41.8265 -28.832 -54.0393 -60.459 -45.7318 -51.6667 -60.2792 -29.3286 -63.3457 -65.8293 -64.4716 -31.6132
9513.580078 -39.1206 -38.1896 -58.6053 -46.0459 -34.3102 -25.881 -59.9914 -54.4175 -70.1982 -50.0627 -42.0516 -29.2323 -54.1865 -60.7003 -45.8221 -51.7569 -60.4455 -29.7376 -63.5851 -66.0369 -56.6321 -31.9229
9514.584961 -39.4722 -38.5189 -58.6878 -46.377 -33.9851 -26.2056 -60.2226 -54.7231 -64.6094 -50.3631 -42.2754 -29.6328 -54.3352 -60.9402 -45.9157 -51.8523 -60.6099 -30.147 -63.8222 -66.2419 -25.7503 -32.2327
9515.589844 -39.8233 -38.8431 -58.77 -46.7072 -34.1045 -26.5277 -60.4523 -55.0272 -40.8033 -50.6622 -42.4981 -30.0334 -54.4854 -61.1785 -46.0125 -51.9524 -60.7726 -30.5567 -64.0571 -66.4445 -11.1658 -32.5425
9516.594727 -40.1739 -39.1625 -58.852 -47.0365 -34.2687 -26.8476 -60.6807 -55.3299 -13.4234 -50.96 -42.7197 -30.4341 -54.637 -61.4153 -46.1123 -52.0569 -60.9337 -30.9668 -64.2897 -66.6445 -11.5884 -32.8523
9517.599609 -40.5238 -39.4775 -58.9338 -47.3648 -34.478 -27.1655 -60.9077 -55.631 -9.72263 -51.2564 -42.9404 -30.835 -54.7898 -61.6504 -46.2151 -52.1655 -61.0932 -31.377 -64.52 -66.842 -11.7061 -33.1622
9518.605469 -40.8732 -39.788 -59.0153 -47.6921 -34.7538 -27.4817 -61.1333 -55.9306 -10.5176 -51.5514 -43.1601 -31.236 -54.9439 -61.8839 -46.3206 -52.2778 -61.2512 -31.7874 -64.7479 -67.0368 -11.946 -33.4721
9519.610352 -41.222 -40.0944 -59.0965 -48.0185 -35.0143 -27.7964 -61.3573 -56.2287 -11.8088 -51.8451 -43.3791 -31.637 -55.099 -62.1158 -46.4287 -52.3935 -61.4077 -32.1979 -64.9734 -67.2291 -12.6787 -33.782
9520.615234 -41.57 -40.3968 -59.1775 -48.3438 -35.2379 -28.1099 -61.5799 -56.5252 -12.8321 -52.1374 -43.5972 -32.0381 -55.2551 -62.3459 -46.5394 -52.5124 -61.5628 -32.6085 -65.1964 -67.4188 -13.5844 -34.092
9521.620117 -41.9173 -40.6954 -59.2582 -48.6681 -35.4434 -28.4224 -61.801 -56.8201 -13.7474 -52.4284 -43.8147 -32.4391 -55.4121 -62.5743 -46.6526 -52.6344 -61.7166 -33.0191 -65.417 -67.6059 -14.4958 -34.4019
9522.625000 -42.2639 -40.9903 -59.3387 -48.9914 -35.6476 -28.734 -62.0205 -57.1134 -14.577 -52.718 -44.0315 -32.8402 -55.57 -62.8009 -46.7681 -52.7592 -61.869 -33.4296 -65.635 -67.7903 -15.3675 -34.7119
9523.629883 -42.6098 -41.2817 -59.4188 -49.3137 -35.8602 -29.0448 -62.2384 -57.4051 -15.3269 -53.0062 -44.2476 -33.2412 -55.7286 -63.0257 -46.8859 -52.8866 -62.0202 -33.84 -65.8505 -67.9721 -16.1796 -35.0218
9524.634766 -42.9548 -41.5697 -59.4987 -49.6349 -36.0761 -29.3549 -62.4546 -57.6951 -16.0107 -53.2931 -44.4632 -33.642 -55.888 -63.2486 -47.0059 -53.0164 -62.1702 -34.2502 -66.0634 -68.1512 -16.929 -35.3317
9525.639648 -43.2991 -41.8545 -59.5783 -49.9551 -36.2821 -29.6646 -62.6693 -57.9834 -16.6402 -53.5786 -44.6782 -34.0428 -56.0479 -63.4697 -47.1279 -53.1486 -62.3189 -34.6602 -66.2738 -68.3276 -17.6211 -35.6415
9526.644531 -43.6425 -42.136 -59.6576 -50.2741 -36.4673 -29.9738 -62.8822 -58.2699 -17.2236 -53.8627 -44.8928 -34.4434 -56.2085 -63.6889 -47.252 -53.283 -62.4665 -35.0699 -66.4814 -68.5014 -18.2635 -35.9514
9527.650391 -43.985 -42.4145 -59.7366 -50.5921 -36.6285 -30.2827 -63.0935 -58.5547 -17.7676 -54.1454 -45.1068 -34.8437 -56.3696 -63.9061 -47.378 -53.4195 -62.6129 -35.4793 -66.6864 -68.6725 -18.8637 -36.2611
9528.655273 -44.3266 -42.6901 -59.8154 -50.909 -36.7736 -30.5913 -63.303 -58.8377 -18.278 -54.4267 -45.3204 -35.2438 -56.5312 -64.1214 -47.5059 -53.5579 -62.7582 -35.8882 -66.8888 -68.8409 -19.4279 -36.5708
9529.660156 -44.6674 -42.9629 -59.8938 -51.2249 -36.9082 -30.8996 -63.5108 -59.1189 -18.7597 -54.7066 -45.5336 -35.6436 -56.6932 -64.3347 -47.6356 -53.6981 -62.9024 -36.2968 -67.0884 -69.0066 -19.9615 -36.8804
9530.665039 -45.0072 -43.2329 -59.9719 -51.5396 -37.0325 -31.2078 -63.7167 -59.3982 -19.2168 -54.9851 -45.7464 -36.0431 -56.8555 -64.5459 -47.767 -53.8401 -63.0455 -36.7048 -67.2853 -69.1696 -20.4688 -37.1898
9531.669922 -45.346 -43.5003 -60.0498 -51.8531 -37.146 -31.5159 -63.9208 -59.6756 -19.6526 -55.2621 -45.9588 -36.4422 -57.0182 -64.7551 -47.9002 -53.9837 -63.1874 -37.1123 -67.4794 -69.3299 -20.9533 -37.4992
9532.674805 -45.6839 -43.7651 -60.1273 -52.1656 -37.2506 -31.824 -64.1231 -59.9511 -20.0702 -55.5378 -46.1708 -36.8409 -57.1811 -64.9622 -48.0349 -54.1289 -63.3283 -37.5193 -67.6708 -69.4876 -21.4182 -37.8084
9533.679688 -46.0208 -44.0275 -60.2045 -52.4769 -37.3503 -32.1319 -64.3236 -60.2246 -20.4718 -55.812 -46.3825 -37.2391 -57.3442 -65.1672 -48.1712 -54.2755 -63.4682 -37.9255 -67.8595 -69.6426 -21.8658 -38.1175
9534.684570 -46.3567 -44.2875 -60.2813 -52.787 -37.4457 -32.4398 -64.5221 -60.4961 -20.8594 -56.0847 -46.5939 -37.6368 -57.5075 -65.37 -48.3091 -54.4236 -63.6069 -38.3312 -68.0453 -69.7949 -22.2984 -38.4264
9535.689453 -46.6916 -44.5452 -60.3579 -53.096 -37.5365 -32.7478 -64.7187 -60.7656 -21.2349 -56.356 -46.805 -38.034 -57.671 -65.5707 -48.4483 -54.573 -63.7447 -38.7361 -68.2283 -69.9448 -22.7178 -38.7351
9536.695312 -47.0254 -44.8007 -60.4341 -53.4037 -37.6234 -33.0557 -64.9133 -61.0329 -21.5997 -56.6259 -47.0157 -38.4306 -57.8345 -65.7692 -48.589 -54.7236 -63.8813 -39.1402 -68.4086 -70.0924 -23.1255 -39.0437
9537.700195 -47.3582 -45.0541 -60.51 -53.7103 -37.7079 -33.3636 -65.106 -61.2982 -21.9551 -56.8942 -47.2262 -38.8267 -57.9981 -65.9655 -48.7311 -54.8754 -64.017 -39.5436 -68.586 -70.2387 -23.5229 -39.352
9538.705078 -47.6898 -45.3054 -60.5855 -54.0157 -37.7915 -33.6716 -65.2966 -61.5613 -22.3023 -57.1611 -47.4363 -39.2221 -58.1617 -66.1596 -48.8745 -55.0283 -64.1516 -39.9462 -68.7606 -70.3848 -23.9112 -39.6602
9539.709961 -48.0205 -45.5547 -60.6607 -54.3198 -37.8758 -33.9795 -65.4853 -61.8222 -22.6422 -57.4264 -47.6462 -39.6168 -58.3252 -66.3514 -49.0191 -55.1822 -64.2851 -40.3478 -68.9323 -70.5272 -24.2914 -39.9681
9540.714844 -48.35 -45.802 -60.7356 -54.6227 -37.9621 -34.2875 -65.6719 -62.0809 -22.9759 -57.6902 -47.8559 -40.0109 -58.4887 -66.5409 -49.165 -55.3372 -64.4176 -40.7486 -69.1013 -70.6248 -24.6645 -40.2757
9541.719727 -48.6784 -46.0475 -60.8101 -54.9242 -38.0513 -34.5955 -65.8564 -62.3372 -23.3039 -57.9524 -48.0652 -40.4042 -58.6521 -66.7281 -49.312 -55.4931 -64.5491 -41.1484 -69.2674 -70.4464 -25.0312 -40.5831
9542.724609 -49.0057 -46.2912 -60.8842 -55.2245 -38.1442 -34.9035 -66.0389 -62.5913 -23.6271 -58.2131 -48.2743 -40.7967 -58.8153 -66.913 -49.4602 -55.6499 -64.6796 -41.5473 -69.4307 -68.9439 -25.3923 -40.8902
9543.730469 -49.3318 -46.5331 -60.9579 -55.5235 -38.2412 -35.2116 -66.2193 -62.8431 -23.946 -58.4722 -48.4832 -41.1884 -58.9784 -67.0956 -49.6094 -55.8075 -64.809 -41.945 -69.5912 -61.986 -25.7483 -41.197
9544.735352 -49.6568 -46.7734 -61.0312 -55.8212 -38.3425 -35.5196 -66.3976 -63.0924 -24.2612 -58.7297 -48.6918 -41.5793 -59.1413 -67.2759 -49.7598 -55.9659 -64.9374 -42.3418 -69.7489 -38.7379 -26.0998 -41.5034
9545.740234 -49.9807 -47.012 -61.1041 -56.1175 -38.4483 -35.8276 -66.5737 -63.3393 -24.573 -58.9856 -48.9001 -41.9692 -59.3039 -67.4538 -49.9111 -56.125 -65.0647 -42.7374 -69.9038 -15.1162 -26.4472 -41.8095
9546.745117 -50.3034 -47.249 -61.1766 -56.4124 -38.5587 -36.1356 -66.7477 -63.5838 -24.882 -59.2399 -49.1082 -42.3583 -59.4662 -67.6294 -50.0634 -56.2848 -65.191 -43.1319 -70.0559 -12.0876 -26.7911 -42.1152
9547.750000 -50.6249 -47.4845 -61.2486 -56.7059 -38.6738 -36.4435 -66.9195 -63.8257 -25.1885 -59.4924 -49.3161 -42.7463 -59.6282 -67.8026 -50.2167 -56.4452 -65.3163 -43.5252 -70.2052 -12.9438 -27.1318 -42.4206
9548.754883 -50.9452 -47.7185 -61.3202 -56.998 -38.7936 -36.7514 -67.0892 -64.0652 -25.4929 -59.7433 -49.5237 -43.1334 -59.7898 -67.9733 -50.3709 -56.6062 -65.4406 -43.9173 -70.3517 -13.7322 -27.4695 -42.7255
9549.759766 -51.2643 -47.951 -61.3913 -57.2885 -38.9184 -37.0593 -67.2567 -64.302 -25.7953 -59.9925 -49.7311 -43.5195 -59.951 -68.1417 -50.5259 -56.7678 -65.5638 -44.3082 -70.4955 -14.4728 -27.8046 -43.0301
9550.764648 -51.5823 -48.1821 -61.462 -57.5776 -39.0481 -37.3671 -67.422 -64.5363 -26.0961 -60.24 -49.9382 -43.9045 -60.1117 -68.3078 -50.6818 -56.9298 -65.686 -44.6978 -70.6366 -15.2072 -28.1375 -43.3342
9551.769531 -51.899 -48.4119 -61.5321 -57.8652 -39.1829 -37.6748 -67.5851 -64.7679 -26.3956 -60.4856 -50.1451 -44.2884 -60.2719 -68.4714 -50.8384 -57.0923 -65.8072 -45.0862 -70.775 -15.9105 -28.4681 -43.6378
9552.775391 -52.2144 -48.6403 -61.6017 -58.1512 -39.3228 -37.9823 -67.746 -64.9969 -26.6938 -60.7296 -50.3517 -44.6712 -60.4315 -68.6326 -50.9959 -57.2552 -65.9274 -45.4732 -70.9106 -16.5687 -28.7969 -43.941
9553.780273 -52.5287 -48.8675 -61.6707 -58.4356 -39.4676 -38.2898 -67.9047 -65.2231 -26.991 -60.9717 -50.5581 -45.0529 -60.5904 -68.7914 -51.154 -57.4185 -66.0465 -45.8589 -71.0436 -17.1803 -29.124 -44.2437
9554.785156 -52.8416 -49.0934 -61.7392 -58.7184 -39.6172 -38.5971 -68.0611 -65.4467 -27.2874 -61.212 -50.7642 -45.4333 -60.7484 -68.9477 -51.3129 -57.5821 -66.1646 -46.2432 -71.174 -17.7495 -29.4495 -44.5459
9555.790039 -53.1534 -49.3181 -61.8069 -58.9995 -39.7711 -38.9043 -68.2154 -65.6675 -27.583 -61.4504 -50.9701 -45.8127 -60.9055 -69.1017 -51.4724 -57.746 -66.2817 -46.6262 -71.3017 -18.2816 -29.7735 -44.8476
9556.794922 -53.4638 -49.5416 -61.874 -59.279 -39.9292 -39.2113 -68.3674 -65.8855 -27.878 -61.6869 -51.1758 -46.1907 -61.0616 -69.2531 -51.6326 -57.9102 -66.3977 -47.0078 -71.4268 -18.7818 -30.0963 -45.1488
9557.799805 -53.7729 -49.764 -61.9402 -59.5566 -40.091 -39.5181 -68.5172 -66.1007 -28.1725 -61.9216 -51.3811 -46.5676 -61.2163 -69.4019 -51.7934 -58.0746 -66.5128 -47.3879 -71.5493 -19.2549 -30.4178 -45.4495
9558.804688 -54.0807 -49.9852 -62.0054 -59.8325 -40.2561 -39.8248 -68.6648 -66.3132 -28.4666 -62.1543 -51.5862 -46.9432 -61.3695 -69.5474 -51.9548 -58.2391 -66.6268 -47.7666 -71.6693 -19.7045 -30.7383 -45.7496
9559.809570 -54.3872 -50.2053 -62.0697 -60.1066 -40.4243 -40.1312 -68.8102 -66.5227 -28.7604 -62.385 -51.7911 -47.3175 -61.5209 -69.6879 -52.1167 -58.4038 -66.7398 -48.1438 -71.7867 -20.1338 -31.0577 -46.0492
9560.814453 -54.6923 -50.4244 -62.1328 -60.3789 -40.5954 -40.4374 -68.9533 -66.7294 -29.0539 -62.6138 -51.9957 -47.6905 -61.6701 -69.8177 -52.2791 -58.5685 -66.8518 -48.5196 -71.9017 -20.5457 -31.3762 -46.3482
9561.820312 -54.9961 -50.6425 -62.1945 -60.6492 -40.7689 -40.7433 -69.0943 -66.9333 -29.3472 -62.8406 -52.2 -48.0622 -61.8165 -69.9192 -52.442 -58.7334 -66.9628 -48.8939 -72.0142 -20.9424 -31.6939 -46.6466
9562.825195 -55.2985 -50.8595 -62.2549 -60.9176 -40.9447 -41.0489 -69.233 -67.1342 -29.6404 -63.0653 -52.404 -48.4325 -61.9596 -69.9366 -52.6054 -58.8982 -67.0727 -49.2666 -72.1245 -21.3258 -32.0107 -46.9444
9563.830078 -55.5994 -51.0755 -62.3136 -61.184 -41.1226 -41.3542 -69.3695 -67.3322 -29.9335 -63.288 -52.6077 -48.8015 -62.0984 -69.7034 -52.7692 -59.0631 -67.1817 -49.6378 -72.2336 -21.6977 -32.3268 -47.2416
9564.834961 -55.8989 -51.2906 -62.3706 -61.4484 -41.3024 -41.6592 -69.5038 -67.5273 -30.2265 -63.5086 -52.8112 -49.1691 -62.2323 -68.7431 -52.9334 -59.2279 -67.2896 -50.0075 -72.3412 -22.0596 -32.6422 -47.5382
9565.839844 -56.197 -51.5047 -62.4258 -61.7108 -41.484 -41.9638 -69.6359 -67.7195 -30.5195 -63.7271 -53.0143 -49.5353 -62.3605 -65.7019 -53.098 -59.3926 -67.3965 -50.3757 -72.4438 -22.4127 -32.9569 -47.8342
9566.844727 -56.4936 -51.7179 -62.4791 -61.971 -41.6671 -42.268 -69.7658 -67.9087 -30.8124 -63.9435 -53.2172 -49.9001 -62.4825 -57.2832 -53.2629 -59.5572 -67.5025 -50.7422 -72.5391 -22.7581 -33.271 -48.1296
9567.849609 -56.7887 -51.9302 -62.5303 -62.2291 -41.8517 -42.5719 -69.8933 -68.095 -31.1054 -64.1577 -53.4197 -50.2634 -62.5979 -39.4378 -53.4282 -59.7217 -67.6074 -51.1072 -72.6264 -23.0968 -33.5844 -48.4243
9568.855469 -57.0822 -52.1416 -62.5794 -62.485 -42.0375 -42.8754 -70.0183 -68.2784 -31.3984 -64.3697 -53.6219 -50.6254 -62.7067 -21.506 -53.5937 -59.8859 -67.7113 -51.4706 -72.706 -23.4296 -33.8973 -48.7184
9569.860352 -57.3742 -52.3522 -62.6263 -62.7387 -42.2246 -43.1784 -70.1402 -68.4588 -31.6915 -64.5796 -53.8238 -50.9858 -62.8089 -18.1275 -53.7595 -60.05 -67.8143 -51.8323 -72.7784 -23.7573 -34.2096 -49.0118
9570.865234 -57.6646 -52.5618 -62.671 -62.9901 -42.4127 -43.481 -70.2569 -68.6362 -31.9846 -64.7872 -54.0254 -51.3448 -62.9047 -18.9894 -53.9255 -60.2138 -67.9162 -52.1925 -72.8455 -24.0805 -34.5214 -49.3046
9571.870117 -57.9533 -52.7707 -62.7133 -63.2391 -42.6018 -43.7831 -70.3622 -68.8107 -32.2777 -64.9926 -54.2266 -51.7023 -62.9946 -19.1747 -54.0918 -60.3774 -68.0172 -52.5509 -72.9081 -24.3998 -34.8327 -49.5966
9572.875000 -58.2404 -52.9787 -62.7533 -63.4859 -42.7919 -44.0848 -70.4339 -68.9823 -32.5709 -65.1957 -54.4274 -52.0583 -63.0791 -19.4478 -54.2582 -60.5406 -68.1171 -52.9077 -72.9662 -24.7158 -35.1434 -49.8881
9573.879883 -58.5258 -53.1858 -62.791 -63.7302 -42.9827 -44.3859 -70.3966 -69.1509 -32.8642 -65.3966 -54.6279 -52.4127 -63.1586 -19.7445 -54.4248 -60.7035 -68.2161 -53.2629 -73.0203 -25.0287 -35.4537 -50.1788
9574.884766 -58.8095 -53.3922 -62.8263 -63.9721 -43.1743 -44.6866 -69.9957 -69.3165 -33.1575 -65.5952 -54.8281 -52.7656 -63.234 -20.1175 -54.5916 -60.866 -68.3141 -53.6163 -73.069 -25.3391 -35.7634 -50.4688
9575.889648 -59.0914 -53.5978 -62.8592 -64.2115 -43.3665 -44.9867 -68.3982 -69.4793 -33.4509 -65.7914 -55.0278 -53.117 -63.3056 -20.5376 -54.7584 -61.0281 -68.411 -53.968 -73.1045 -25.6474 -36.0727 -50.7582
9576.894531 -59.3715 -53.8026 -62.8899 -64.4485 -43.5594 -45.2863 -63.8345 -69.6391 -33.7444 -65.9854 -55.2272 -53.4667 -63.3741 -20.969 -54.9253 -61.1898 -68.5069 -54.3179 -73.1048 -25.9536 -36.3815 -51.0468
9577.900391 -59.6498 -54.0066 -62.9182 -64.6828 -43.7529 -45.5853 -53.3059 -69.796 -34.0379 -66.177 -55.4262 -53.8148 -63.4401 -21.3963 -55.0923 -61.351 -68.6016 -54.6661 -72.9874 -26.2583 -36.6898 -51.3347
9578.905273 -59.9262 -54.2099 -62.9443 -64.9146 -43.9468 -45.8837 -28.843 -69.95 -34.3314 -66.3662 -55.6247 -54.1613 -63.5041 -21.8129 -55.2592 -61.5117 -68.695 -55.0124 -72.139 -26.5616 -36.9977 -51.6219
9579.910156 -60.2007 -54.4124 -62.9682 -65.1438 -44.1413 -46.1816 -14.0794 -70.1012 -34.625 -66.5531 -55.8228 -54.5061 -63.5664 -22.2173 -55.4262 -61.6718 -68.7863 -55.357 -65.1982 -26.8637 -37.3051 -51.9084
9580.915039 -60.4732 -54.6141 -62.9898 -65.3703 -44.3361 -46.4788 -12.6813 -70.2495 -34.9186 -66.7376 -56.0205 -54.8492 -63.6277 -22.6093 -55.5932 -61.8314 -68.8737 -55.6997 1.55053 -27.1647 -37.612 -52.1941
9581.919922 -60.7438 -54.8151 -63.0093 -65.5942 -44.5314 -46.7755 -13.3045 -70.3949 -35.2122 -66.9197 -56.2178 -55.1906 -63.6881 -22.9885 -55.7601 -61.9904 -68.9511 -56.0405 8.53948 -27.465 -37.9185 -52.4791
9582.924805 -61.0123 -55.0154 -63.0266 -65.8153 -44.7271 -47.0715 -14.1574 -70.5376 -35.5059 -67.0994 -56.4145 -55.5303 -63.748 -23.3554 -55.9269 -62.1487 -68.9962 -56.3794 2.60951 -27.7645 -38.2245 -52.7633
9583.929688 -61.2787 -55.2149 -63.0418 -66.0337 -44.923 -47.3669 -15.0596 -70.6774 -35.7995 -67.2768 -56.6108 -55.8682 -63.8077 -23.7107 -56.0936 -62.3062 -68.9236 -56.7163 -1.69639 -28.0635 -38.53 -53.0468
9584.934570 -61.5431 -55.4137 -63.055 -66.2493 -45.1193 -47.6616 -15.9263 -70.8145 -36.0931 -67.4517 -56.8066 -56.2042 -63.8675 -24.0556 -56.2602 -62.4629 -68.3958 -57.0513 -4.77493 -28.3621 -38.8351 -53.3295
9585.939453 -61.8052 -55.6117 -63.066 -66.4621 -45.3159 -47.9557 -16.7249 -70.9488 -36.3866 -67.6242 -57.0019 -56.5384 -63.9276 -24.3913 -56.4266 -62.6184 -66.1701 -57.3842 -7.04118 -28.6602 -39.1397 -53.6114
9586.945312 -62.0652 -55.809 -63.075 -66.6721 -45.5127 -48.2491 -17.4559 -71.0804 -36.6802 -67.7943 -57.1967 -56.8707 -63.9881 -24.7192 -56.5929 -62.7726 -59.4221 -57.7151 -8.78081 -28.9582 -39.4439 -53.8925
9587.950195 -62.323 -56.0056 -63.0819 -66.8793 -45.7098 -48.5418 -18.1236 -71.2093 -36.9737 -67.9619 -57.3909 -57.2011 -64.0491 -25.0403 -56.7589 -62.9248 -44.3998 -58.0439 -10.1718 -29.2559 -39.7476 -54.1727
9588.955078 -62.5784 -56.2015 -63.0868 -67.0836 -45.907 -48.8338 -18.7352 -71.3355 -37.2671 -68.1272 -57.5846 -57.5295 -64.1108 -25.3556 -56.9247 -63.074 -23.8041 -58.3705 -11.3242 -29.5535 -40.0508 -54.4522
9589.959961 -62.8316 -56.3966 -63.0897 -67.285 -46.1044 -49.1251 -19.2998 -71.459 -37.5604 -68.29 -57.7777 -57.8559 -64.1733 -25.666 -57.0902 -63.2188 -18.448 -58.695 -12.3074 -29.8511 -40.3535 -54.7308
9590.964844 -63.0824 -56.591 -63.0907 -67.4836 -46.3021 -49.4157 -19.8252 -71.58 -37.8536 -68.4504 -57.9702 -58.1803 -64.2366 -25.9721 -57.2555 -63.3563 -18.7391 -59.0172 -13.1666 -30.1486 -40.6557 -55.0085
9591.969727 -63.3307 -56.7846 -63.0897 -67.6792 -46.4998 -49.7056 -20.3182 -71.6984 -38.1468 -68.6084 -58.1622 -58.5025 -64.3008 -26.2746 -57.4204 -63.4817 -18.5635 -59.3372 -13.9318 -30.4462 -40.9575 -55.2853
9592.974609 -63.5767 -56.9775 -63.0868 -67.8719 -46.6977 -49.9948 -20.7848 -71.8142 -38.4398 -68.7639 -58.3535 -58.8226 -64.3658 -26.5741 -57.585 -63.5869 -18.8117 -59.6548 -14.624 -30.7439 -41.2587 -55.5613
9593.980469 -63.8202 -57.1697 -63.0822 -68.0617 -46.8957 -50.2832 -21.2302 -71.9275 -38.7327 -68.9171 -58.5441 -59.1406 -64.4317 -26.8711 -57.7492 -63.659 -19.3032 -59.9701 -15.2582 -31.0417 -41.5593 -55.8363
9594.985352 -64.0611 -57.3611 -63.0758 -68.2485 -47.0938 -50.5709 -21.6585 -72.0384 -39.0255 -69.0678 -58.7341 -59.4562 -64.4985 -27.1659 -57.913 -63.6787 -19.826 -60.283 -15.8454 -31.3397 -41.8595 -56.1104
9595.990234 -64.2996 -57.5518 -63.0677 -68.4324 -47.292 -50.8578 -22.0727 -72.1467 -39.3181 -69.2162 -58.9234 -59.7696 -64.5661 -27.4592 -58.0765 -63.6172 -20.3148 -60.5934 -16.3939 -31.6378 -42.1591 -56.3835
9596.995117 -64.5354 -57.7417 -63.0582 -68.6133 -47.4902 -51.1439 -22.4753 -72.2527 -39.6105 -69.3621 -59.1121 -60.0807 -64.6345 -27.7511 -58.2394 -63.4253 -20.7873 -60.9013 -16.9103 -31.9362 -42.4581 -56.6556
9598.000000 -64.7686 -57.9309 -63.0472 -68.7913 -47.6885 -51.4293 -22.8678 -72.3563 -39.9028 -69.5057 -59.3 -60.3894 -64.7036 -28.042 -58.4019 -63.0191 -21.256 -61.2066 -17.3998 -32.2347 -42.7566 -56.9268
9599.004883 -64.9992 -58.1193 -63.0348 -68.9663 -47.8869 -51.7139 -23.2517 -72.4575 -40.1949 -69.6469 -59.4871 -60.6956 -64.7734 -28.3322 -58.5639 -62.2997 -21.7254 -61.5093 -17.8665 -32.5335 -43.0545 -57.1968
9600.009766 -65.227 -58.3069 -63.0213 -69.1384 -48.0853 -51.9978 -23.6278 -72.5565 -40.4867 -69.7858 -59.6735 -60.9993 -64.8436 -28.6219 -58.7254 -61.2142 -22.1958 -61.8093 -18.3139 -32.8325 -43.3519 -57.4658
9601.014648 -65.4522 -58.4937 -63.0067 -69.3075 -48.2837 -52.2808 -23.9971 -72.6531 -40.7784 -69.9223 -59.8591 -61.3005 -64.9142 -28.9113 -58.8863 -59.8876 -22.665 -62.1066 -18.7448 -33.1317 -43.6486 -57.7337
9602.019531 -65.6746 -58.6798 -62.9908 -69.4737 -48.482 -52.563 -24.3603 -72.7475 -41.0697 -70.0565 -60.044 -61.5991 -64.985 -29.2005 -59.0467 -58.5223 -23.1298 -62.4012 -19.1617 -33.4312 -43.9448 -58.0005
9603.025391 -65.8942 -58.865 -62.9729 -69.637 -48.6804 -52.8444 -24.7178 -72.8397 -41.3608 -70.1883 -60.228 -61.895 -65.0556 -29.4898 -59.2064 -57.2218 -23.5876 -62.6929 -19.5666 -33.7309 -44.2403 -58.2662
9604.030273 -66.1111 -59.0494 -62.9493 -69.7973 -48.8788 -53.1249 -25.0701 -72.9298 -41.6516 -70.3179 -60.4111 -62.1882 -65.1253 -29.7792 -59.3656 -55.9964 -24.0377 -62.9817 -19.9612 -34.0308 -44.5353 -58.5306
9605.035156 -66.3251 -59.233 -62.9094 -69.9547 -49.0771 -53.4046 -25.4178 -73.0177 -41.9421 -70.4452 -60.5934 -62.4787 -65.1926 -30.0687 -59.524 -54.826 -24.4808 -63.2676 -20.347 -34.3309 -44.8296 -58.7938
9606.040039 -66.5362 -59.4158 -62.8294 -70.1092 -49.2754 -53.6834 -25.7611 -73.1036 -42.2323 -70.5702 -60.7748 -62.7663 -65.254 -30.3585 -59.6819 -53.6991 -24.9186 -63.5506 -20.7253 -34.6312 -45.1233 -59.0558
9607.044922 -66.7445 -59.5978 -62.6713 -70.2608 -49.4737 -53.9614 -26.1002 -73.1873 -42.5222 -70.6929 -60.9553 -63.0511 -65.3007 -30.6486 -59.839 -52.6173 -25.3523 -63.8305 -21.0971 -34.9317 -45.4164 -59.3165
9608.049805 -66.9499 -59.7788 -62.3881 -70.4095 -49.6719 -54.2385 -26.4355 -73.2687 -42.8117 -70.813 -61.1349 -63.3329 -65.3121 -30.9391 -59.9954 -51.5924 -25.7826 -64.1073 -21.4635 -35.2323 -45.7088 -59.5758
9609.054688 -67.1524 -59.9591 -61.9326 -70.5554 -49.87 -54.5147 -26.767 -73.3462 -43.1008 -70.9295 -61.3135 -63.6118 -65.246 -31.2298 -60.151 -50.6415 -26.2095 -64.381 -21.8251 -35.533 -46.0005 -59.8338
9610.059570 -67.352 -60.1384 -61.2673 -70.6984 -50.068 -54.7899 -27.0949 -73.4092 -43.3896 -71.0366 -61.4911 -63.8877 -65.0121 -31.5209 -60.3059 -49.786 -26.6327 -64.6515 -22.1828 -35.8338 -46.2917 -60.0904
9611.064453 -67.5487 -60.3169 -60.3721 -70.8387 -50.2659 -55.0642 -27.4191 -73.3808 -43.678 -71.1069 -61.6677 -64.1605 -64.4222 -31.8124 -60.46 -49.0455 -27.0522 -64.9188 -22.5371 -36.1347 -46.5821 -60.3455
9612.070312 -67.7424 -60.4944 -59.2489 -70.9761 -50.4638 -55.3376 -27.7398 -72.6763 -43.966 -71.0143 -61.8433 -64.4302 -63.2006 -32.1042 -60.6133 -48.4319 -27.4677 -65.1829 -22.8886 -36.4357 -46.8719 -60.5992
9613.075195 -67.9331 -60.6711 -57.9283 -71.1108 -50.6615 -55.61 -28.0569 -66.4215 -44.2536 -70.2117 -62.0179 -64.6967 -60.8942 -32.3963 -60.7657 -47.9473 -27.8791 -65.4436 -23.2377 -36.7367 -47.161 -60.8513
9614.080078 -68.1209 -60.8468 -56.4638 -71.2427 -50.8591 -55.8814 -28.3705 -11.5261 -44.5407 -66.8303 -62.1914 -64.96 -56.3269 -32.6888 -60.9173 -47.5856 -28.2864 -65.701 -23.5849 -37.0377 -47.4494 -61.1019
9615.084961 -68.3057 -61.0215 -54.9174 -71.3719 -51.0566 -56.1518 -28.6807 -0.214896 -44.8274 -55.3536 -62.3638 -65.2201 -47.8257 -32.9815 -61.068 -47.3351 -28.6897 -65.955 -23.9304 -37.3387 -47.7372 -61.3509
9616.089844 -68.4876 -61.1954 -53.35 -71.4984 -51.254 -56.4211 -28.9874 -1.82863 -45.1137 -20.1997 -62.5351 -65.4769 -36.7753 -33.2746 -61.2177 -47.1809 -29.0892 -66.2056 -24.2746 -37.6396 -48.0242 -61.5982
9617.094727 -68.6665 -61.3682 -51.8233 -71.6223 -51.4513 -56.6894 -29.2909 -3.53554 -45.3994 -12.9032 -62.7053 -65.7304 -31.3178 -33.568 -61.3666 -47.1073 -29.4848 -66.4528 -24.6178 -37.9405 -48.3106 -61.8439
9618.099609 -68.8424 -61.54 -50.4011 -71.7435 -51.6484 -56.9566 -29.5911 -5.05976 -45.6848 -12.5161 -62.8743 -65.9805 -31.0882 -33.8616 -61.5145 -47.0995 -29.8766 -66.6965 -24.96 -38.2412 -48.5963 -62.0878
9619.105469 -69.0153 -61.7109 -49.1364 -71.8621 -51.8454 -57.2227 -29.8882 -6.38947 -45.9696 -12.7698 -63.0421 -66.2272 -32.1524 -34.1555 -61.6614 -47.1444 -30.2646 -66.9366 -25.3017 -38.5419 -48.8812 -62.33
9620.110352 -69.1852 -61.8807 -48.0672 -71.9782 -52.0422 -57.4877 -30.1824 -7.54144 -46.2539 -13.4709 -63.2087 -66.4705 -33.1003 -34.4496 -61.8074 -47.2303 -30.6491 -67.1733 -25.6428 -38.8424 -49.1655 -62.5704
9621.115234 -69.3522 -62.0494 -47.2117 -72.0917 -52.2389 -57.7515 -30.4737 -8.54309 -46.5377 -14.3319 -63.3741 -66.7103 -33.9648 -34.7439 -61.9523 -47.3478 -31.0301 -67.4063 -25.9836 -39.1427 -49.4491 -62.8089
9622.120117 -69.5163 -62.217 -46.5626 -72.2027 -52.4354 -58.0141 -30.7624 -9.42363 -46.821 -15.1999 -63.5383 -66.9467 -34.7091 -35.0385 -62.0963 -47.489 -31.4076 -67.6358 -26.3241 -39.4428 -49.7319 -63.0455
9623.125000 -69.6774 -62.3834 -46.0928 -72.3113 -52.6317 -58.2755 -31.0485 -10.208 -47.1038 -16.0106 -63.7012 -67.1795 -35.3293 -35.3332 -62.2391 -47.6477 -31.7819 -67.8616 -26.6645 -39.7428 -50.014 -63.2801
9624.129883 -69.8356 -62.5485 -45.7681 -72.4174 -52.8279 -58.5356 -31.3322 -10.9159 -47.386 -16.7486 -63.8628 -67.4088 -35.9002 -35.6281 -62.3809 -47.8188 -32.1531 -68.0839 -27.0048 -40.0425 -50.2955 -63.5128
9625.134766 -69.9909 -62.7122 -45.5571 -72.5211 -53.024 -58.7945 -31.6138 -11.5624 -47.6677 -17.42 -64.0231 -67.6345 -36.4688 -35.923 -62.5217 -47.9986 -32.5212 -68.3025 -27.345 -40.342 -50.5762 -63.7435
9626.139648 -70.1432 -62.8741 -45.4339 -72.6224 -53.2198 -59.052 -31.8932 -12.1592 -47.9488 -18.0375 -64.1821 -67.8567 -37.0373 -36.2182 -62.6612 -48.1841 -32.8866 -68.5175 -27.6854 -40.6411 -50.8561 -63.9721
9627.144531 -70.2927 -63.0339 -45.3785 -72.7215 -53.4155 -59.3082 -32.1708 -12.7152 -48.2293 -18.613 -64.3398 -68.0753 -37.5943 -36.5134 -62.7995 -48.373 -33.2492 -68.7288 -28.0258 -40.94 -51.1354 -64.1987
9628.150391 -70.4393 -63.1911 -45.3747 -72.8182 -53.611 -59.563 -32.4466 -13.2375 -48.5093 -19.1544 -64.4961 -68.2904 -38.1317 -36.8086 -62.9363 -48.5637 -33.6092 -68.9364 -28.3663 -41.2385 -51.4139 -64.4231
9629.155273 -70.583 -63.3451 -45.4097 -72.9127 -53.8064 -59.8164 -32.7208 -13.7317 -48.7887 -19.6668 -64.651 -68.5018 -38.6476 -37.104 -63.0706 -48.7549 -33.9669 -69.1404 -28.7069 -41.5367 -51.6917 -64.6453
9630.160156 -70.724 -63.4951 -45.4731 -73.0049 -54.0015 -60.0684 -32.9935 -14.2021 -49.0676 -20.1536 -64.8045 -68.7096 -39.1444 -37.3993 -63.2009 -48.9458 -34.3222 -69.3408 -29.0477 -41.8345 -51.9687 -64.8653
9631.165039 -70.8621 -63.6403 -45.557 -73.095 -54.1964 -60.3189 -33.2648 -14.6524 -49.3458 -20.6178 -64.9566 -68.9138 -39.6253 -37.6946 -63.3235 -49.1357 -34.6754 -69.5374 -29.3886 -42.1319 -52.245 -65.083
9632.169922 -70.9975 -63.78 -45.6553 -73.1827 -54.3912 -60.5678 -33.5348 -15.0855 -49.6234 -21.0622 -65.1072 -69.1144 -40.0926 -37.99 -63.4317 -49.3242 -35.0266 -69.7304 -29.7297 -42.4288 -52.5205 -65.2985
9633.174805 -71.1301 -63.9137 -45.7631 -73.2673 -54.5858 -60.8152 -33.8038 -15.5041 -49.9004 -21.4896 -65.2562 -69.3113 -40.5472 -38.2853 -63.5126 -49.511 -35.3758 -69.9198 -30.071 -42.7254 -52.7953 -65.5116
9634.179688 -71.2599 -64.0408 -45.8771 -73.343 -54.7801 -61.061 -34.0716 -15.9102 -50.1768 -21.9021 -65.4035 -69.5047 -40.9903 -38.5805 -63.544 -49.6958 -35.7231 -70.1055 -30.4123 -43.0215 -53.0693 -65.7224
9635.184570 -71.3871 -64.161 -45.9948 -73.3735 -54.9743 -61.3052 -34.3385 -16.3056 -50.4526 -22.3019 -65.5489 -69.6945 -41.4224 -38.8757 -63.4922 -49.8786 -36.0687 -70.2876 -30.7538 -43.3171 -53.3425 -65.9308
9636.189453 -71.5116 -64.2742 -46.1143 -73.1279 -55.1682 -61.5477 -34.6046 -16.6918 -50.7278 -22.6907 -65.692 -69.8808 -41.8438 -39.1707 -63.3164 -50.0594 -36.4125 -70.4661 -31.0955 -43.6123 -53.6149 -66.1368
9637.195312 -71.6335 -64.3806 -46.2344 -71.0009 -55.3619 -61.7886 -34.8698 -17.0702 -51.0023 -23.07 -65.8325 -70.0634 -42.2549 -39.4657 -62.982 -50.2381 -36.7548 -70.6411 -31.4372 -43.9069 -53.8866 -66.3404
9638.200195 -71.7527 -64.4802 -46.3543 -55.8067 -55.5554 -62.0276 -35.1344 -17.4419 -51.2762 -23.441 -65.9698 -70.2425 -42.6562 -39.7605 -62.4744 -50.4148 -37.0955 -70.8124 -31.779 -44.201 -54.1574 -66.5415
9639.205078 -71.8694 -64.5736 -46.4735 -4.77199 -55.7487 -62.2649 -35.3983 -17.8079 -51.5494 -23.805 -66.1029 -70.4181 -43.0479 -40.0551 -61.8035 -50.5895 -37.4347 -70.9802 -32.1208 -44.4946 -54.4275 -66.7401
9640.209961 -71.9835 -64.6611 -46.5916 -2.85961 -55.9417 -62.5004 -35.6616 -18.1691 -51.822 -24.163 -66.2306 -70.5901 -43.4303 -40.3496 -60.9979 -50.7624 -37.7725 -71.1445 -32.4627 -44.7877 -54.6967 -66.9362
9641.214844 -72.0952 -64.7432 -46.7086 -3.62316 -56.1345 -62.734 -35.9244 -18.5262 -52.0939 -24.5158 -66.3511 -70.7587 -43.8037 -40.6438 -60.0972 -50.9335 -38.1088 -71.3053 -32.8046 -45.0802 -54.9651 -67.1297
9642.219727 -72.2043 -64.8206 -46.8244 -5.04413 -56.327 -62.9658 -36.1867 -18.8798 -52.3652 -24.8642 -66.4616 -70.9238 -44.1685 -40.9378 -59.1414 -51.1028 -38.4438 -71.4627 -33.1465 -45.3721 -55.2326 -67.3207
9643.224609 -72.311 -64.8937 -46.9391 -6.70754 -56.5193 -63.1956 -36.4485 -19.2307 -52.6357 -25.2089 -66.5581 -71.0854 -44.5249 -41.2316 -58.1646 -51.2705 -38.7775 -71.6166 -33.4883 -45.6635 -55.4993 -67.509
9644.230469 -72.4153 -64.9632 -47.0527 -8.2754 -56.7112 -63.4234 -36.71 -19.5791 -52.9056 -25.5505 -66.6348 -71.2437 -44.8733 -41.525 -57.1954 -51.4366 -39.1099 -71.7671 -33.8301 -45.9542 -55.7651 -67.6948
9645.235352 -72.5173 -65.0296 -47.1654 -9.65793 -56.903 -63.6493 -36.9711 -19.9257 -53.1747 -25.8894 -66.6836 -71.3986 -45.214 -41.8182 -56.2557 -51.6011 -39.4409 -71.9143 -34.1718 -46.2443 -56.0299 -67.878
9646.240234 -72.6169 -65.0934 -47.2773 -10.8551 -57.0944 -63.8731 -37.2319 -20.2708 -53.4432 -26.2262 -66.6936 -71.5501 -45.5473 -42.111 -55.3607 -51.7642 -39.7708 -72.0581 -34.5133 -46.5338 -56.2939 -68.0586
9647.245117 -72.7142 -65.1551 -47.3885 -11.8897 -57.2855 -64.0948 -37.4925 -20.6147 -53.7109 -26.561 -66.6538 -71.6983 -45.8735 -42.4035 -54.5235 -51.9258 -40.0993 -72.1987 -34.8548 -46.8227 -56.5569 -68.2365
9648.250000 -72.8092 -65.2152 -47.4992 -12.7908 -57.4763 -64.3145 -37.7527 -20.9577 -53.9779 -26.8942 -66.5555 -71.8433 -46.1928 -42.6957 -53.7583 -52.0859 -40.4267 -72.336 -35.196 -47.111 -56.819 -68.4117
9649.254883 -72.9021 -65.274 -47.6095 -13.5855 -57.6668 -64.532 -38.0127 -21.3 -54.2441 -27.2262 -66.3951 -71.985 -46.5057 -42.9874 -53.0784 -52.2447 -40.7528 -72.4701 -35.537 -47.3986 -57.0801 -68.5843
9650.259766 -72.9927 -65.3319 -47.7195 -14.2962 -57.8569 -64.7473 -38.2725 -21.6419 -54.5096 -27.557 -66.1741 -72.1235 -46.8124 -43.2788 -52.4921 -52.4022 -41.0776 -72.601 -35.8779 -47.6855 -57.3402 -68.7542
9651.264648 -73.0812 -65.3892 -47.8293 -14.9401 -58.0467 -64.9605 -38.5322 -21.9836 -54.7743 -27.8869 -65.8989 -72.2589 -47.113 -43.5697 -52.0018 -52.5584 -41.4013 -72.7289 -36.2184 -47.9718 -57.5993 -68.9215
9652.269531 -73.1676 -65.4462 -47.9389 -15.5306 -58.2361 -65.1714 -38.7916 -22.3252 -55.0382 -28.2161 -65.5796 -72.3911 -47.408 -43.8603 -51.6035 -52.7133 -41.7237 -72.8536 -36.5587 -48.2574 -57.8574 -69.0861
9653.275391 -73.252 -65.5029 -48.0485 -16.0776 -58.4252 -65.38 -39.0509 -22.6669 -55.3013 -28.5446 -65.2276 -72.5203 -47.6974 -44.1503 -51.2887 -52.8671 -42.0449 -72.9754 -36.8987 -48.5423 -58.1143 -69.248
9654.280273 -73.3343 -65.5597 -48.1582 -16.589 -58.6138 -65.5864 -39.31 -23.0087 -55.5635 -28.8726 -64.8537 -72.6464 -47.9816 -44.4399 -51.0454 -53.0197 -42.3649 -73.0941 -37.2384 -48.8265 -58.3702 -69.407
9655.285156 -73.4146 -65.6167 -48.2679 -17.071 -58.8021 -65.7904 -39.569 -23.3508 -55.8249 -29.2002 -64.4662 -72.7696 -48.2608 -44.7291 -50.8604 -53.1713 -42.6836 -73.21 -37.5777 -49.1101 -58.6249 -69.563
9656.290039 -73.4929 -65.6738 -48.3777 -17.5284 -58.9899 -65.9921 -39.8279 -23.6933 -56.0855 -29.5274 -64.0706 -72.8898 -48.5352 -45.0177 -50.7208 -53.3218 -43.0011 -73.3229 -37.9167 -49.3929 -58.8785 -69.715
9657.294922 -73.5693 -65.7313 -48.4876 -17.9651 -59.1773 -66.1914 -40.0866 -24.0361 -56.3451 -29.8545 -63.67 -73.0071 -48.8049 -45.3058 -50.6153 -53.4712 -43.3174 -73.433 -38.2553 -49.6751 -59.1309 -69.8618
9658.299805 -73.6439 -65.7891 -48.5977 -18.3842 -59.3642 -66.3884 -40.3452 -24.3794 -56.6039 -30.1813 -63.2653 -73.1216 -49.0702 -45.5934 -50.5347 -53.6194 -43.6325 -73.5404 -38.5934 -49.9565 -59.3821 -70.0014
9659.304688 -73.7166 -65.8473 -48.708 -18.7884 -59.5507 -66.5829 -40.6037 -24.7231 -56.8617 -30.508 -62.8554 -73.2333 -49.3312 -45.8805 -50.4713 -53.7664 -43.9462 -73.645 -38.9311 -50.2372 -59.6321 -70.1323
9660.309570 -73.7875 -65.9059 -48.8185 -19.1798 -59.7366 -66.775 -40.8621 -25.0674 -57.1186 -30.8346 -62.4368 -73.3422 -49.588 -46.167 -50.4177 -53.9117 -44.2587 -73.7469 -39.2684 -50.5172 -59.8808 -70.2527
9661.314453 -73.8567 -65.9648 -48.9292 -19.5604 -59.9221 -66.9647 -41.1204 -25.4122 -57.3745 -31.1612 -62.0031 -73.4484 -49.8404 -46.4529 -50.3663 -54.0552 -44.57 -73.8462 -39.6052 -50.7965 -60.1281 -70.3602
9662.320312 -73.9241 -66.0241 -49.0401 -19.9316 -60.107 -67.1519 -41.3785 -25.7575 -57.6294 -31.4878 -61.5442 -73.5518 -50.0881 -46.7383 -50.3079 -54.1963 -44.8799 -73.9428 -39.9415 -51.075 -60.3741 -70.448
9663.325195 -73.9898 -66.0836 -49.1512 -20.2948 -60.2913 -67.3366 -41.6365 -26.1033 -57.8833 -31.8144 -61.0434 -73.6518 -50.3299 -47.0231 -50.2333 -54.3348 -45.1886 -74.037 -40.2772 -51.3528 -60.6188 -70.4969
9664.330078 -74.0539 -66.1435 -49.2625 -20.6512 -60.4751 -67.5188 -41.8944 -26.4496 -58.1361 -32.141 -60.4643 -73.7457 -50.5633 -47.3072 -50.1346 -54.4701 -45.4959 -74.1287 -40.6125 -51.6299 -60.862 -70.4626
9665.334961 -74.1163 -66.2035 -49.374 -21.0019 -60.6583 -67.6985 -42.1521 -26.7964 -58.3878 -32.4677 -59.7201 -73.8191 -50.7839 -47.5908 -50.0079 -54.6021 -45.8019 -74.2179 -40.9471 -51.9062 -61.1038 -70.2521
9666.339844 -74.1772 -66.2637 -49.4856 -21.3476 -60.8409 -67.8757 -42.4097 -27.1437 -58.6385 -32.7945 -58.6129 -73.7898 -50.9851 -47.8737 -49.8544 -54.7307 -46.1066 -74.3047 -41.2812 -52.1817 -61.3441 -69.6952
9667.344727 -74.2365 -66.3241 -49.5974 -21.689 -61.0229 -68.0504 -42.6672 -27.4915 -58.888 -33.1213 -56.8192 -73.1693 -51.1589 -48.156 -49.6807 -54.8559 -46.41 -74.3886 -41.6146 -52.4565 -61.5829 -68.4454
9668.349609 -74.2942 -66.3844 -49.7094 -22.027 -61.2042 -68.2225 -42.9245 -27.8397 -59.1363 -33.4482 -53.8618 -68.7909 -51.2975 -48.4377 -49.4962 -54.9778 -46.712 -74.4678 -41.9474 -52.7305 -61.8201 -65.0388
9669.355469 -74.35 -66.4448 -49.8214 -22.362 -61.3848 -68.3921 -43.1816 -28.1883 -59.3834 -33.7751 -48.7368 -39.2661 -51.3956 -48.7187 -49.3114 -55.0968 -47.0127 -74.5305 -42.2795 -53.0037 -62.0557 -52.4787
9670.360352 -74.4007 -66.5052 -49.9336 -22.6946 -61.5647 -68.5591 -43.4386 -28.5372 -59.6293 -34.1021 -39.7781 -2.67502 -51.4524 -48.9991 -49.1356 -55.2131 -47.312 -74.5118 -42.611 -53.2761 -62.2897 -19.6728
9671.365234 -74.4167 -66.5654 -50.0459 -23.0251 -61.744 -68.7235 -43.6954 -28.8865 -59.8739 -34.4292 -28.73 -3.98906 -51.4711 -49.2788 -48.9762 -55.327 -47.6099 -74.0424 -42.9417 -53.5477 -62.522 -13.2892
9672.370117 -74.1097 -66.6255 -50.1582 -23.3539 -61.9224 -68.8855 -43.9521 -29.2361 -60.1173 -34.7563 -25.1569 -5.8015 -51.458 -49.5578 -48.8381 -55.4389 -47.9065 -71.0012 -43.2717 -53.8185 -62.7527 -13.3443
9673.375000 -70.4894 -66.6854 -50.2706 -23.6814 -62.1001 -69.0448 -44.2085 -29.586 -60.3593 -35.0833 -25.1101 -7.43049 -51.4211 -49.8361 -48.7243 -55.5492 -48.2017 -52.8945 -43.601 -54.0885 -62.9816 -13.4206
9674.379883 -27.2477 -66.7451 -50.3831 -24.0079 -62.2771 -69.2016 -44.4648 -29.9361 -60.5999 -35.4104 -25.9945 -8.85104 -51.3682 -50.1138 -48.6357 -55.6582 -48.4954 2.44507 -43.9295 -54.3577 -63.2087 -13.4257
9675.384766 5.92536 -66.8045 -50.4955 -24.3336 -62.4531 -69.3557 -44.7208 -30.2864 -60.8392 -35.7374 -26.9796 -10.0957 -51.3066 -50.3907 -48.5721 -55.7662 -48.7878 0.871537 -44.2572 -54.626 -63.4339 -13.8171
9676.389648 3.32774 -66.8637 -50.608 -24.6587 -62.6284 -69.5069 -44.9767 -30.6369 -61.077 -36.0643 -27.8931 -11.1844 -51.2423 -50.667 -48.5322 -55.8735 -49.0787 -1.11193 -44.5841 -54.8934 -63.6574 -14.4494
9677.394531 0.177882 -66.9224 -50.7204 -24.9835 -62.8026 -69.6549 -45.2323 -30.9875 -61.3134 -36.3911 -28.7316 -12.1406 -51.1803 -50.9425 -48.514 -55.9804 -49.3681 -2.8198 -44.9103 -55.16 -63.8789 -15.1587
9678.400391 -2.5765 -66.9806 -50.8328 -25.3079 -62.9759 -69.7986 -45.4877 -31.3381 -61.5482 -36.7177 -29.5056 -12.988 -51.1244 -51.2173 -48.5152 -56.0871 -49.6559 -4.39604 -45.2355 -55.4257 -64.0985 -15.8636
9679.405273 -4.80031 -67.0379 -50.9452 -25.6323 -63.1478 -69.9348 -45.7429 -31.6889 -61.7815 -37.0442 -30.2222 -13.7476 -51.0772 -51.4914 -48.5334 -56.1938 -49.9422 -5.84059 -45.56 -55.6904 -64.3162 -16.5327
9680.410156 -6.57835 -67.0934 -51.0575 -25.9567 -63.3179 -70.0555 -45.9978 -32.0396 -62.0132 -37.3705 -30.8861 -14.4362 -51.0405 -51.7647 -48.5662 -56.3007 -50.2267 -7.14628 -45.8836 -55.9543 -64.5319 -17.158
9681.415039 -8.01951 -67.1435 -51.1697 -26.2812 -63.4856 -70.1368 -46.2524 -32.3903 -62.2434 -37.6965 -31.5019 -15.0674 -51.015 -52.0373 -48.6108 -56.408 -50.5094 -8.3119 -46.2063 -56.2172 -64.7455 -17.7407
9682.419922 -9.21482 -67.1785 -51.2818 -26.6058 -63.6495 -70.1076 -46.5068 -32.7409 -62.4718 -38.0223 -32.0741 -15.6523 -51.0013 -52.3091 -48.6631 -56.5157 -50.7901 -9.34848 -46.5281 -56.4792 -64.9571 -18.2852
9683.424805 -10.2307 -67.1687 -51.3938 -26.9307 -63.8079 -69.7441 -46.761 -33.0915 -62.6986 -38.3477 -32.6069 -16.1998 -50.9993 -52.5802 -48.7169 -56.624 -51.0686 -10.2739 -46.8491 -56.7402 -65.1666 -18.7966
9684.429688 -11.1141 -67.021 -51.5056 -27.2559 -63.958 -68.353 -47.0148 -33.4419 -62.9237 -38.6728 -33.1046 -16.7172 -51.0088 -52.8505 -48.7619 -56.7329 -51.3448 -11.1069 -47.1691 -57.0001 -65.374 -19.2793
9685.434570 -11.8976 -66.4408 -51.6173 -27.5815 -64.0965 -63.7232 -47.2684 -33.7921 -63.1471 -38.9975 -33.571 -17.2099 -51.0291 -53.1199 -48.7845 -56.8425 -51.6185 -11.8645 -47.4882 -57.2591 -65.5792 -19.7376
9686.439453 -12.6038 -64.5972 -51.7289 -27.9074 -64.2195 -48.768 -47.5217 -34.1421 -63.3686 -39.3217 -34.0097 -17.6826 -51.0599 -53.3886 -48.7684 -56.9526 -51.8895 -12.5605 -47.8064 -57.517 -65.7822 -20.1749
9687.445312 -13.249 -59.2236 -51.8403 -28.2337 -64.3232 -17.4126 -47.7747 -34.492 -63.5883 -39.6455 -34.4237 -18.1387 -51.1003 -53.6565 -48.6999 -57.0626 -52.1577 -13.2063 -48.1236 -57.7738 -65.983 -20.594
9688.450195 -13.8447 -47.2894 -51.9516 -28.5604 -64.4044 -15.6011 -48.0273 -34.8415 -63.8062 -39.9688 -34.8158 -18.5811 -51.1499 -53.9236 -48.573 -57.171 -52.4229 -13.8109 -48.4399 -58.0296 -66.1816 -20.9976
9689.455078 -14.3997 -23.5897 -52.0626 -28.8876 -64.4618 -15.6688 -48.2797 -35.1908 -64.0222 -40.2916 -35.1884 -19.0121 -51.2078 -54.1898 -48.3922 -57.2742 -52.685 -14.3814 -48.7552 -58.2842 -66.3779 -21.3876
9690.459961 -14.9209 -18.2952 -52.1735 -29.2151 -64.4948 -16.335 -48.5317 -35.5397 -64.2362 -40.6138 -35.5438 -19.4337 -51.2736 -54.4552 -48.1707 -57.365 -52.944 -14.9237 -49.0696 -58.5377 -66.5719 -21.766
9691.464844 -15.4137 -17.8675 -52.2842 -29.5431 -64.5042 -17.0552 -48.7834 -35.8883 -64.4483 -40.9354 -35.8839 -19.8473 -51.3466 -54.7197 -47.9263 -57.43 -53.1996 -15.4424 -49.383 -58.79 -66.7636 -22.1342
9692.469727 -15.8824 -18.3633 -52.3946 -29.8715 -64.4905 -17.7356 -49.0348 -36.2365 -64.6584 -41.2563 -36.2102 -20.2544 -51.4262 -54.9834 -47.6762 -57.4491 -53.452 -15.9414 -49.6954 -59.0411 -66.953 -22.4936
9693.474609 -16.3307 -19.1331 -52.5049 -30.2002 -64.4546 -18.3851 -49.2858 -36.5843 -64.8665 -41.5766 -36.5243 -20.656 -51.512 -55.2461 -47.4342 -57.3979 -53.7011 -16.4238 -50.0068 -59.291 -67.14 -22.8454
9694.480469 -16.7615 -19.9725 -52.6149 -30.5294 -64.3966 -18.9883 -49.5364 -36.9316 -65.0726 -41.8962 -36.8274 -21.053 -51.6035 -55.508 -47.2098 -57.2538 -53.9468 -16.8923 -50.3172 -59.5396 -67.3246 -23.1905
9695.485352 -17.1775 -20.8201 -52.7247 -30.8589 -64.3154 -19.5503 -49.7867 -37.2785 -65.2765 -42.2149 -37.1208 -21.4463 -51.7002 -55.7689 -47.0084 -57.0055 -54.1893 -17.3491 -50.6266 -59.7869 -67.5069 -23.5299
9696.490234 -17.5808 -21.6448 -52.8342 -31.1888 -64.2091 -20.0821 -50.0366 -37.625 -65.4784 -42.533 -37.4053 -21.8365 -51.8017 -56.0289 -46.8321 -56.6615 -54.4284 -17.796 -50.935 -60.0329 -67.6867 -23.8642
9697.495117 -17.9732 -22.4274 -52.9435 -31.5189 -64.0753 -20.5866 -50.2862 -37.9709 -65.6781 -42.8502 -37.682 -22.2243 -51.9077 -56.2879 -46.6811 -56.248 -54.6643 -18.2347 -51.2423 -60.2775 -67.8642 -24.1941
9698.500000 -18.3564 -23.1647 -53.0525 -31.8494 -63.9112 -21.0658 -50.5354 -38.3163 -65.8757 -43.1666 -37.9515 -22.61 -52.0178 -56.5459 -46.5543 -55.7978 -54.897 -18.6666 -51.5487 -60.5207 -68.0391 -24.5203
9699.504883 -18.7317 -23.8633 -53.1613 -32.1802 -63.7133 -21.5225 -50.7842 -38.6611 -66.0711 -43.4821 -38.2147 -22.9941 -52.1318 -56.8029 -46.4497 -55.3399 -55.1266 -19.0928 -51.8539 -60.7626 -68.2117 -24.8432
9700.509766 -19.1002 -24.5314 -53.2698 -32.5112 -63.4757 -21.9598 -51.0326 -39.0054 -66.2643 -43.7967 -38.4721 -23.3771 -52.2493 -57.0589 -46.3652 -54.8958 -55.3532 -19.5144 -52.1582 -61.0029 -68.3818 -25.1633
9701.514648 -19.4632 -25.1756 -53.3781 -32.8424 -63.1916 -22.38 -51.2806 -39.349 -66.4552 -44.1105 -38.7243 -23.7591 -52.37 -57.3139 -46.2989 -54.479 -55.5768 -19.9322 -52.4614 -61.2418 -68.5494 -25.481
9702.519531 -19.8214 -25.7998 -53.4861 -33.1738 -62.8553 -22.7849 -51.5281 -39.6921 -66.6439 -44.4233 -38.9719 -24.1405 -52.4938 -57.5677 -46.2486 -54.0973 -55.7975 -20.347 -52.7635 -61.4791 -68.7145 -25.7965
9703.525391 -20.1756 -26.4056 -53.5938 -33.5053 -62.4644 -23.1763 -51.7753 -40.0345 -66.8304 -44.7352 -39.2152 -24.5215 -52.6204 -57.8205 -46.2127 -53.7542 -56.0154 -20.7594 -53.0645 -61.7149 -68.8772 -26.1103
9704.530273 -20.5266 -26.994 -53.7012 -33.837 -62.0181 -23.5557 -52.022 -40.3763 -67.0145 -45.0461 -39.4546 -24.9022 -52.7496 -58.0722 -46.1895 -53.4507 -56.2306 -21.1699 -53.3644 -61.9491 -69.0374 -26.4226
9705.535156 -20.8748 -27.5655 -53.8083 -34.1688 -61.5164 -23.9243 -52.2683 -40.7174 -67.1963 -45.356 -39.6906 -25.2829 -52.8813 -58.3227 -46.1778 -53.186 -56.4432 -21.5791 -53.6633 -62.1816 -69.1951 -26.7335
9706.540039 -21.2209 -28.1208 -53.9152 -34.5007 -60.9656 -24.2833 -52.5142 -41.0578 -67.3758 -45.6649 -39.9234 -25.6637 -53.0153 -58.572 -46.1764 -52.9582 -56.6533 -21.9874 -53.961 -62.4125 -69.3503 -27.0434
9707.544922 -21.5653 -28.6602 -54.0217 -34.8326 -60.3736 -24.6339 -52.7596 -41.3974 -67.553 -45.9728 -40.1534 -26.0446 -53.1513 -58.8201 -46.1843 -52.7652 -56.861 -22.395 -54.2575 -62.6417 -69.5031 -27.3523
9708.549805 -21.9084 -29.1843 -54.128 -35.1645 -59.7429 -24.9769 -53.0046 -41.7363 -67.7278 -46.2797 -40.3807 -26.4258 -53.2894 -59.067 -46.2006 -52.6042 -57.0664 -22.8024 -54.553 -62.8692 -69.6534 -27.6604
9709.554688 -22.2505 -29.6938 -54.2339 -35.4964 -59.077 -25.3134 -53.2491 -42.0744 -67.9003 -46.5855 -40.6058 -26.8073 -53.4293 -59.3127 -46.2247 -52.4727 -57.2695 -23.2096 -54.8472 -63.0948 -69.8012 -27.968
9710.559570 -22.5919 -30.1892 -54.3396 -35.8283 -58.3791 -25.644 -53.4931 -42.4117 -68.0703 -46.8903 -40.8287 -27.1891 -53.5709 -59.557 -46.2557 -52.3681 -57.4704 -23.6169 -55.1403 -63.3187 -69.9465 -28.275
9711.564453 -22.9329 -30.6712 -54.4449 -36.16 -57.6437 -25.9693 -53.7366 -42.7482 -68.2379 -47.1941 -41.0497 -27.5714 -53.7141 -59.8001 -46.2933 -52.2877 -57.6692 -24.0246 -55.4322 -63.5407 -70.0895 -28.5815
9712.570312 -23.2736 -31.1404 -54.55 -36.4917 -56.8662 -26.2902 -53.9796 -43.0839 -68.4029 -47.4967 -41.2689 -27.9541 -53.8588 -60.0418 -46.3368 -52.2292 -57.866 -24.4326 -55.7228 -63.7609 -70.2303 -28.8878
9713.575195 -23.6143 -31.5975 -54.6547 -36.8233 -56.0469 -26.607 -54.2221 -43.4186 -68.5652 -47.7983 -41.4866 -28.3373 -54.0049 -60.2821 -46.3859 -52.1903 -58.0609 -24.8411 -56.0122 -63.9791 -70.3695 -29.1938
9714.580078 -23.9552 -32.0431 -54.7591 -37.1547 -55.169 -26.9203 -54.464 -43.7525 -68.7243 -48.0987 -41.7028 -28.7209 -54.1523 -60.521 -46.4403 -52.1691 -58.2538 -25.2502 -56.3003 -64.1954 -70.5085 -29.4996
9715.584961 -24.2963 -32.4778 -54.8632 -37.4859 -54.2179 -27.2304 -54.7054 -44.0856 -68.879 -48.3981 -41.9177 -29.105 -54.3009 -60.7584 -46.4995 -52.1638 -58.4449 -25.6599 -56.5872 -64.4097 -70.6504 -29.8052
9716.589844 -24.6377 -32.9022 -54.967 -37.8169 -53.1947 -27.5379 -54.9463 -44.4177 -69.0268 -48.6964 -42.1314 -29.4895 -54.4506 -60.9944 -46.5633 -52.1726 -58.6343 -26.0703 -56.8727 -64.622 -70.7993 -30.1108
9717.594727 -24.9796 -33.3169 -55.0704 -38.1477 -52.0785 -27.843 -55.1866 -44.7488 -69.1623 -48.9935 -42.344 -29.8745 -54.6015 -61.2289 -46.6315 -52.1941 -58.8219 -26.4814 -57.1569 -64.8323 -70.9176 -30.4162
9718.599609 -25.322 -33.7223 -55.1735 -38.4782 -50.8661 -28.146 -55.4263 -45.079 -69.2729 -49.2895 -42.5557 -30.2599 -54.7533 -61.4619 -46.7037 -52.2271 -59.0078 -26.8931 -57.4397 -65.0405 -70.941 -30.7217
9719.605469 -25.665 -34.119 -55.2763 -38.8085 -49.5713 -28.4473 -55.6654 -45.4083 -69.3293 -49.5844 -42.7664 -30.6456 -54.906 -61.6932 -46.7797 -52.2704 -59.1922 -27.3055 -57.7211 -65.2466 -70.8503 -31.0272
9720.610352 -26.0086 -34.5075 -55.3788 -39.1384 -48.2179 -28.747 -55.9039 -45.7366 -69.2653 -49.8782 -42.9763 -31.0317 -55.0596 -61.923 -46.8595 -52.3229 -59.3749 -27.7186 -58.0011 -65.4505 -70.5549 -31.3326
9721.615234 -26.3528 -34.8882 -55.4809 -39.468 -46.8722 -29.0454 -56.1418 -46.0639 -68.9272 -50.1709 -43.1855 -31.4181 -55.2139 -62.1512 -46.9427 -52.3839 -59.5561 -28.1323 -58.2796 -65.6524 -69.889 -31.6381
9722.620117 -26.6977 -35.2615 -55.5828 -39.7973 -45.6193 -29.3426 -56.379 -46.3901 -67.9355 -50.4624 -43.3939 -31.8048 -55.369 -62.3776 -47.0293 -52.4524 -59.7359 -28.5466 -58.5566 -65.852 -68.1935 -31.9437
9723.625000 -27.0432 -35.6278 -55.6842 -40.1262 -44.5584 -29.6389 -56.6155 -46.7154 -65.3522 -50.7527 -43.6018 -32.1918 -55.5248 -62.6024 -47.119 -52.5278 -59.9141 -28.9614 -58.8321 -66.0494 -63.1825 -32.2493
9724.629883 -27.3894 -35.9875 -55.7854 -40.4547 -43.7677 -29.9344 -56.8513 -47.0396 -58.9223 -51.042 -43.8091 -32.579 -55.6812 -62.8255 -47.2118 -52.6094 -60.0909 -29.3767 -59.106 -66.2446 -53.7578 -32.5549
9725.634766 -27.7362 -36.341 -55.8862 -40.7828 -43.2654 -30.2291 -57.0864 -47.3628 -43.8601 -51.33 -44.0159 -32.9663 -55.8382 -63.0467 -47.3075 -52.6968 -60.2663 -29.7924 -59.3783 -66.4375 -18.1529 -32.8606
9726.639648 -28.0837 -36.6885 -55.9866 -41.1104 -43.0017 -30.5234 -57.3208 -47.685 -23.0882 -51.617 -44.2221 -33.3538 -55.9957 -63.2662 -47.406 -52.7895 -60.4403 -30.2085 -59.649 -66.6282 -10.7756 -33.1664
9727.644531 -28.4318 -37.0303 -56.0867 -41.4375 -42.9164 -30.8171 -57.5544 -48.006 -19.4026 -51.9027 -44.428 -33.7413 -56.1537 -63.4839 -47.5071 -52.887 -60.6129 -30.625 -59.918 -66.8166 -11.4031 -33.4722
9728.650391 -28.7805 -37.3669 -56.1865 -41.7641 -42.9498 -31.1105 -57.7873 -48.326 -19.1242 -52.1873 -44.6335 -34.1289 -56.3121 -63.6997 -47.6108 -52.9889 -60.7842 -31.0417 -60.1853 -67.0026 -11.4116 -33.778
9729.655273 -29.1298 -37.6983 -56.2859 -42.0902 -43.0439 -31.4036 -58.0193 -48.6449 -19.6519 -52.4708 -44.8386 -34.5166 -56.4709 -63.9136 -47.717 -53.095 -60.9542 -31.4585 -60.4509 -67.1863 -11.8116 -34.0839
9730.660156 -29.4796 -38.0249 -56.385 -42.4157 -43.158 -31.6965 -58.2505 -48.9627 -20.1944 -52.7531 -45.0433 -34.9041 -56.6301 -64.1256 -47.8256 -53.2048 -61.1228 -31.8756 -60.7146 -67.3677 -12.6472 -34.3898
9731.665039 -29.8299 -38.3469 -56.4838 -42.7406 -43.2783 -31.9892 -58.4808 -49.2794 -20.6928 -53.0342 -45.2478 -35.2916 -56.7895 -64.3356 -47.9364 -53.3181 -61.2902 -32.2927 -60.9766 -67.5467 -13.5832 -34.6958
9732.669922 -30.1806 -38.6646 -56.5821 -43.0649 -43.4095 -32.2818 -58.7103 -49.595 -21.1755 -53.3141 -45.452 -35.679 -56.9493 -64.5437 -48.0494 -53.4348 -61.4562 -32.7097 -61.2366 -67.7233 -14.5018 -35.0017
9733.674805 -30.5318 -38.9781 -56.6802 -43.3887 -43.5568 -32.5744 -58.9388 -49.9095 -21.668 -53.5928 -45.6559 -36.0662 -57.1092 -64.7498 -48.1646 -53.5545 -61.621 -33.1268 -61.4948 -67.8975 -15.3677 -35.3076
9734.679688 -30.8834 -39.2876 -56.7778 -43.7117 -43.7178 -32.8669 -59.1664 -50.2229 -22.1574 -53.8704 -45.8596 -36.4532 -57.2694 -64.9538 -48.2818 -53.677 -61.7845 -33.5437 -61.751 -68.0693 -16.1671 -35.6135
9735.684570 -31.2353 -39.5933 -56.8751 -44.0341 -43.8878 -33.1594 -59.3931 -50.5351 -22.6345 -54.1467 -46.063 -36.8399 -57.4297 -65.1558 -48.401 -53.8022 -61.9467 -33.9604 -62.0052 -68.2387 -16.9017 -35.9194
9736.689453 -31.5875 -39.8954 -56.9721 -44.3559 -44.0637 -33.452 -59.6187 -50.8461 -23.0966 -54.4218 -46.2662 -37.2264 -57.5902 -65.3557 -48.5221 -53.9299 -62.1077 -34.3769 -62.2574 -68.4057 -17.5787 -36.2253
9737.695312 -31.94 -40.1941 -57.0687 -44.6769 -44.2438 -33.7446 -59.8434 -51.1561 -23.5436 -54.6957 -46.4693 -37.6125 -57.7507 -65.5534 -48.645 -54.06 -62.2673 -34.7931 -62.5075 -68.5702 -18.2067 -36.5311
9738.700195 -32.2927 -40.4894 -57.1649 -44.9972 -44.4274 -34.0373 -60.0669 -51.4648 -23.9757 -54.9684 -46.6721 -37.9983 -57.9113 -65.7491 -48.7697 -54.1922 -62.4258 -35.2089 -62.7555 -68.7323 -18.7931 -36.8368
9739.705078 -32.6456 -40.7816 -57.2607 -45.3168 -44.6141 -34.3301 -60.2894 -51.7724 -24.3933 -55.2398 -46.8748 -38.3837 -58.0719 -65.9426 -48.8962 -54.3266 -62.5829 -35.6243 -63.0013 -68.892 -19.3443 -37.1425
9740.709961 -32.9986 -41.0707 -57.3562 -45.6356 -44.8039 -34.623 -60.5108 -52.0788 -24.7972 -55.51 -47.0773 -38.7686 -58.2326 -66.1339 -49.0242 -54.4628 -62.7389 -36.0393 -63.245 -69.0492 -19.8655 -37.448
9741.714844 -33.3517 -41.3569 -57.4513 -45.9537 -44.997 -34.9159 -60.731 -52.384 -25.1881 -55.7789 -47.2797 -39.1531 -58.3932 -66.3231 -49.1539 -54.601 -62.8935 -36.4537 -63.4864 -69.204 -20.361 -37.7535
9742.719727 -33.7049 -41.6403 -57.546 -46.2709 -45.1931 -35.209 -60.9501 -52.688 -25.5665 -56.0465 -47.4819 -39.537 -58.5537 -66.51 -49.2851 -54.7408 -63.047 -36.8675 -63.7255 -69.3564 -20.8342 -38.0588
9743.724609 -34.0581 -41.9211 -57.6403 -46.5874 -45.392 -35.5021 -61.168 -52.9908 -25.9335 -56.3129 -47.684 -39.9205 -58.7141 -66.6947 -49.4178 -54.8823 -63.1991 -37.2807 -63.9623 -69.5063 -21.2881 -38.3639
9744.730469 -34.4113 -42.1992 -57.7342 -46.903 -45.5932 -35.7954 -61.3846 -53.2924 -26.2897 -56.5779 -47.8859 -40.3033 -58.8744 -66.8772 -49.552 -55.0253 -63.35 -37.6932 -64.1967 -69.6538 -21.7252 -38.669
9745.735352 -34.7643 -42.4749 -57.8277 -47.2179 -45.7964 -36.0887 -61.5999 -53.5927 -26.6361 -56.8416 -48.0877 -40.6855 -59.0345 -67.0574 -49.6875 -55.1698 -63.4997 -38.1051 -64.4288 -69.799 -22.1476 -38.9738
9746.740234 -35.1173 -42.7482 -57.9208 -47.5319 -46.0014 -36.3821 -61.8139 -53.8918 -26.9735 -57.104 -48.2893 -41.0671 -59.1945 -67.2353 -49.8244 -55.3156 -63.6481 -38.5161 -64.6584 -69.9422 -22.557 -39.2785
9747.745117 -35.4702 -43.0192 -58.0135 -47.845 -46.2079 -36.6756 -62.0266 -54.1896 -27.3028 -57.365 -48.4909 -41.4479 -59.3542 -67.4109 -49.9626 -55.4627 -63.7953 -38.9264 -64.8856 -70.0841 -22.955 -39.583
9748.750000 -35.8228 -43.2879 -58.1057 -48.1573 -46.4158 -36.9692 -62.238 -54.4861 -27.6247 -57.6246 -48.6923 -41.828 -59.5138 -67.5842 -50.1021 -55.6111 -63.9413 -39.3358 -65.1103 -70.2263 -23.343 -39.8873
9749.754883 -36.1753 -43.5545 -58.1974 -48.4687 -46.6249 -37.2628 -62.4479 -54.7814 -27.9399 -57.8828 -48.8935 -42.2074 -59.673 -67.7552 -50.2427 -55.7605 -64.086 -39.7443 -65.3324 -70.3683 -23.7221 -40.1914
9750.759766 -36.5275 -43.8191 -58.2887 -48.7792 -46.8354 -37.5565 -62.6564 -55.0753 -28.249 -58.1396 -49.0947 -42.5859 -59.832 -67.924 -50.3846 -55.9111 -64.2294 -40.1519 -65.552 -70.4796 -24.0933 -40.4952
9751.764648 -36.8794 -44.0816 -58.3796 -49.0888 -47.0471 -37.8502 -62.8634 -55.3679 -28.5526 -58.395 -49.2957 -42.9636 -59.9906 -68.0903 -50.5275 -56.0627 -64.3716 -40.5586 -65.769 -70.3623 -24.4576 -40.7987
9752.769531 -37.231 -44.3422 -58.4699 -49.3976 -47.2601 -38.1439 -63.069 -55.6592 -28.8513 -58.6489 -49.4966 -43.3404 -60.1489 -68.2544 -50.6715 -56.2152 -64.5126 -40.9642 -65.9833 -69.0663 -24.8157 -41.102
9753.775391 -37.5822 -44.601 -58.5597 -49.7054 -47.4742 -38.4376 -63.273 -55.9491 -29.1456 -58.9013 -49.6973 -43.7163 -60.3068 -68.4161 -50.8166 -56.3686 -64.6523 -41.3688 -66.195 -62.7218 -25.1684 -41.405
9754.780273 -37.9331 -44.8579 -58.649 -50.0123 -47.6893 -38.7313 -63.4754 -56.2376 -29.4359 -59.1523 -49.8979 -44.0913 -60.4643 -68.5755 -50.9627 -56.5228 -64.7908 -41.7723 -66.4041 -40.3703 -25.5161 -41.7076
9755.785156 -38.2835 -45.1131 -58.7377 -50.3182 -47.9056 -39.025 -63.6763 -56.5247 -29.7227 -59.4016 -50.0984 -44.4653 -60.6214 -68.7325 -51.1098 -56.6778 -64.928 -42.1746 -66.6104 -15.6357 -25.8595 -42.0099
9756.790039 -38.6335 -45.3666 -58.826 -50.6232 -48.1227 -39.3186 -63.8755 -56.8104 -30.0063 -59.6495 -50.2988 -44.8383 -60.778 -68.8872 -51.2578 -56.8335 -65.064 -42.5758 -66.814 -12.0625 -26.199 -42.3118
9757.794922 -38.9831 -45.6184 -58.9136 -50.9273 -48.3407 -39.6122 -64.0731 -57.0946 -30.2872 -59.8957 -50.499 -45.2103 -60.9341 -69.0396 -51.4067 -56.9899 -65.1988 -42.9758 -67.0149 -12.8737 -26.5351 -42.6134
9758.799805 -39.3321 -45.8686 -59.0006 -51.2304 -48.5595 -39.9058 -64.269 -57.3773 -30.5655 -60.1404 -50.6991 -45.5813 -61.0897 -69.1896 -51.5564 -57.1469 -65.3324 -43.3746 -67.213 -13.6523 -26.8681 -42.9146
9759.804688 -39.6806 -46.1173 -59.0871 -51.5325 -48.7789 -40.1992 -64.4632 -57.6585 -30.8415 -60.3834 -50.899 -45.9512 -61.2447 -69.3373 -51.707 -57.3045 -65.4647 -43.7721 -67.4083 -14.3832 -27.1984 -43.2154
9760.809570 -40.0286 -46.3644 -59.173 -51.8337 -48.9988 -40.4925 -64.6557 -57.9381 -31.1157 -60.6247 -51.0987 -46.32 -61.399 -69.4826 -51.8584 -57.4625 -65.5958 -44.1683 -67.6009 -15.1142 -27.5261 -43.5157
9761.814453 -40.376 -46.6101 -59.2582 -52.1339 -49.2192 -40.7857 -64.8464 -58.2162 -31.388 -60.8644 -51.2983 -46.6876 -61.5526 -69.6256 -52.0105 -57.6211 -65.7257 -44.5631 -67.7906 -15.8138 -27.8517 -43.8156
9762.820312 -40.7228 -46.8543 -59.3428 -52.433 -49.44 -41.0788 -65.0353 -58.4927 -31.6588 -61.1023 -51.4978 -47.0542 -61.7053 -69.7663 -52.1634 -57.7801 -65.8543 -44.9567 -67.9775 -16.4664 -28.1753 -44.1151
9763.825195 -41.069 -47.0972 -59.4268 -52.7312 -49.661 -41.3716 -65.2224 -58.7676 -31.9283 -61.3385 -51.6971 -47.4195 -61.857 -69.9045 -52.3169 -57.9395 -65.9817 -45.3488 -68.1616 -17.0714 -28.4971 -44.4141
9764.830078 -41.4144 -47.3387 -59.5101 -53.0283 -49.8821 -41.6642 -65.4077 -59.0408 -32.1965 -61.573 -51.8962 -47.7837 -62.0075 -70.04 -52.4712 -58.0992 -66.108 -45.7396 -68.3428 -17.6332 -28.8173 -44.7127
9765.834961 -41.7592 -47.5788 -59.5928 -53.3244 -50.1033 -41.9567 -65.591 -59.3123 -32.4637 -61.8056 -52.0951 -48.1467 -62.1564 -70.1714 -52.626 -58.2592 -66.233 -46.1289 -68.5212 -18.1572 -29.136 -45.0107
9766.839844 -42.1032 -47.8177 -59.6748 -53.6194 -50.3244 -42.2488 -65.7726 -59.582 -32.73 -62.0364 -52.2939 -48.5085 -62.3032 -70.2937 -52.7814 -58.4195 -66.3568 -46.5167 -68.6968 -18.6488 -29.4534 -45.3082
9767.844727 -42.4465 -48.0553 -59.7561 -53.9134 -50.5454 -42.5408 -65.9521 -59.8501 -32.9954 -62.2654 -52.4924 -48.869 -62.4473 -70.3887 -52.9375 -58.5799 -66.4794 -46.9031 -68.8695 -19.1128 -29.7697 -45.6053
9768.849609 -42.789 -48.2917 -59.8368 -54.2063 -50.7663 -42.8324 -66.1298 -60.1163 -33.2602 -62.4925 -52.6908 -49.2282 -62.5879 -70.3877 -53.094 -58.7406 -66.6008 -47.288 -69.0394 -19.5531 -30.0848 -45.9018
9769.855469 -43.1307 -48.5269 -59.9167 -54.4981 -50.9869 -43.1238 -66.3055 -60.3807 -33.5243 -62.7176 -52.889 -49.5862 -62.7237 -70.0551 -53.2511 -58.9014 -66.721 -47.6714 -69.2064 -19.9728 -30.399 -46.1977
9770.860352 -43.4716 -48.761 -59.996 -54.7888 -51.2072 -43.4148 -66.4793 -60.6432 -33.7879 -62.9409 -53.0869 -49.9429 -62.8534 -68.6074 -53.4086 -59.0623 -66.84 -48.0533 -69.3705 -20.3749 -30.7123 -46.4931
9771.865234 -43.8117 -48.9939 -60.0746 -55.0784 -51.4272 -43.7055 -66.651 -60.9038 -34.051 -63.1622 -53.2847 -50.2983 -62.9757 -63.4831 -53.5666 -59.2232 -66.9578 -48.4336 -69.5319 -20.7615 -31.0247 -46.7879
9772.870117 -44.1508 -49.2256 -60.1525 -55.3668 -51.6468 -43.9958 -66.8208 -61.1624 -34.3136 -63.3814 -53.4822 -50.6524 -63.0893 -49.4047 -53.725 -59.3842 -67.0744 -48.8123 -69.6904 -21.1348 -31.3364 -47.0822
9773.875000 -44.4891 -49.4563 -60.2297 -55.654 -51.8659 -44.2858 -66.9885 -61.4191 -34.576 -63.5987 -53.6794 -51.0051 -63.1931 -23.8871 -53.8838 -59.5451 -67.1899 -49.1895 -69.8462 -21.4964 -31.6474 -47.3759
9774.879883 -44.8265 -49.6859 -60.3062 -55.9401 -52.0846 -44.5754 -67.1542 -61.6738 -34.838 -63.814 -53.8765 -51.3565 -63.2863 -15.4827 -54.0429 -59.706 -67.3042 -49.565 -69.9996 -21.8479 -31.9577 -47.669
9775.884766 -45.1629 -49.9144 -60.382 -56.2249 -52.3027 -44.8646 -67.3178 -61.9264 -35.0997 -64.0271 -54.0733 -51.7064 -63.3684 -16.5983 -54.2024 -59.8668 -67.4173 -49.939 -70.1512 -22.1905 -32.2675 -47.9615
9776.889648 -45.4984 -50.142 -60.4572 -56.5085 -52.5203 -45.1533 -67.4794 -62.177 -35.3612 -64.2382 -54.2698 -52.055 -63.4395 -16.9582 -54.3622 -60.0275 -67.5292 -50.3113 -70.2997 -22.5254 -32.5766 -48.2534
9777.894531 -45.8329 -50.3685 -60.5316 -56.7908 -52.7373 -45.4417 -67.639 -62.4254 -35.6225 -64.4472 -54.466 -52.4022 -63.4998 -17.3384 -54.5223 -60.188 -67.64 -50.6819 -70.442 -22.8535 -32.8853 -48.5446
9778.900391 -46.1665 -50.594 -60.6053 -57.0719 -52.9536 -45.7295 -67.7964 -62.6716 -35.8837 -64.654 -54.662 -52.7479 -63.5501 -17.7215 -54.6826 -60.3483 -67.7496 -51.051 -70.5766 -23.1757 -33.1934 -48.8353
9779.905273 -46.499 -50.8186 -60.6784 -57.3516 -53.1693 -46.0169 -67.9518 -62.9156 -36.1446 -64.8587 -54.8577 -53.0922 -63.5914 -18.169 -54.8431 -60.5084 -67.858 -51.4183 -70.7032 -23.4928 -33.501 -49.1253
9780.910156 -46.8305 -51.0422 -60.7508 -57.63 -53.3843 -46.3039 -68.105 -63.1574 -36.4055 -65.0612 -55.0531 -53.4351 -63.6251 -18.6565 -55.0039 -60.6682 -67.9652 -51.784 -70.8222 -23.8054 -33.8082 -49.4147
9781.915039 -47.1611 -51.2648 -60.8225 -57.907 -53.5986 -46.5903 -68.2562 -63.397 -36.6662 -65.2615 -55.2481 -53.7764 -63.6524 -19.1453 -55.1647 -60.8278 -68.0711 -52.1479 -70.9342 -24.1141 -34.1149 -49.7034
9782.919922 -47.4905 -51.4866 -60.8936 -58.1826 -53.8121 -46.8762 -68.4052 -63.6342 -36.9269 -65.4596 -55.4429 -54.1162 -63.6747 -19.6202 -55.3258 -60.987 -68.1752 -52.5102 -71.0402 -24.4194 -34.4212 -49.9915
9783.924805 -47.8189 -51.7074 -60.964 -58.4568 -54.0248 -47.1616 -68.5522 -63.869 -37.1874 -65.6555 -55.6373 -54.4544 -63.6934 -20.0763 -55.4869 -61.1459 -68.2769 -52.8706 -71.1413 -24.7218 -34.727 -50.2789
9784.929688 -48.1463 -51.9274 -61.0337 -58.7295 -54.2367 -47.4465 -68.697 -64.1015 -37.4479 -65.8491 -55.8313 -54.7911 -63.7097 -20.5133 -55.6481 -61.3043 -68.3734 -53.2294 -71.238 -25.0216 -35.0325 -50.5656
9785.934570 -48.4725 -52.1464 -61.1028 -59.0006 -54.4476 -47.7308 -68.8397 -64.3316 -37.7083 -66.0404 -56.025 -55.1262 -63.7246 -20.932 -55.8094 -61.4623 -68.4564 -53.5863 -71.3302 -25.3193 -35.3375 -50.8517
9786.939453 -48.7977 -52.3646 -61.1713 -59.2703 -54.6573 -48.0146 -68.9803 -64.5592 -37.9686 -66.2294 -56.2183 -55.4596 -63.7392 -21.3332 -55.9707 -61.6198 -68.4973 -53.9415 -71.4181 -25.6152 -35.6422 -51.1371
9787.945312 -49.1218 -52.582 -61.2391 -59.5384 -54.8654 -48.2978 -69.1187 -64.7844 -38.2289 -66.4162 -56.4113 -55.7914 -63.7542 -21.7182 -56.132 -61.7768 -68.3968 -54.2949 -71.5017 -25.9094 -35.9464 -51.4218
9788.950195 -49.4447 -52.7985 -61.3063 -59.8048 -55.0717 -48.5804 -69.255 -65.007 -38.4891 -66.6006 -56.6038 -56.1215 -63.7703 -22.0885 -56.2932 -61.933 -67.8115 -54.6464 -71.5797 -26.2023 -36.2503 -51.7058
9789.955078 -49.7666 -53.0141 -61.3728 -60.0696 -55.2753 -48.8624 -69.3889 -65.2272 -38.7493 -66.7827 -56.7959 -56.4498 -63.7881 -22.4459 -56.4544 -62.0884 -65.6751 -54.996 -71.6493 -26.4941 -36.5538 -51.9891
9790.959961 -50.0873 -53.229 -61.4388 -60.3328 -55.4754 -49.1439 -69.5201 -65.4447 -39.0094 -66.9624 -56.9875 -56.7764 -63.808 -22.7921 -56.6156 -62.2427 -59.8699 -55.3437 -71.7036 -26.785 -36.8569 -52.2717
9791.964844 -50.4068 -53.443 -61.5042 -60.5942 -55.6706 -49.4247 -69.6478 -65.6597 -39.2695 -67.1398 -57.1787 -57.1012 -63.8303 -23.1287 -56.7766 -62.3955 -48.3703 -55.6896 -71.7197 -27.0751 -37.1596 -52.5536
9792.969727 -50.7253 -53.6562 -61.569 -60.8538 -55.8593 -49.705 -69.769 -65.872 -39.5295 -67.3149 -57.3695 -57.4242 -63.8554 -23.4569 -56.9375 -62.5461 -30.9322 -56.0334 -71.608 -27.3646 -37.4619 -52.8347
9793.974609 -51.0425 -53.8686 -61.6332 -61.1117 -56.039 -49.9846 -69.8737 -66.0817 -39.7895 -67.4876 -57.5598 -57.7453 -63.8832 -23.7781 -57.0982 -62.6938 -22.3136 -56.3753 -70.9538 -27.6536 -37.7639 -53.1151
9794.980469 -51.3586 -54.0802 -61.6968 -61.3677 -56.2065 -50.2636 -69.9275 -66.2888 -40.0494 -67.6579 -57.7495 -58.0644 -63.9141 -24.0932 -57.2587 -62.837 -21.7386 -56.7152 -67.6615 -27.9423 -38.0654 -53.3947
9795.985352 -51.6735 -54.2909 -61.7599 -61.6218 -56.3571 -50.5419 -69.8124 -66.4932 -40.3093 -67.8259 -57.9388 -58.3816 -63.9479 -24.4031 -57.419 -62.9736 -21.6459 -57.053 -52.4539 -28.2306 -38.3666 -53.6736
9796.990234 -51.9872 -54.5009 -61.8224 -61.874 -56.4837 -50.8196 -69.1522 -66.6948 -40.5691 -67.9915 -58.1275 -58.6968 -63.9847 -24.7086 -57.5791 -63.0999 -21.5454 -57.3887 -7.76436 -28.5188 -38.6674 -53.9517
9797.995117 -52.2998 -54.7102 -61.8843 -62.1242 -56.5763 -51.0966 -66.8666 -66.8938 -40.8288 -68.1547 -58.3156 -59.0099 -64.0244 -25.0104 -57.7389 -63.2102 -21.8014 -57.7223 -5.38874 -28.8069 -38.9677 -54.2291
9799.000000 -52.6111 -54.9186 -61.9457 -62.3725 -56.6221 -51.373 -61.261 -67.09 -41.0884 -68.3155 -58.5032 -59.3209 -64.0669 -25.309 -57.8984 -63.2954 -22.2217 -58.0537 -6.69948 -29.095 -39.2677 -54.5056
9800.004883 -52.9211 -55.1262 -62.0066 -62.6187 -56.6073 -51.6487 -49.1309 -67.2834 -41.3478 -68.474 -58.6902 -59.6298 -64.1122 -25.6052 -58.0576 -63.342 -22.6683 -58.383 -8.04179 -29.3831 -39.5673 -54.7813
9801.009766 -53.23 -55.3331 -62.067 -62.8628 -56.5214 -51.9238 -26.8852 -67.4741 -41.6072 -68.63 -58.8766 -59.9364 -64.1601 -25.8992 -58.2164 -63.3324 -23.0885 -58.7099 -9.46158 -29.6712 -39.8664 -55.0561
9802.014648 -53.5376 -55.5392 -62.1269 -63.1048 -56.3624 -52.1981 -16.1403 -67.6621 -41.8665 -68.7838 -59.0623 -60.2408 -64.2104 -26.1916 -58.3748 -63.2432 -23.4962 -59.0346 -10.8342 -29.9595 -40.1652 -55.3301
9803.019531 -53.8439 -55.7445 -62.1862 -63.3446 -56.1374 -52.4717 -14.7983 -67.8472 -42.1256 -68.9351 -59.2474 -60.5429 -64.263 -26.4828 -58.5329 -63.0373 -23.9044 -59.3569 -12.0987 -30.248 -40.4635 -55.6033
9804.025391 -54.1489 -55.949 -62.2451 -63.5823 -55.8616 -52.7446 -15.1723 -68.0295 -42.3846 -69.0841 -59.4319 -60.8427 -64.3177 -26.773 -58.6905 -62.6516 -24.3178 -59.6769 -13.2156 -30.5366 -40.7613 -55.8755
9805.030273 -54.4527 -56.1527 -62.3035 -63.8177 -55.554 -53.0168 -15.8403 -68.2091 -42.6435 -69.2307 -59.6156 -61.14 -64.3743 -27.0626 -58.8477 -62.0073 -24.7375 -59.9944 -14.1705 -30.8255 -41.0588 -56.1468
9806.035156 -54.7551 -56.3557 -62.3614 -64.0508 -55.234 -53.2883 -16.6001 -68.3858 -42.9022 -69.375 -59.7986 -61.4349 -64.4326 -27.3518 -59.0044 -61.0485 -25.1624 -60.3094 -14.9918 -31.1147 -41.3557 -56.4172
9807.040039 -55.0562 -56.5578 -62.4188 -64.2816 -54.9196 -53.559 -17.3549 -68.5598 -43.1607 -69.5169 -59.9809 -61.7273 -64.4925 -27.6407 -59.1605 -59.8393 -25.5897 -60.6219 -15.7155 -31.4041 -41.6522 -56.6866
9808.044922 -55.356 -56.7591 -62.4757 -64.5101 -54.6245 -53.829 -18.0677 -68.7309 -43.4191 -69.6565 -60.1624 -62.0171 -64.5535 -27.9296 -59.3162 -58.5587 -26.0164 -60.9318 -16.3682 -31.6939 -41.9482 -56.9551
9809.049805 -55.6543 -56.9597 -62.5322 -64.7361 -54.3574 -54.0981 -18.7327 -68.8993 -43.6773 -69.7938 -60.3432 -62.3043 -64.6155 -28.2185 -59.4713 -57.3293 -26.4401 -61.239 -16.9673 -31.9839 -42.2437 -57.2225
9810.054688 -55.9513 -57.1594 -62.5883 -64.9598 -54.1227 -54.3665 -19.3492 -69.0648 -43.9353 -69.9288 -60.5231 -62.5889 -64.678 -28.5077 -59.6258 -56.1831 -26.8597 -61.5436 -17.5242 -32.2743 -42.5386 -57.4889
9811.059570 -56.2468 -57.3584 -62.6439 -65.181 -53.9212 -54.6341 -19.9202 -69.2276 -44.1931 -70.0615 -60.7022 -62.8707 -64.7402 -28.797 -59.7797 -55.1061 -27.2755 -61.8454 -18.0467 -32.565 -42.8331 -57.7543
9812.064453 -56.5409 -57.5565 -62.699 -65.3998 -53.7516 -54.9009 -20.4514 -69.3875 -44.4507 -70.1918 -60.8805 -63.1497 -64.8008 -29.0868 -59.9329 -54.0824 -27.6886 -62.1445 -18.5404 -32.856 -43.1271 -58.0185
9813.070312 -56.8335 -57.7537 -62.7537 -65.616 -53.6115 -55.1669 -20.9488 -69.5447 -44.7081 -70.3198 -61.0579 -63.4259 -64.8566 -29.3769 -60.0855 -53.1069 -28.1001 -62.4407 -19.0098 -33.1474 -43.4205 -58.2816
9814.075195 -57.1247 -57.9502 -62.808 -65.8297 -53.4984 -55.432 -21.4174 -69.6991 -44.9653 -70.4445 -61.2345 -63.6993 -64.9009 -29.6674 -60.2375 -52.1843 -28.5109 -62.7339 -19.4584 -33.4391 -43.7134 -58.5436
9815.080078 -57.4142 -58.1458 -62.8619 -66.0408 -53.4094 -55.6962 -21.862 -69.8508 -45.2223 -70.5629 -61.4101 -63.9697 -64.9189 -29.9584 -60.3887 -51.3267 -28.9211 -63.0243 -19.889 -33.7311 -44.0057 -58.8044
9816.084961 -57.7023 -58.3405 -62.9154 -66.2494 -53.3422 -55.9596 -22.287 -69.9997 -45.479 -70.66 -61.5848 -64.2372 -64.8798 -30.2498 -60.5392 -50.55 -29.3305 -63.3116 -20.3042 -34.0234 -44.2974 -59.0639
9817.089844 -57.9887 -58.5344 -62.9684 -66.4553 -53.2945 -56.222 -22.6963 -70.1459 -45.7354 -70.6711 -61.7585 -64.5017 -64.7215 -30.5417 -60.6889 -49.8708 -29.7389 -63.5959 -20.706 -34.3161 -44.5886 -59.3222
9818.094727 -58.2735 -58.7274 -63.0211 -66.6586 -53.2645 -56.4835 -23.093 -70.2894 -45.9916 -70.3283 -61.9312 -64.7631 -64.3093 -30.8341 -60.8379 -49.3022 -30.1457 -63.8771 -21.0962 -34.609 -44.8792 -59.5792
9819.099609 -58.5567 -58.9196 -63.0733 -66.8592 -53.2506 -56.7441 -23.4796 -70.4301 -46.2475 -68.6526 -62.1029 -65.0214 -63.4047 -31.127 -60.9861 -48.8492 -30.5505 -64.1552 -21.4762 -34.9022 -45.1693 -59.8349
9820.105469 -58.8382 -59.1108 -63.1252 -67.0571 -53.2511 -57.0037 -23.8578 -70.5682 -46.5032 -62.9338 -62.2736 -65.2766 -61.6782 -31.4203 -61.1334 -48.5084 -30.9529 -64.4301 -21.8474 -35.1957 -45.4587 -60.0892
9821.110352 -59.1179 -59.3011 -63.1766 -67.2523 -53.2648 -57.2622 -24.229 -70.7037 -46.7586 -46.3388 -62.4433 -65.5286 -58.3309 -31.7142 -61.2799 -48.2699 -31.3525 -64.7017 -22.2109 -35.4893 -45.7476 -60.3421
9822.115234 -59.3959 -59.4905 -63.2277 -67.4448 -53.2903 -57.5198 -24.594 -70.8365 -47.0137 -17.9435 -62.6118 -65.7773 -51.6575 -32.0085 -61.4256 -48.1201 -31.7491 -64.97 -22.5678 -35.7832 -46.0358 -60.5936
9823.120117 -59.6721 -59.679 -63.2784 -67.6346 -53.3265 -57.7763 -24.9537 -70.9667 -47.2685 -14.7826 -62.7793 -66.0229 -40.7793 -32.3033 -61.5703 -48.0443 -32.1425 -65.235 -22.9187 -36.0773 -46.3234 -60.8436
9824.125000 -59.9465 -59.8665 -63.3287 -67.8217 -53.3722 -58.0317 -25.3086 -71.0942 -47.523 -14.3647 -62.9457 -66.2651 -32.2594 -32.5985 -61.7142 -48.0287 -32.5325 -65.4967 -23.2646 -36.3715 -46.6104 -61.0921
9825.129883 -60.2189 -60.0531 -63.3786 -68.006 -53.4266 -58.2861 -25.6592 -71.2193 -47.7772 -14.5812 -63.1109 -66.504 -30.5287 -32.8941 -61.8571 -48.061 -32.9189 -65.7549 -23.6061 -36.6659 -46.8967 -61.339
9826.134766 -60.4895 -60.2387 -63.4282 -68.1875 -53.4887 -58.5393 -26.0059 -71.3418 -48.0311 -15.1952 -63.275 -66.7395 -31.4902 -33.1902 -61.9991 -48.131 -33.3015 -66.0097 -23.9436 -36.9603 -47.1825 -61.5843
9827.139648 -60.7581 -60.4233 -63.4774 -68.3663 -53.5576 -58.7913 -26.3492 -71.4617 -48.2847 -15.9434 -63.4379 -66.9717 -32.5139 -33.4866 -62.1401 -48.2301 -33.6802 -66.261 -24.2779 -37.2549 -47.4676 -61.8279
9828.144531 -61.0247 -60.6069 -63.5262 -68.5422 -53.6328 -59.0421 -26.6892 -71.5792 -48.538 -16.7055 -63.5995 -67.2005 -33.4356 -33.7835 -62.2802 -48.3516 -34.0548 -66.5087 -24.6092 -37.5495 -47.752 -62.0699
9829.150391 -61.2893 -60.7895 -63.5747 -68.7155 -53.7136 -59.2918 -27.0262 -71.6942 -48.7909 -17.4302 -63.76 -67.4259 -34.2592 -34.0806 -62.4192 -48.4901 -34.4253 -66.753 -24.938 -37.8441 -48.0358 -62.3102
9830.155273 -61.5518 -60.9711 -63.6228 -68.8859 -53.7994 -59.5401 -27.3606 -71.8068 -49.0435 -18.101 -63.9192 -67.6478 -34.9155 -34.3781 -62.5571 -48.6412 -34.7917 -66.9936 -25.2646 -38.1386 -48.3189 -62.5486
9831.160156 -61.8122 -61.1516 -63.6706 -69.0535 -53.8897 -59.7872 -27.6924 -71.9168 -49.2957 -18.7179 -64.0771 -67.8663 -35.5091 -34.6759 -62.6938 -48.8017 -35.154 -67.2307 -25.5893 -38.4332 -48.6014 -62.7853
9832.165039 -62.0705 -61.3311 -63.718 -69.2184 -53.9842 -60.0329 -28.0218 -72.024 -49.5477 -19.2893 -64.2338 -68.0813 -36.1152 -34.974 -62.8289 -48.9689 -35.5124 -67.4641 -25.9124 -38.7277 -48.8832 -63.0201
9833.169922 -62.3265 -61.5095 -63.7651 -69.3805 -54.0824 -60.2773 -28.3491 -72.1267 -49.7992 -19.8248 -64.3891 -68.2928 -36.7167 -35.2724 -62.9613 -49.1407 -35.8668 -67.6939 -26.2341 -39.0221 -49.1643 -63.253
9834.174805 -62.5803 -61.6868 -63.8118 -69.5398 -54.1841 -60.5203 -28.6743 -72.2174 -50.0504 -20.3314 -64.5431 -68.5008 -37.2877 -35.571 -63.0887 -49.3157 -36.2176 -67.9201 -26.5546 -39.3164 -49.4448 -63.484
9835.179688 -62.8319 -61.8629 -63.8581 -69.6964 -54.2889 -60.7619 -28.9974 -72.2595 -50.3013 -20.8136 -64.6958 -68.7053 -37.8181 -35.8698 -63.2065 -49.4924 -36.565 -68.1425 -26.8741 -39.6106 -49.7246 -63.7131
9836.184570 -63.0811 -62.038 -63.9042 -69.8502 -54.3967 -61.002 -29.3185 -72.0678 -50.5518 -21.2739 -64.847 -68.9063 -38.3134 -36.1687 -63.3057 -49.6702 -36.909 -68.3613 -27.1927 -39.9047 -50.0037 -63.9401
9837.189453 -63.3279 -62.2119 -63.9498 -70.0013 -54.5071 -61.2406 -29.6376 -70.6468 -50.8019 -21.7148 -64.9968 -69.1039 -38.7829 -36.4679 -63.3691 -49.8482 -37.2499 -68.5763 -27.5106 -40.1985 -50.2822 -64.165
9838.195312 -63.5724 -62.3847 -63.9951 -70.1496 -54.62 -61.4777 -29.9546 -62.302 -51.0516 -22.1384 -65.145 -69.2979 -39.2326 -36.7671 -63.3682 -50.026 -37.588 -68.7877 -27.8279 -40.4922 -50.5599 -64.3879
9839.200195 -63.8144 -62.5562 -64.04 -70.2952 -54.7353 -61.7132 -30.2693 -15.2781 -51.301 -22.5468 -65.2914 -69.4884 -39.6652 -37.0664 -63.2628 -50.2033 -37.9233 -68.9953 -28.1446 -40.7856 -50.837 -64.6086
9840.205078 -64.0539 -62.7266 -64.0844 -70.4382 -54.8527 -61.947 -30.5817 -6.0169 -51.55 -22.942 -65.4358 -69.6755 -40.0828 -37.3659 -63.0108 -50.3796 -38.2561 -69.1993 -28.461 -41.0787 -51.1133 -64.8272
9841.209961 -64.291 -62.8958 -64.1281 -70.5784 -54.9721 -62.1793 -30.8915 -7.03008 -51.7985 -23.3257 -65.5778 -69.859 -40.4876 -37.6654 -62.5839 -50.5549 -38.5866 -69.3995 -28.777 -41.3716 -51.389 -65.0435
9842.214844 -64.5255 -63.0638 -64.1707 -70.716 -55.0935 -62.4099 -31.1985 -8.1632 -52.0467 -23.6994 -65.7169 -70.0391 -40.8822 -37.9649 -61.9794 -50.729 -38.9148 -69.596 -29.0927 -41.6641 -51.664 -65.2577
9843.219727 -64.7574 -63.2305 -64.2117 -70.8509 -55.2166 -62.6387 -31.5027 -9.21739 -52.2945 -24.0643 -65.8525 -70.2158 -41.2684 -38.2644 -61.219 -50.9019 -39.241 -69.7888 -29.4081 -41.9563 -51.9382 -65.4695
9844.224609 -64.9867 -63.396 -64.25 -70.9832 -55.3414 -62.8658 -31.804 -10.1829 -52.5419 -24.4218 -65.9835 -70.389 -41.6474 -38.5639 -60.3412 -51.0734 -39.5653 -69.978 -29.7234 -42.2481 -52.2118 -65.6791
9845.230469 -65.2133 -63.5602 -64.2843 -71.1129 -55.4678 -63.0911 -32.1021 -11.0611 -52.7888 -24.7727 -66.1086 -70.5588 -42.02 -38.8633 -59.39 -51.2437 -39.8877 -70.1634 -30.0386 -42.5396 -52.4846 -65.8863
9846.235352 -65.4373 -63.7231 -64.3126 -71.24 -55.5957 -63.3146 -32.3971 -11.8547 -53.0353 -25.118 -66.2258 -70.7252 -42.3864 -39.1627 -58.4054 -51.4126 -40.2084 -70.3452 -30.3536 -42.8307 -52.7567 -66.0911
9847.240234 -65.6585 -63.8848 -64.3325 -71.3646 -55.725 -63.5362 -32.689 -12.5737 -53.2814 -25.4585 -66.3325 -70.8883 -42.7468 -39.462 -57.4219 -51.5802 -40.5275 -70.5234 -30.6685 -43.1214 -53.028 -66.2936
9848.245117 -65.8771 -64.0451 -64.3405 -71.4866 -55.8557 -63.7559 -32.9778 -13.2299 -53.527 -25.795 -66.4247 -71.048 -43.1013 -39.7611 -56.4674 -51.7466 -40.845 -70.6979 -30.9834 -43.4116 -53.2987 -66.4936
9849.250000 -66.0928 -64.204 -64.3318 -71.6061 -55.9877 -63.9737 -33.2636 -13.8343 -53.7721 -26.128 -66.4974 -71.2044 -43.4498 -40.0602 -55.5614 -51.9117 -41.161 -70.8689 -31.2982 -43.7014 -53.5685 -66.6912
9850.254883 -66.3058 -64.3616 -64.2989 -71.7232 -56.121 -64.1895 -33.5465 -14.3961 -54.0168 -26.4582 -66.5436 -71.3575 -43.7921 -40.3591 -54.7157 -52.0756 -41.4756 -71.0362 -31.6129 -43.9908 -53.8376 -66.8863
9851.259766 -66.516 -64.5177 -64.2306 -71.8378 -56.2554 -64.4034 -33.8265 -14.9227 -54.261 -26.786 -66.5548 -71.5073 -44.1284 -40.6578 -53.9401 -52.2383 -41.7888 -71.2 -31.9277 -44.2796 -54.106 -67.0789
9852.264648 -66.7233 -64.6723 -64.1111 -71.95 -56.3909 -64.6152 -34.1039 -15.42 -54.5047 -27.1118 -66.5222 -71.6539 -44.4585 -40.9562 -53.2449 -52.3999 -42.1006 -71.3603 -32.2423 -44.568 -54.3736 -67.269
9853.269531 -66.9278 -64.8252 -63.9189 -72.0598 -56.5276 -64.8249 -34.3788 -15.8926 -54.748 -27.436 -66.4395 -71.7973 -44.7824 -41.2545 -52.6383 -52.5602 -42.4111 -71.5171 -32.557 -44.8559 -54.6403 -67.4565
9854.275391 -67.1294 -64.976 -63.6239 -72.1672 -56.6653 -65.0325 -34.6513 -16.3446 -54.9907 -27.7588 -66.3046 -71.9376 -45.1001 -41.5524 -52.1241 -52.7195 -42.7204 -71.6705 -32.8716 -45.1432 -54.9063 -67.6415
9855.280273 -67.3281 -65.1243 -63.1814 -72.2723 -56.8039 -65.238 -34.9215 -16.7788 -55.2328 -28.0805 -66.1196 -72.0747 -45.4118 -41.8501 -51.7008 -52.8776 -43.0284 -71.8204 -33.1861 -45.43 -55.1715 -67.824
9856.285156 -67.5239 -65.2692 -62.5212 -72.3751 -56.9435 -65.4414 -35.1896 -17.1978 -55.4744 -28.4012 -65.8902 -72.2088 -45.7174 -42.1474 -51.3622 -53.0345 -43.3352 -71.9669 -33.5006 -45.7163 -55.4358 -68.0038
9857.290039 -67.7169 -65.4098 -61.5299 -72.4757 -57.084 -65.6426 -35.4558 -17.6038 -55.7155 -28.7212 -65.6245 -72.3398 -46.0171 -42.4445 -51.0987 -53.1902 -43.6408 -72.1102 -33.8151 -46.002 -55.6993 -68.181
9858.294922 -67.9068 -65.5448 -60.0281 -72.574 -57.2254 -65.8416 -35.7202 -17.9985 -55.956 -29.0405 -65.3313 -72.4679 -46.3109 -42.7411 -50.8985 -53.3447 -43.9452 -72.2501 -34.1295 -46.2871 -55.962 -68.3557
9859.299805 -68.0939 -65.6727 -57.7343 -72.6701 -57.3676 -66.0383 -35.983 -18.3835 -56.1958 -29.3593 -65.0193 -72.5929 -46.599 -43.0374 -50.7494 -53.4981 -44.2484 -72.3867 -34.4438 -46.5716 -56.2237 -68.5277
9860.304688 -68.278 -65.7924 -54.2794 -72.7641 -57.5106 -66.2328 -36.2442 -18.7601 -56.4351 -29.6776 -64.6953 -72.7151 -46.8815 -43.3333 -50.6399 -53.6501 -44.5504 -72.5201 -34.7581 -46.8556 -56.4846 -68.6971
9861.309570 -68.4592 -65.9029 -49.3269 -72.8558 -57.6543 -66.425 -36.504 -19.1293 -56.6737 -29.9956 -64.3643 -72.8344 -47.1584 -43.6288 -50.5598 -53.8009 -44.8513 -72.6504 -35.0722 -47.1389 -56.7445 -68.8639
9862.314453 -68.6375 -66.0033 -42.8383 -72.9448 -57.7988 -66.615 -36.7625 -19.4922 -56.9117 -30.3133 -64.0293 -72.9508 -47.4299 -43.9239 -50.5011 -53.9505 -45.151 -72.7775 -35.3863 -47.4217 -57.0035 -69.028
9863.320312 -68.8128 -66.0933 -36.4081 -73.0278 -57.9439 -66.8026 -37.0198 -19.8496 -57.149 -30.6308 -63.6917 -73.0645 -47.6961 -44.2184 -50.4573 -54.0988 -45.4496 -72.9016 -35.7002 -47.7038 -57.2615 -69.1893
9864.325195 -68.9851 -66.173 -33.7282 -73.0834 -58.0896 -66.9878 -37.2761 -20.2022 -57.3856 -30.948 -63.3515 -73.1754 -47.9569 -44.5126 -50.4235 -54.2458 -45.747 -73.0226 -36.014 -47.9853 -57.5186 -69.3473
9865.330078 -69.1546 -66.2428 -33.2385 -72.9795 -58.2359 -67.1707 -37.5314 -20.5508 -57.6215 -31.2651 -63.0075 -73.2837 -48.2124 -44.8062 -50.395 -54.3916 -46.0433 -73.1406 -36.3276 -48.2661 -57.7747 -69.5013
9866.334961 -69.3211 -66.3032 -33.2523 -71.8444 -58.3828 -67.3512 -37.7858 -20.8959 -57.8567 -31.5821 -62.657 -73.3891 -48.4621 -45.0993 -50.3669 -54.5361 -46.3384 -73.2556 -36.6411 -48.5464 -58.0297 -69.6497
9867.339844 -69.4846 -66.3551 -33.5826 -63.9201 -58.5302 -67.5294 -38.0394 -21.2379 -58.0911 -31.8989 -62.2954 -73.4915 -48.7051 -45.3919 -50.3332 -54.6793 -46.6324 -73.3678 -36.9544 -48.8259 -58.2836 -69.7908
9868.344727 -69.6453 -66.3994 -34.0319 -14.4596 -58.678 -67.7051 -38.2922 -21.5773 -58.3246 -32.2157 -61.9158 -73.589 -48.9391 -45.684 -50.2875 -54.8209 -46.9253 -73.4772 -37.2676 -49.1048 -58.5365 -69.923
9869.349609 -69.803 -66.4369 -34.4598 -3.68281 -58.8263 -67.8785 -38.5444 -21.9146 -58.5574 -32.5325 -61.5077 -73.6728 -49.159 -45.9755 -50.2245 -54.9607 -47.217 -73.5837 -37.5805 -49.3831 -58.7883 -70.0449
9870.355469 -69.9579 -66.4689 -34.8403 -4.52951 -58.975 -68.0494 -38.7959 -22.25 -58.7894 -32.8492 -61.0515 -73.6935 -49.3565 -46.2664 -50.1409 -55.0984 -47.5076 -73.6876 -37.8932 -49.6607 -59.0389 -70.1547
9871.360352 -70.1099 -66.4961 -35.2099 -5.63323 -59.1241 -68.2179 -39.047 -22.5838 -59.0205 -33.1659 -60.5014 -73.3632 -49.5198 -46.5568 -50.0369 -55.2335 -47.797 -73.7887 -38.2056 -49.9376 -59.2884 -70.248
9872.365234 -70.259 -66.5196 -35.5763 -6.99409 -59.2736 -68.3839 -39.2975 -22.9164 -59.2506 -33.4825 -59.7452 -70.9004 -49.6367 -46.8465 -49.9155 -55.3654 -48.0853 -73.8872 -38.5178 -50.2138 -59.5367 -70.3125
9873.370117 -70.4053 -66.5402 -35.9279 -8.41158 -59.4233 -68.5475 -39.5476 -23.2478 -59.4799 -33.7991 -58.5448 -54.4393 -49.6996 -47.1357 -49.7824 -55.4938 -48.3724 -73.9831 -38.8298 -50.4894 -59.7837 -70.3214
9874.375000 -70.5487 -66.5588 -36.2563 -9.72293 -59.5733 -68.7087 -39.7973 -23.5784 -59.7082 -34.1157 -56.5479 -3.29372 -49.7103 -47.4242 -49.6444 -55.6184 -48.6583 -74.0765 -39.1415 -50.7642 -60.0295 -70.2242
9875.379883 -70.6893 -66.5759 -36.5623 -10.8924 -59.7235 -68.8674 -40.0466 -23.9083 -59.9355 -34.4323 -53.1587 -3.67865 -49.6792 -47.7121 -49.5086 -55.739 -48.9432 -74.1674 -39.4529 -51.0384 -60.2739 -69.9304
9876.384766 -70.8272 -66.5923 -36.8501 -11.9212 -59.874 -69.0237 -40.2956 -24.2377 -60.1618 -34.7488 -46.8829 -5.51002 -49.6206 -47.9993 -49.3811 -55.8558 -49.2268 -74.2558 -39.7639 -51.3119 -60.5171 -69.2982
9877.389648 -70.9623 -66.6085 -37.1215 -12.8242 -60.0246 -69.1775 -40.5443 -24.5666 -60.3871 -35.0653 -35.3451 -7.20781 -49.5481 -48.2859 -49.2667 -55.9689 -49.5093 -74.3414 -40.0747 -51.5846 -60.7588 -68.0456
9878.394531 -71.0947 -66.6248 -37.3764 -13.6219 -60.1753 -69.3288 -40.7927 -24.8952 -60.6113 -35.3817 -24.481 -8.65415 -49.4726 -48.5718 -49.1686 -56.0786 -49.7906 -74.4229 -40.3851 -51.8567 -60.9992 -64.9515
9879.400391 -71.2243 -66.6418 -37.6148 -14.3343 -60.3261 -69.4777 -41.0408 -25.2236 -60.8344 -35.698 -23.6871 -9.92803 -49.4015 -48.857 -49.0888 -56.1853 -50.0706 -74.4924 -40.6952 -52.128 -61.2382 -54.1088
9880.405273 -71.3513 -66.6597 -37.8378 -14.9783 -60.477 -69.6239 -41.2887 -25.5519 -61.0563 -36.0142 -24.8616 -11.0435 -49.3396 -49.1415 -49.0281 -56.2893 -50.3495 -74.5056 -41.0048 -52.3986 -61.4756 -22.5651
9881.410156 -71.4756 -66.6787 -38.0466 -15.5674 -60.6278 -69.7672 -41.5364 -25.8801 -61.2771 -36.3303 -26.1684 -12.0236 -49.2893 -49.4254 -48.9862 -56.3912 -50.6271 -74.2074 -41.3141 -52.6685 -61.7116 -13.7368
9882.415039 -71.5974 -66.6989 -38.2422 -16.1118 -60.7787 -69.9069 -41.7838 -26.2083 -61.4967 -36.6462 -27.3038 -12.8909 -49.2521 -49.7085 -48.9624 -56.4913 -50.9035 -72.0863 -41.623 -52.9376 -61.946 -13.5961
9883.419922 -71.7165 -66.7205 -38.4254 -16.6197 -60.9294 -70.0407 -42.031 -26.5365 -61.7151 -36.9619 -28.2853 -13.6676 -49.228 -49.9909 -48.9552 -56.59 -51.1784 -58.411 -41.9314 -53.206 -62.1789 -13.4586
9884.424805 -71.833 -66.7433 -38.5973 -17.0973 -61.0799 -70.1623 -42.2781 -26.8648 -61.9322 -37.2774 -29.1575 -14.3724 -49.2171 -50.2726 -48.9633 -56.6877 -51.452 1.1751 -42.2393 -53.4737 -62.4101 -13.4329
9885.429688 -71.9471 -66.767 -38.7593 -17.5496 -61.2301 -70.2529 -42.5249 -27.1931 -62.1479 -37.5926 -29.9472 -15.02 -49.2186 -50.5535 -48.985 -56.7847 -51.7239 1.17061 -42.5468 -53.7405 -62.6397 -13.8765
9886.434570 -72.0586 -66.7903 -38.9128 -17.9807 -61.3796 -70.2529 -42.7716 -27.5216 -62.3624 -37.9076 -30.6688 -15.6214 -49.2319 -50.8337 -49.0188 -56.8814 -51.994 -1.52281 -42.8537 -54.0066 -62.8675 -14.56
9887.439453 -72.1677 -66.8107 -39.0594 -18.3937 -61.5281 -69.9657 -43.0182 -27.8502 -62.5755 -38.2223 -31.3316 -16.1848 -49.2561 -51.1131 -49.0632 -56.9779 -52.2621 -3.67716 -43.1602 -54.2719 -63.0937 -15.3066
9888.445312 -72.2743 -66.8216 -39.2006 -18.7914 -61.675 -68.7484 -43.2645 -28.179 -62.7872 -38.5366 -31.9427 -16.7164 -49.2907 -51.3918 -49.1166 -57.0746 -52.528 -5.44452 -43.4662 -54.5364 -63.3181 -16.0373
9889.450195 -72.3786 -66.8074 -39.3375 -19.176 -61.8194 -64.4224 -43.5107 -28.5078 -62.9974 -38.8506 -32.5084 -17.2212 -49.3346 -51.6697 -49.1774 -57.1717 -52.7913 -6.8628 -43.7716 -54.8001 -63.5407 -16.7247
9890.455078 -72.4805 -66.732 -39.4712 -19.5493 -61.96 -49.5442 -43.7568 -28.8369 -63.2062 -39.1641 -33.0338 -17.7031 -49.3873 -51.9468 -49.2427 -57.2692 -53.0518 -8.01016 -44.0764 -55.0629 -63.7615 -17.3635
9891.459961 -72.58 -66.4978 -39.6023 -19.913 -62.0952 -16.4074 -44.0027 -29.166 -63.4135 -39.4772 -33.5239 -18.1655 -49.448 -52.2231 -49.3078 -57.3674 -53.3092 -8.98122 -44.3807 -55.325 -63.9804 -17.957
9892.464844 -72.6773 -65.8318 -39.7317 -20.2684 -62.2231 -14.6659 -44.2484 -29.4953 -63.6193 -39.7899 -33.9827 -18.6114 -49.5161 -52.4986 -49.3645 -57.4663 -53.5633 -9.83877 -44.6844 -55.5861 -64.1973 -18.5105
9893.469727 -72.7724 -64.0222 -39.8598 -20.6168 -62.341 -14.8011 -44.494 -29.8247 -63.8235 -40.1021 -34.414 -19.0433 -49.591 -52.7732 -49.4014 -57.5661 -53.8138 -10.617 -44.9876 -55.8464 -64.4124 -19.0297
9894.474609 -72.8652 -59.3533 -39.9872 -20.9591 -62.4463 -15.4924 -44.7394 -30.1542 -64.0262 -40.4137 -34.821 -19.4632 -49.6722 -53.0471 -49.405 -57.6667 -54.0605 -11.3341 -45.2901 -56.1058 -64.6255 -19.5198
9895.480469 -72.9559 -49.3772 -40.1143 -21.2961 -62.5356 -16.2416 -44.9847 -30.4838 -64.2272 -40.7248 -35.2066 -19.8732 -49.7592 -53.3201 -49.3634 -57.7681 -54.3034 -12.0005 -45.592 -56.3643 -64.8365 -19.9849
9896.485352 -73.0444 -29.5618 -40.2411 -21.6288 -62.6052 -16.9464 -45.2298 -30.8135 -64.4265 -41.0353 -35.573 -20.2748 -49.8515 -53.5923 -49.2703 -57.8701 -54.5423 -12.6238 -45.8932 -56.6219 -65.0455 -20.4287
9897.490234 -73.1308 -19.9606 -40.3682 -21.9577 -62.6507 -17.6092 -45.4748 -31.1432 -64.6242 -41.3452 -35.9226 -20.6694 -49.9487 -53.8635 -49.1271 -57.9717 -54.7771 -13.2104 -46.1938 -56.8785 -65.2525 -20.8541
9898.495117 -73.2151 -18.7333 -40.4955 -22.2835 -62.666 -18.2184 -45.7196 -31.4729 -64.8201 -41.6544 -36.2571 -21.0581 -50.0505 -54.1339 -48.9429 -58.0706 -55.0079 -13.7657 -46.4938 -57.1342 -65.4574 -21.2637
9899.500000 -73.2974 -19.0004 -40.6231 -22.6066 -62.643 -18.7833 -45.9642 -31.8027 -65.0144 -41.963 -36.5782 -21.442 -50.1565 -54.4035 -48.7312 -58.1618 -55.2345 -14.2946 -46.7931 -57.3889 -65.6601 -21.6596
9900.504883 -73.3772 -19.6286 -40.7511 -22.9275 -62.5706 -19.3146 -46.2086 -32.1325 -65.2068 -42.2708 -36.8874 -21.8219 -50.2664 -54.6721 -48.5067 -58.2351 -55.4571 -14.8012 -47.0917 -57.6426 -65.8606 -22.0436
9901.509766 -73.4517 -20.3786 -40.8794 -23.2466 -62.436 -19.8153 -46.4529 -32.4622 -65.3975 -42.5779 -37.1858 -22.1985 -50.3799 -54.9397 -48.282 -58.2725 -55.6757 -15.2888 -47.3896 -57.8952 -66.059 -22.4172
9902.514648 -73.5022 -21.177 -41.0081 -23.5642 -62.2223 -20.2885 -46.6969 -32.7919 -65.5863 -42.8842 -37.4747 -22.5726 -50.4968 -55.2065 -48.0669 -58.2488 -55.8904 -15.7606 -47.6868 -58.1468 -66.2552 -22.7817
9903.519531 -73.394 -21.9885 -41.1371 -23.8806 -61.9057 -20.7376 -46.9408 -33.1215 -65.7733 -43.1898 -37.7549 -22.9445 -50.6168 -55.4722 -47.8679 -58.1348 -56.1014 -16.2189 -47.9833 -58.3973 -66.4491 -23.1382
9904.525391 -72.1158 -22.7914 -41.2663 -24.1961 -61.4592 -21.166 -47.1845 -33.4511 -65.9584 -43.4946 -38.0274 -23.3149 -50.7397 -55.737 -47.6886 -57.9062 -56.3086 -16.6658 -48.2791 -58.6467 -66.6408 -23.4878
9905.530273 -61.6597 -23.5734 -41.3957 -24.511 -60.859 -21.576 -47.428 -33.7805 -66.1416 -43.7985 -38.293 -23.684 -50.8653 -56.0008 -47.5305 -57.5584 -56.5124 -17.1031 -48.5742 -58.8949 -66.8301 -23.8313
9906.535156 -3.18867 -24.3299 -41.5252 -24.8253 -60.09 -21.97 -47.6713 -34.1098 -66.3229 -44.1016 -38.5523 -24.0523 -50.9935 -56.2636 -47.3936 -57.1134 -56.7127 -17.5325 -48.8685 -59.142 -67.0172 -24.1695
9907.540039 -2.63948 -25.0599 -41.6548 -25.1394 -59.1468 -22.3497 -47.9144 -34.4389 -66.5023 -44.4039 -38.8059 -24.4199 -51.1241 -56.5253 -47.2772 -56.6086 -56.9099 -17.9552 -49.1621 -59.3879 -67.202 -24.5029
9908.544922 -4.23141 -25.7636 -41.7842 -25.4532 -58.0244 -22.7167 -48.1572 -34.7678 -66.6797 -44.7053 -39.0545 -24.7873 -51.2568 -56.786 -47.1798 -56.0807 -57.1039 -18.3723 -49.455 -59.6326 -67.3843 -24.8322
9909.549805 -5.89574 -26.4415 -41.9136 -25.767 -56.7245 -23.0724 -48.3999 -35.0966 -66.8551 -45.0058 -39.2984 -25.1545 -51.3917 -57.0456 -47.1001 -55.5584 -57.295 -18.7848 -49.747 -59.876 -67.5644 -25.1579
9910.554688 -7.42121 -27.0936 -42.0428 -26.0808 -55.243 -23.4182 -48.6423 -35.4251 -67.0286 -45.3054 -39.5381 -25.5217 -51.5285 -57.3041 -47.0364 -55.0609 -57.4833 -19.1937 -50.0384 -60.1181 -67.742 -25.4804
9911.559570 -8.68189 -27.7206 -42.1718 -26.3948 -53.6254 -23.7553 -48.8845 -35.7534 -67.2 -45.6041 -39.7741 -25.8891 -51.6671 -57.5614 -46.9871 -54.5998 -57.669 -19.5995 -50.3289 -60.3589 -67.9173 -25.8
9912.564453 -9.78408 -28.323 -42.3005 -26.709 -51.9019 -24.0846 -49.1265 -36.0814 -67.3694 -45.9018 -40.0066 -26.2568 -51.8074 -57.8176 -46.951 -54.1811 -57.8522 -20.0031 -50.6187 -60.5984 -68.0902 -26.1172
9913.570312 -10.7532 -28.9018 -42.4288 -27.0235 -50.1848 -24.407 -49.3682 -36.4092 -67.5367 -46.1987 -40.236 -26.6249 -51.9494 -58.0726 -46.9266 -53.8073 -58.0331 -20.4049 -50.9077 -60.8365 -68.2606 -26.4322
9914.575195 -11.6064 -29.458 -42.5568 -27.3383 -48.5484 -24.7235 -49.6097 -36.7366 -67.7019 -46.4945 -40.4626 -26.9935 -52.0928 -58.3264 -46.9129 -53.4788 -58.2117 -20.8055 -51.1959 -61.0732 -68.4287 -26.7453
9915.580078 -12.3659 -29.9927 -42.6844 -27.6534 -47.0619 -25.0348 -49.8509 -37.0637 -67.8649 -46.7894 -40.6866 -27.3626 -52.2377 -58.579 -46.909 -53.194 -58.3882 -21.2051 -51.4833 -61.3084 -68.5943 -27.0568
9916.584961 -13.0512 -30.5073 -42.8116 -27.969 -45.8187 -25.3414 -50.0919 -37.3905 -68.0254 -47.0833 -40.9084 -27.7323 -52.384 -58.8303 -46.9139 -52.9508 -58.5627 -21.6042 -51.7699 -61.5421 -68.7574 -27.3668
9917.589844 -13.6772 -31.0029 -42.9384 -28.285 -44.8288 -25.6439 -50.3326 -37.7169 -68.1829 -47.3763 -41.1281 -28.1025 -52.5315 -59.0803 -46.9269 -52.7464 -58.7354 -22.0032 -52.0557 -61.7743 -68.9181 -27.6755
9918.594727 -14.2553 -31.4809 -43.0647 -28.6014 -44.1093 -25.943 -50.5731 -38.0429 -68.3361 -47.6682 -41.3458 -28.4734 -52.6801 -59.329 -46.9473 -52.5778 -58.9063 -22.4021 -52.3407 -62.005 -69.0764 -27.9831
9919.599609 -14.7941 -31.9423 -43.1906 -28.9183 -43.6333 -26.2389 -50.8132 -38.3686 -68.4818 -47.9592 -41.5619 -28.8449 -52.8299 -59.5763 -46.9745 -52.4417 -59.0756 -22.8013 -52.6248 -62.2341 -69.2322 -28.2898
9920.605469 -15.3004 -32.3884 -43.3161 -29.2356 -43.3443 -26.5322 -51.0531 -38.6938 -68.6127 -48.2492 -41.7763 -29.217 -52.9808 -59.8222 -47.0081 -52.3351 -59.2433 -23.2009 -52.9081 -62.4615 -69.3856 -28.5956
9921.610352 -15.7793 -32.8202 -43.4411 -29.5533 -43.1886 -26.8232 -51.2927 -39.0186 -68.7121 -48.5381 -41.9894 -29.5898 -53.1326 -60.0668 -47.0477 -52.2551 -59.4095 -23.6011 -53.1905 -62.6873 -69.5366 -28.9007
9922.615234 -16.235 -33.2387 -43.5657 -29.8715 -43.1246 -27.1123 -51.5321 -39.343 -68.7414 -48.8261 -42.2011 -29.9631 -53.2854 -60.3098 -47.0927 -52.1988 -59.5744 -24.002 -53.472 -62.9115 -69.685 -29.2052
9923.620117 -16.6709 -33.6449 -43.6899 -30.1901 -43.1258 -27.3996 -51.7711 -39.6669 -68.615 -49.113 -42.4117 -30.337 -53.4391 -60.5514 -47.1429 -52.1636 -59.7379 -24.4036 -53.7527 -63.1339 -69.8311 -29.5091
9924.625000 -17.0898 -34.0396 -43.8137 -30.5092 -43.1716 -27.6855 -52.0098 -39.9903 -68.1393 -49.3989 -42.6211 -30.7114 -53.5936 -60.7915 -47.1979 -52.1472 -59.9001 -24.806 -54.0325 -63.3545 -69.9747 -29.8126
9925.629883 -17.494 -34.4236 -43.9371 -30.8286 -43.2477 -27.9702 -52.2482 -40.3132 -66.8635 -49.6838 -42.8296 -31.0864 -53.7488 -61.0301 -47.2575 -52.1475 -60.0611 -25.2093 -54.3114 -63.5733 -70.1159 -30.1157
9926.634766 -17.8857 -34.7977 -44.0601 -31.1484 -43.3444 -28.2539 -52.4863 -40.6356 -63.767 -49.9676 -43.0372 -31.4619 -53.9048 -61.267 -47.3215 -52.1627 -60.221 -25.6135 -54.5893 -63.7903 -70.2547 -30.4185
9927.639648 -18.2664 -35.1625 -44.1828 -31.4686 -43.4551 -28.5368 -52.724 -40.9575 -56.7574 -50.2505 -43.244 -31.8378 -54.0614 -61.5024 -47.3895 -52.1911 -60.3798 -26.0186 -54.8663 -64.0055 -70.3911 -30.721
9928.644531 -18.6377 -35.5188 -44.3051 -31.7891 -43.5749 -28.819 -52.9615 -41.2788 -42.0703 -50.5322 -43.4501 -32.2141 -54.2187 -61.7361 -47.4615 -52.2312 -60.5375 -26.4247 -55.1424 -64.2188 -70.5253 -31.0232
9929.650391 -19.0008 -35.8669 -44.4272 -32.1099 -43.7004 -29.1007 -53.1985 -41.5995 -24.8441 -50.813 -43.6555 -32.5908 -54.3766 -61.9681 -47.5371 -52.2817 -60.6942 -26.8316 -55.4175 -64.4301 -70.6576 -31.3252
9930.655273 -19.3569 -36.2075 -44.5489 -32.4311 -43.8296 -29.382 -53.4352 -41.9195 -21.4157 -51.0927 -43.8602 -32.9679 -54.535 -62.1985 -47.6162 -52.3416 -60.8498 -27.2393 -55.6916 -64.6395 -70.7897 -31.6271
9931.660156 -19.7068 -36.5411 -44.6703 -32.7525 -43.961 -29.663 -53.6715 -42.239 -20.9915 -51.3714 -44.0644 -33.3452 -54.694 -62.4271 -47.6988 -52.4099 -61.0046 -27.6479 -55.9647 -64.8469 -70.9264 -31.9288
9932.665039 -20.0515 -36.868 -44.7915 -33.0741 -44.094 -29.9437 -53.9075 -42.5578 -21.4461 -51.649 -44.2681 -33.7228 -54.8534 -62.6539 -47.7845 -52.4857 -61.1583 -28.0573 -56.2368 -65.0522 -71.0772 -32.2304
9933.669922 -20.3916 -37.1888 -44.9125 -33.396 -44.2284 -30.2244 -54.1431 -42.876 -21.9383 -51.9256 -44.4713 -34.1006 -55.0132 -62.8789 -47.8733 -52.5682 -61.3111 -28.4674 -56.5078 -65.2556 -71.2061 -32.5319
9934.674805 -20.728 -37.5037 -45.0332 -33.718 -44.3642 -30.5051 -54.3782 -43.1935 -22.3912 -52.2011 -44.6741 -34.4785 -55.1735 -63.102 -47.9651 -52.6569 -61.4631 -28.8782 -56.7777 -65.4568 -71.2471 -32.8332
9935.679688 -21.061 -37.8132 -45.1537 -34.0402 -44.5016 -30.7857 -54.6129 -43.5103 -22.8233 -52.4755 -44.8765 -34.8566 -55.3341 -63.3233 -48.0597 -52.751 -61.6141 -29.2897 -57.0466 -65.656 -71.1855 -33.1345
9936.684570 -21.3913 -38.1175 -45.274 -34.3626 -44.6408 -31.0665 -54.8472 -43.8264 -23.2688 -52.7489 -45.0786 -35.2347 -55.4951 -63.5427 -48.157 -52.8503 -61.7642 -29.7017 -57.3143 -65.853 -70.9789 -33.4358
9937.689453 -21.7192 -38.417 -45.3942 -34.685 -44.7818 -31.3473 -55.0811 -44.1417 -23.7203 -53.0213 -45.2803 -35.6129 -55.6564 -63.7602 -48.257 -52.9541 -61.9134 -30.1142 -57.5809 -66.0479 -70.5001 -33.7369
9938.695312 -22.0452 -38.7119 -45.5142 -35.0075 -44.9248 -31.6283 -55.3145 -44.4564 -24.1695 -53.2925 -45.4817 -35.991 -55.818 -63.9757 -48.3594 -53.0622 -62.0617 -30.5272 -57.8463 -66.2406 -69.4337 -34.038
9939.700195 -22.3697 -39.0025 -45.634 -35.3301 -45.07 -31.9095 -55.5474 -44.7703 -24.6093 -53.5627 -45.6829 -36.3691 -55.9798 -64.1892 -48.4643 -53.1741 -62.2092 -30.9405 -58.1105 -66.4311 -66.2521 -34.339
9940.705078 -22.6928 -39.289 -45.7537 -35.6527 -45.2173 -32.1909 -55.7798 -45.0834 -25.0387 -53.8318 -45.8838 -36.7472 -56.1418 -64.4007 -48.5715 -53.2896 -62.3557 -31.3542 -58.3734 -66.6194 -59.6627 -34.64
9941.709961 -23.015 -39.5716 -45.8732 -35.9753 -45.3667 -32.4726 -56.0117 -45.3957 -25.4569 -54.0998 -46.0845 -37.125 -56.304 -64.6101 -48.681 -53.4084 -62.5014 -31.7681 -58.6351 -66.8054 -38.6363 -34.9408
9942.714844 -23.3364 -39.8506 -45.9927 -36.2979 -45.5183 -32.7545 -56.2431 -45.7072 -25.8637 -54.3667 -46.2849 -37.5027 -56.4664 -64.8174 -48.7926 -53.5302 -62.6461 -32.1822 -58.8955 -66.9892 -9.60463 -35.2416
9943.719727 -23.6572 -40.1262 -46.112 -36.6204 -45.6718 -33.0367 -56.4739 -46.0179 -26.2594 -54.6325 -46.4852 -37.8802 -56.6289 -65.0227 -48.9063 -53.6549 -62.79 -32.5964 -59.1546 -67.1707 -9.89167 -35.5423
9944.724609 -23.9776 -40.3984 -46.2312 -36.9428 -45.8274 -33.3191 -56.7042 -46.3278 -26.6439 -54.8972 -46.6852 -38.2574 -56.7915 -65.2258 -49.022 -53.7822 -62.933 -33.0106 -59.4123 -67.3499 -10.2019 -35.843
9945.730469 -24.2977 -40.6675 -46.3503 -37.2651 -45.9849 -33.6018 -56.9338 -46.6369 -27.0175 -55.1607 -46.8852 -38.6343 -56.9542 -65.4268 -49.1397 -53.912 -63.075 -33.4248 -59.6686 -67.5268 -10.5234 -36.1435
9946.735352 -24.6178 -40.9336 -46.4692 -37.5873 -46.1443 -33.8848 -57.1629 -46.9451 -27.3802 -55.4231 -47.0849 -39.0109 -57.1169 -65.6255 -49.2592 -54.044 -63.2162 -33.839 -59.9234 -67.7014 -11.4182 -36.4439
9947.740234 -24.9378 -41.1968 -46.5881 -37.9093 -46.3054 -34.1681 -57.3913 -47.2525 -27.7324 -55.6844 -47.2845 -39.3871 -57.2796 -65.8221 -49.3806 -54.1782 -63.3564 -34.253 -60.1769 -67.8736 -12.4572 -36.7443
9948.745117 -25.258 -41.4574 -46.7068 -38.2311 -46.4682 -34.4516 -57.619 -47.559 -28.0746 -55.9445 -47.4839 -39.7629 -57.4424 -66.0165 -49.5037 -54.3144 -63.4957 -34.6668 -60.4288 -68.0435 -13.457 -37.0445
9949.750000 -25.5783 -41.7154 -46.8254 -38.5527 -46.6326 -34.7354 -57.8461 -47.8646 -28.4076 -56.2034 -47.6833 -40.1383 -57.6051 -66.2086 -49.6285 -54.4525 -63.6341 -35.0803 -60.6792 -68.211 -14.3863 -37.3446
9950.754883 -25.8989 -41.9709 -46.9439 -38.8742 -46.7986 -35.0195 -58.0725 -48.1693 -28.7319 -56.4611 -47.8824 -40.5132 -57.7678 -66.3984 -49.7549 -54.5924 -63.7715 -35.4935 -60.928 -68.3762 -15.2366 -37.6445
9951.759766 -26.2198 -42.2241 -47.0622 -39.1953 -46.9659 -35.3038 -58.2981 -48.4731 -29.0485 -56.7177 -48.0815 -40.8876 -57.9304 -66.586 -49.8829 -54.7339 -63.9079 -35.9063 -61.1752 -68.539 -16.0106 -37.9443
9952.764648 -26.541 -42.475 -47.1804 -39.5162 -47.1346 -35.5883 -58.523 -48.7761 -29.3578 -56.973 -48.2804 -41.2613 -58.0929 -66.7713 -50.0124 -54.877 -64.0435 -36.3187 -61.4207 -68.6994 -16.7176 -38.244
9953.769531 -26.8626 -42.7238 -47.2984 -39.8368 -47.3046 -35.8731 -58.7471 -49.0781 -29.6605 -57.227 -48.4793 -41.6345 -58.2553 -66.9543 -50.1434 -55.0215 -64.178 -36.7305 -61.6646 -68.8574 -17.3681 -38.5434
9954.775391 -27.1846 -42.9705 -47.4163 -40.1571 -47.4758 -36.158 -58.9703 -49.3792 -29.9573 -57.4799 -48.678 -42.0071 -58.4175 -67.1349 -50.2758 -55.1675 -64.3116 -37.1419 -61.9067 -69.0131 -17.971 -38.8427
9955.780273 -27.5071 -43.2153 -47.534 -40.477 -47.6481 -36.4432 -59.1928 -49.6794 -30.2487 -57.7314 -48.8766 -42.379 -58.5796 -67.3132 -50.4096 -55.3147 -64.4442 -37.5526 -62.1471 -69.1664 -18.5342 -39.1419
9956.785156 -27.83 -43.4581 -47.6515 -40.7966 -47.8216 -36.7285 -59.4143 -49.9787 -30.535 -57.9817 -49.075 -42.7501 -58.7414 -67.4892 -50.5447 -55.4632 -64.5759 -37.9627 -62.3857 -69.3173 -19.0637 -39.4408
9957.790039 -28.1533 -43.6991 -47.7688 -41.1158 -47.9961 -37.014 -59.635 -50.277 -30.8169 -58.2306 -49.2734 -43.1205 -58.903 -67.6627 -50.6811 -55.6128 -64.7065 -38.3721 -62.6224 -69.4658 -19.5646 -39.7395
9958.794922 -28.477 -43.9383 -47.8859 -41.4345 -48.1717 -37.2997 -59.8547 -50.5743 -31.0946 -58.4782 -49.4717 -43.4902 -59.0644 -67.834 -50.8187 -55.7634 -64.8362 -38.7808 -62.8573 -69.6119 -20.041 -40.038
9959.799805 -28.8012 -44.1759 -48.0028 -41.7528 -48.3483 -37.5855 -60.0735 -50.8707 -31.3686 -58.7245 -49.6698 -43.859 -59.2255 -68.0028 -50.9575 -55.9151 -64.9649 -39.1887 -63.0902 -69.7557 -20.4961 -40.3363
9960.804688 -29.1258 -44.4118 -48.1195 -42.0707 -48.5259 -37.8714 -60.2912 -51.1662 -31.6393 -58.9693 -49.8679 -44.227 -59.3863 -68.1693 -51.0975 -56.0677 -65.0926 -39.5958 -63.3212 -69.897 -20.9328 -40.6343
9961.809570 -29.4508 -44.6461 -48.236 -42.388 -48.7045 -38.1574 -60.508 -51.4606 -31.907 -59.2128 -50.0658 -44.5941 -59.5467 -68.3334 -51.2385 -56.2212 -65.2193 -40.0021 -63.5503 -70.0362 -21.3535 -40.932
9962.814453 -29.7762 -44.879 -48.3523 -42.7049 -48.8841 -38.4434 -60.7237 -51.7541 -32.172 -59.4549 -50.2636 -44.9603 -59.7067 -68.495 -51.3806 -56.3755 -65.3449 -40.4074 -63.7772 -70.1734 -21.7602 -41.2295
9963.820312 -30.102 -45.1104 -48.4683 -43.0212 -49.0646 -38.7296 -60.9383 -52.0466 -32.4345 -59.6955 -50.4613 -45.3256 -59.8664 -68.6543 -51.5238 -56.5306 -65.4696 -40.8118 -64.0022 -70.3098 -22.1546 -41.5267
9964.825195 -30.4281 -45.3403 -48.5841 -43.3369 -49.246 -39.0158 -61.1518 -52.3381 -32.695 -59.9346 -50.6588 -45.6899 -60.0255 -68.8112 -51.6679 -56.6864 -65.5933 -41.2152 -64.225 -70.4479 -22.5382 -41.8235
9965.830078 -30.7545 -45.5689 -48.6997 -43.6521 -49.4283 -39.302 -61.3642 -52.6286 -32.9535 -60.1723 -50.8563 -46.0533 -60.1842 -68.9658 -51.813 -56.8429 -65.716 -41.6176 -64.4457 -70.5873 -22.9122 -42.12
9966.834961 -31.0813 -45.7962 -48.815 -43.9667 -49.6115 -39.5882 -61.5753 -52.9181 -33.2104 -60.4084 -51.0536 -46.4156 -60.3423 -69.1179 -51.959 -56.9999 -65.8376 -42.019 -64.6642 -70.681 -23.2779 -42.4161
9967.839844 -31.4083 -46.0222 -48.9301 -44.2806 -49.7956 -39.8745 -61.7853 -53.2065 -33.4659 -60.643 -51.2507 -46.7769 -60.4998 -69.2676 -52.1058 -57.1575 -65.9582 -42.4192 -64.8806 -70.3941 -23.6362 -42.7119
9968.844727 -31.7356 -46.2469 -49.045 -44.594 -49.9806 -40.1607 -61.994 -53.494 -33.7202 -60.876 -51.4478 -47.1372 -60.6566 -69.4148 -52.2535 -57.3157 -66.0779 -42.8182 -65.0947 -67.9995 -23.988 -43.0073
9969.849609 -32.0631 -46.4705 -49.1595 -44.9067 -50.1665 -40.4469 -62.2014 -53.7803 -33.9733 -61.1074 -51.6447 -47.4964 -60.8127 -69.5592 -52.402 -57.4743 -66.1965 -43.2161 -65.3065 -56.1512 -24.334 -43.3024
9970.855469 -32.3908 -46.6929 -49.2739 -45.2187 -50.3532 -40.733 -62.4075 -54.0656 -34.2256 -61.3372 -51.8414 -47.8545 -60.9679 -69.7002 -52.5513 -57.6333 -66.3141 -43.6128 -65.5161 -24.2879 -24.675 -43.597
9971.860352 -32.7186 -46.9141 -49.388 -45.5301 -50.5407 -41.019 -62.6123 -54.3498 -34.4771 -61.5654 -52.038 -48.2115 -61.1221 -69.8349 -52.7013 -57.7927 -66.4307 -44.0083 -65.7233 -11.6571 -25.0114 -43.8912
9972.865234 -33.0466 -47.1343 -49.5018 -45.8407 -50.729 -41.3048 -62.8157 -54.633 -34.728 -61.7918 -52.2345 -48.5673 -61.2754 -69.9547 -52.8519 -57.9524 -66.5462 -44.4025 -65.9282 -11.4832 -25.3438 -44.185
9973.870117 -33.3747 -47.3534 -49.6154 -46.1507 -50.9182 -41.5906 -63.0176 -54.915 -34.9784 -62.0166 -52.4308 -48.9221 -61.4274 -70.0308 -53.0033 -58.1124 -66.6608 -44.7953 -66.1307 -12.2327 -25.6727 -44.4783
9974.875000 -33.7029 -47.5714 -49.7287 -46.4599 -51.1082 -41.8762 -63.2182 -55.1959 -35.2284 -62.2396 -52.6269 -49.2756 -61.5781 -69.9704 -53.1553 -58.2727 -66.7743 -45.1869 -66.3308 -13.008 -25.9985 -44.7712
9975.879883 -34.0311 -47.7885 -49.8418 -46.7684 -51.2989 -42.1616 -63.4172 -55.4756 -35.478 -62.4609 -52.8228 -49.6279 -61.7272 -69.4943 -53.3079 -58.4331 -66.8868 -45.5771 -66.5285 -13.8151 -26.3215 -45.0636
9976.884766 -34.3593 -48.0046 -49.9546 -47.0761 -51.4904 -42.4468 -63.6148 -55.7542 -35.7274 -62.6804 -53.0185 -49.9791 -61.8745 -67.774 -53.4611 -58.5937 -66.9983 -45.9659 -66.7237 -14.5838 -26.6421 -45.3556
9977.889648 -34.6875 -48.2197 -50.0672 -47.3831 -51.6827 -42.7318 -63.8108 -56.0316 -35.9767 -62.8981 -53.2141 -50.329 -62.0193 -62.4248 -53.6148 -58.7545 -67.1088 -46.3532 -66.9165 -15.2954 -26.9605 -45.647
9978.894531 -35.0157 -48.4339 -50.1795 -47.6893 -51.8757 -43.0166 -64.0052 -56.3079 -36.2258 -63.1139 -53.4095 -50.6777 -62.1613 -49.5119 -53.769 -58.9153 -67.2183 -46.7392 -67.1068 -15.9505 -27.2769 -45.938
9979.900391 -35.3438 -48.6472 -50.2916 -47.9947 -52.0695 -43.3011 -64.1981 -56.5829 -36.4749 -63.3279 -53.6046 -51.0251 -62.2998 -26.8718 -53.9237 -59.0762 -67.3267 -47.1237 -67.2946 -16.5527 -27.5917 -46.2285
9980.905273 -35.6718 -48.8596 -50.4034 -48.2994 -52.264 -43.5853 -64.3893 -56.8566 -36.7239 -63.54 -53.7996 -51.3712 -62.4341 -17.3516 -54.0788 -59.2371 -67.4342 -47.5068 -67.4799 -17.1089 -27.905 -46.5184
9981.910156 -35.9996 -49.0711 -50.5149 -48.6032 -52.4591 -43.8693 -64.5789 -57.1291 -36.973 -63.7501 -53.9943 -51.7161 -62.5636 -18.1459 -54.2343 -59.398 -67.5406 -47.8883 -67.6626 -17.6262 -28.2169 -46.8078
9982.915039 -36.3273 -49.2818 -50.6262 -48.9062 -52.655 -44.1529 -64.7668 -57.4003 -37.2222 -63.9584 -54.1888 -52.0596 -62.6878 -18.5343 -54.3903 -59.5589 -67.6461 -48.2683 -67.8428 -18.1105 -28.5277 -47.0967
9983.919922 -36.6549 -49.4917 -50.7373 -49.2083 -52.8515 -44.4363 -64.953 -57.6702 -37.4714 -64.1647 -54.383 -52.4018 -62.8064 -18.8239 -54.5466 -59.7196 -67.7505 -48.6468 -68.0205 -18.5668 -28.8374 -47.385
9984.924805 -36.9822 -49.7008 -50.8481 -49.5097 -53.0486 -44.7192 -65.1374 -57.9387 -37.7207 -64.369 -54.577 -52.7427 -62.9192 -19.1219 -54.7032 -59.8802 -67.854 -49.0238 -68.1955 -18.9991 -29.1462 -47.6727
9985.929688 -37.3093 -49.909 -50.9586 -49.8101 -53.2464 -45.0019 -65.3201 -58.2059 -37.9702 -64.5713 -54.7707 -53.0822 -63.0262 -19.4841 -54.8601 -60.0407 -67.9564 -49.3991 -68.368 -19.4109 -29.4541 -47.9599
9986.934570 -37.6361 -50.1166 -51.0689 -50.1098 -53.4448 -45.2842 -65.501 -58.4716 -38.2199 -64.7715 -54.9642 -53.4203 -63.1274 -19.9093 -55.0173 -60.2009 -68.0578 -49.7729 -68.538 -19.8049 -29.7613 -48.2466
9987.939453 -37.9627 -50.3233 -51.1789 -50.4085 -53.6438 -45.5661 -65.6801 -58.7359 -38.4696 -64.9697 -55.1574 -53.7569 -63.2233 -20.353 -55.1747 -60.3609 -68.1582 -50.1451 -68.7053 -20.1835 -30.0679 -48.5326
9988.945312 -38.2889 -50.5294 -51.2887 -50.7064 -53.8433 -45.8476 -65.8574 -58.9988 -38.7196 -65.1659 -55.3502 -54.0922 -63.314 -20.7939 -55.3323 -60.5207 -68.2574 -50.5157 -68.8702 -20.5488 -30.3739 -48.8181
9989.950195 -38.6149 -50.7347 -51.3983 -51.0035 -54.0434 -46.1286 -66.0328 -59.2602 -38.9697 -65.3599 -55.5428 -54.426 -63.4001 -21.2232 -55.4901 -60.6801 -68.3554 -50.8847 -69.0328 -20.9025 -30.6793 -49.103
9990.955078 -38.9405 -50.9393 -51.5076 -51.2996 -54.2441 -46.4093 -66.2064 -59.5201 -39.22 -65.5519 -55.7351 -54.7583 -63.4821 -21.6388 -55.6481 -60.8393 -68.4515 -51.252 -69.1939 -21.2462 -30.9843 -49.3873
9991.959961 -39.2657 -51.1432 -51.6166 -51.5948 -54.4452 -46.6895 -66.3781 -59.7784 -39.4705 -65.7417 -55.927 -55.089 -63.5603 -22.0405 -55.8062 -60.998 -68.5444 -51.6177 -69.3522 -21.5811 -31.2889 -49.671
9992.964844 -39.5905 -51.3464 -51.7254 -51.8891 -54.6468 -46.9693 -66.5478 -60.0351 -39.7212 -65.9294 -56.1186 -55.4183 -63.6353 -22.4283 -55.9643 -61.1564 -68.6293 -51.9817 -69.5047 -21.9083 -31.5931 -49.9541
9993.969727 -39.9149 -51.549 -51.834 -52.1826 -54.8489 -47.2486 -66.7156 -60.2902 -39.972 -66.1149 -56.3098 -55.7459 -63.7077 -22.8025 -56.1226 -61.3143 -68.6887 -52.3439 -69.6495 -22.2288 -31.8969 -50.2365
9994.974609 -40.2389 -51.7509 -51.9423 -52.475 -55.0514 -47.5274 -66.8815 -60.5436 -40.223 -66.2982 -56.5006 -56.0719 -63.7777 -23.1639 -56.2809 -61.4717 -68.6572 -52.7045 -69.7864 -22.5436 -32.2004 -50.5184
9995.980469 -40.5624 -51.9521 -52.0503 -52.7666 -55.2544 -47.8058 -67.0455 -60.7953 -40.4742 -66.4794 -56.6911 -56.3963 -63.846 -23.5136 -56.4392 -61.6284 -68.2805 -53.0634 -69.9158 -22.8534 -32.5037 -50.7996
9996.985352 -40.8855 -52.1527 -52.1581 -53.0572 -55.4577 -48.0836 -67.2074 -61.0454 -40.7255 -66.6583 -56.8812 -56.719 -63.9128 -23.853 -56.5975 -61.7844 -66.6397 -53.4205 -70.0384 -23.1587 -32.8066 -51.0802
9997.990234 -41.208 -52.3527 -52.2657 -53.3468 -55.6613 -48.361 -67.3673 -61.2936 -40.9769 -66.8351 -57.0708 -57.04 -63.9785 -24.1834 -56.7557 -61.9394 -61.3019 -53.7758 -70.1547 -23.4603 -33.1093 -51.3601
9998.995117 -41.53 -52.5521 -52.373 -53.6355 -55.8653 -48.6378 -67.5253 -61.5401 -41.2285 -67.0096 -57.26 -57.3593 -64.0435 -24.5062 -56.9139 -62.0929 -49.393 -54.1293 -70.2658 -23.7587 -33.4118 -51.6394
10000.000000 -41.8514 -52.7508 -52.48 -53.9231 -56.0697 -48.9142 -67.6811 -61.7847 -41.4802 -67.1819 -57.4488 -57.6767 -64.108 -24.8224 -57.072 -62.2443 -29.4548 -54.4811 -70.3726 -24.0542 -33.714 -51.9181
10001.004883 -42.1723 -52.949 -52.5868 -54.2098 -56.2743 -49.19 -67.8349 -62.0274 -41.732 -67.352 -57.6371 -57.9923 -64.1723 -25.133 -57.2299 -62.3927 -20.1842 -54.8309 -70.4749 -24.3474 -34.016 -52.1961
10002.009766 -42.4925 -53.1465 -52.6934 -54.4955 -56.4791 -49.4652 -67.9865 -62.2683 -41.9839 -67.5198 -57.8249 -58.306 -64.2365 -25.4388 -57.3877 -62.5362 -20.0609 -55.1789 -70.5725 -24.6385 -34.3178 -52.4734
10003.014648 -42.8122 -53.3435 -52.7997 -54.7801 -56.6842 -49.7399 -68.136 -62.5072 -42.2358 -67.6853 -58.0122 -58.6178 -64.301 -25.7405 -57.5453 -62.6722 -19.9514 -55.5251 -70.6658 -24.9279 -34.6194 -52.75
10004.019531 -43.1312 -53.5398 -52.9057 -55.0637 -56.8894 -50.014 -68.2831 -62.7441 -42.4879 -67.8487 -58.199 -58.9277 -64.3658 -26.0388 -57.7027 -62.7957 -19.9923 -55.8693 -70.7537 -25.2158 -34.9207 -53.0259
10005.025391 -43.4495 -53.7356 -53.0116 -55.3462 -57.0948 -50.2876 -68.4277 -62.979 -42.74 -68.0097 -58.3853 -59.2355 -64.431 -26.3341 -57.8599 -62.8986 -20.3852 -56.2115 -70.8328 -25.5026 -35.2219 -53.3012
10006.030273 -43.7672 -53.9308 -53.1171 -55.6276 -57.3004 -50.5606 -68.5693 -63.2119 -42.9922 -68.1685 -58.571 -59.5413 -64.4967 -26.6272 -58.0168 -62.9685 -20.886 -56.5517 -70.8948 -25.7884 -35.5228 -53.5757
10007.035156 -44.0841 -54.1255 -53.2224 -55.9079 -57.5061 -50.833 -68.7066 -63.4426 -43.2444 -68.325 -58.7561 -59.8449 -64.5631 -26.9183 -58.1734 -62.9879 -21.3782 -56.89 -70.9131 -26.0733 -35.8235 -53.8496
10008.040039 -44.4004 -54.3195 -53.3275 -56.187 -57.7118 -51.1049 -68.836 -63.6713 -43.4966 -68.4793 -58.9407 -60.1464 -64.6301 -27.2079 -58.3297 -62.9348 -21.8343 -57.2261 -70.7942 -26.3577 -36.124 -54.1226
10009.044922 -44.7159 -54.513 -53.4322 -56.4651 -57.9176 -51.3761 -68.9457 -63.8978 -43.7488 -68.6313 -59.1246 -60.4457 -64.6977 -27.4963 -58.4856 -62.7778 -22.2765 -57.5602 -70.1729 -26.6416 -36.4243 -54.395
10010.049805 -45.0307 -54.706 -53.5368 -56.7419 -58.1233 -51.6468 -68.9976 -64.1221 -44.0011 -68.7811 -59.3079 -60.7427 -64.7661 -27.7839 -58.6412 -62.4628 -22.7163 -57.8921 -67.5405 -26.9252 -36.7244 -54.6666
10011.054688 -45.3447 -54.8983 -53.6411 -57.0175 -58.3291 -51.9168 -68.8695 -64.3442 -44.2533 -68.9286 -59.4905 -61.0374 -64.8351 -28.071 -58.7964 -61.9122 -23.1591 -58.2218 -57.1882 -27.2085 -37.0242 -54.9374
10012.059570 -45.6579 -55.0901 -53.7451 -57.2919 -58.5347 -52.1862 -68.2168 -64.564 -44.5055 -69.0738 -59.6725 -61.3298 -64.9047 -28.3576 -58.9511 -61.0529 -23.6062 -58.5494 -22.5545 -27.4918 -37.3238 -55.2074
10013.064453 -45.9704 -55.2814 -53.8489 -57.5651 -58.7403 -52.4549 -66.1934 -64.7816 -44.7576 -69.2168 -59.8538 -61.6197 -64.9749 -28.6441 -59.1054 -59.8966 -24.056 -58.8746 -9.17148 -27.7749 -37.6231 -55.4766
10014.070312 -46.282 -55.4721 -53.9524 -57.837 -58.9458 -52.7231 -61.5485 -64.9969 -45.0098 -69.3576 -60.0343 -61.9072 -65.0456 -28.9306 -59.2592 -58.6072 -24.5054 -59.1976 -10.2228 -28.0582 -37.9222 -55.745
10015.075195 -46.5929 -55.6622 -54.0556 -58.1075 -59.1511 -52.9905 -52.8291 -65.2098 -45.2618 -69.4962 -60.2141 -62.1921 -65.1168 -29.2172 -59.4126 -57.344 -24.951 -59.5182 -11.1061 -28.3415 -38.2211 -56.0125
10016.080078 -46.9029 -55.8517 -54.1586 -58.3767 -59.3561 -53.2574 -37.9188 -65.4203 -45.5138 -69.6325 -60.3932 -62.4745 -65.1883 -29.504 -59.5654 -56.1673 -25.3911 -59.8364 -11.9584 -28.625 -38.5197 -56.2791
10017.084961 -47.212 -56.0407 -54.2613 -58.6446 -59.561 -53.5235 -25.0485 -65.6285 -45.7657 -69.7666 -60.5715 -62.7542 -65.2602 -29.7911 -59.7176 -55.073 -25.8259 -60.1521 -12.8292 -28.9088 -38.818 -56.5449
10018.089844 -47.5204 -56.2291 -54.3638 -58.911 -59.7655 -53.7889 -20.0719 -65.8342 -46.0175 -69.8985 -60.7489 -63.0313 -65.3322 -30.0785 -59.8693 -54.0431 -26.2562 -60.4653 -13.6994 -29.1928 -39.1161 -56.8098
10019.094727 -47.8278 -56.4169 -54.466 -59.176 -59.9698 -54.0537 -19.0739 -66.0375 -46.2692 -70.0282 -60.9256 -63.3057 -65.4042 -30.3663 -60.0204 -53.0701 -26.6835 -60.776 -14.577 -29.4771 -39.4138 -57.0737
10020.099609 -48.1344 -56.6042 -54.5679 -59.4395 -60.1737 -54.3177 -19.1664 -66.2383 -46.5207 -70.1553 -61.1014 -63.5772 -65.4758 -30.6545 -60.1708 -52.1553 -27.1087 -61.0841 -15.4608 -29.7618 -39.7113 -57.3366
10021.105469 -48.4401 -56.7908 -54.6696 -59.7015 -60.3772 -54.5811 -19.5711 -66.4367 -46.7722 -70.2788 -61.2763 -63.846 -65.5465 -30.9432 -60.3206 -51.3075 -27.5325 -61.3895 -16.284 -30.0468 -40.0085 -57.5986
10022.110352 -48.7449 -56.9769 -54.7709 -59.962 -60.5802 -54.8436 -20.1153 -66.6325 -47.0235 -70.3931 -61.4503 -64.1119 -65.6152 -31.2323 -60.4697 -50.5392 -27.9547 -61.6922 -17.012 -30.3322 -40.3053 -57.8595
10023.115234 -49.0488 -57.1624 -54.8721 -60.2209 -60.7829 -55.1054 -20.6912 -66.8258 -47.2746 -70.474 -61.6234 -64.3749 -65.6797 -31.5219 -60.6181 -49.8636 -28.3752 -61.9922 -17.6557 -30.6181 -40.6019 -58.1194
10024.120117 -49.3518 -57.3473 -54.9729 -60.4782 -60.985 -55.3665 -21.2661 -67.0166 -47.5256 -70.4183 -61.7956 -64.6349 -65.7356 -31.8119 -60.7658 -49.2909 -28.7934 -62.2893 -18.2366 -30.9044 -40.898 -58.3783
10025.125000 -49.6539 -57.5316 -55.0735 -60.7338 -61.1865 -55.6267 -21.8246 -67.2048 -47.7764 -69.8141 -61.9668 -64.8919 -65.7742 -32.1023 -60.9128 -48.8263 -29.2089 -62.5836 -18.7718 -31.1911 -41.1939 -58.636
10026.129883 -49.9551 -57.7152 -55.1737 -60.9877 -61.3875 -55.8862 -22.3612 -67.3904 -48.027 -67.3161 -62.137 -65.1459 -65.7788 -32.3932 -61.059 -48.4682 -29.6214 -62.875 -19.2727 -31.4783 -41.4893 -58.8926
10027.134766 -50.2553 -57.8983 -55.2737 -61.2399 -61.5878 -56.1448 -22.8734 -67.5735 -48.2774 -59.4357 -62.3062 -65.3967 -65.7185 -32.6845 -61.2044 -48.2089 -30.0305 -63.1634 -19.7467 -31.7659 -41.7844 -59.148
10028.139648 -50.5546 -58.0807 -55.3734 -61.4903 -61.7875 -56.4026 -23.3611 -67.7539 -48.5276 -37.7991 -62.4744 -65.6445 -65.5361 -32.9762 -61.3489 -48.0364 -30.436 -63.4488 -20.1987 -32.054 -42.079 -59.4022
10029.144531 -50.853 -58.2624 -55.4729 -61.7389 -61.9864 -56.6595 -23.8266 -67.9317 -48.7776 -16.9909 -62.6415 -65.8891 -65.1161 -33.2683 -61.4927 -47.9377 -30.8377 -63.7311 -20.6322 -32.3425 -42.3733 -59.6551
10030.150391 -51.1504 -58.4436 -55.572 -61.9857 -62.1847 -56.9155 -24.272 -68.107 -49.0274 -15.0285 -62.8076 -66.1305 -64.2628 -33.5608 -61.6356 -47.8994 -31.2355 -64.0103 -21.0498 -32.6315 -42.6671 -59.9068
10031.155273 -51.4468 -58.624 -55.6709 -62.2306 -62.3821 -57.1706 -24.6996 -68.2796 -49.2769 -14.9158 -62.9725 -66.3686 -62.7277 -33.8536 -61.7776 -47.9098 -31.6293 -64.2864 -21.4535 -32.9209 -42.9604 -60.1572
10032.160156 -51.7423 -58.8038 -55.7694 -62.4735 -62.5787 -57.4247 -25.1119 -68.4496 -49.5262 -15.2065 -63.1364 -66.6035 -59.9058 -34.1468 -61.9187 -47.9587 -32.0189 -64.5592 -21.8452 -33.2107 -43.2534 -60.4062
10033.165039 -52.0367 -58.983 -55.8677 -62.7145 -62.7744 -57.6779 -25.5113 -68.617 -49.7753 -15.8381 -63.2991 -66.8352 -54.1586 -34.4403 -62.0589 -48.0377 -32.4043 -64.8288 -22.2262 -33.5009 -43.5458 -60.6538
10034.169922 -52.3302 -59.1614 -55.9657 -62.9535 -62.9692 -57.9301 -25.9003 -68.7817 -50.0241 -16.5671 -63.4606 -67.0635 -43.3845 -34.7341 -62.1982 -48.14 -32.7854 -65.0951 -22.598 -33.7916 -43.8378 -60.9
10035.174805 -52.6227 -59.3391 -56.0634 -63.1904 -63.1631 -58.1813 -26.2814 -68.9438 -50.2727 -17.2994 -63.621 -67.2884 -31.8671 -35.0282 -62.3364 -48.2603 -33.1623 -65.358 -22.9614 -34.0826 -44.1293 -61.1448
10036.179688 -52.9142 -59.5161 -56.1607 -63.4253 -63.3559 -58.4314 -26.6562 -69.1033 -50.5209 -17.9945 -63.7801 -67.51 -28.7168 -35.3225 -62.4737 -48.3944 -33.5351 -65.6176 -23.3177 -34.374 -44.4203 -61.388
10037.184570 -53.2047 -59.6924 -56.2578 -63.658 -63.5478 -58.6804 -27.0263 -69.2602 -50.7689 -18.6389 -63.938 -67.7283 -29.5229 -35.6171 -62.6099 -48.5387 -33.904 -65.8737 -23.6676 -34.6656 -44.7109 -61.6297
10038.189453 -53.4941 -59.868 -56.3546 -63.8886 -63.7385 -58.9284 -27.3927 -69.4144 -51.0166 -19.2332 -64.0947 -67.9431 -30.4507 -35.9119 -62.7446 -48.6908 -34.2689 -66.1264 -24.0118 -34.9576 -45.0008 -61.8698
10039.195312 -53.7825 -60.0428 -56.451 -64.117 -63.9282 -59.1752 -27.756 -69.5661 -51.264 -19.7854 -64.2501 -68.1545 -31.2583 -36.2068 -62.877 -48.8487 -34.6303 -66.3756 -24.351 -35.2499 -45.2903 -62.1083
10040.200195 -54.0698 -60.2169 -56.5472 -64.3432 -64.1167 -59.4208 -28.1168 -69.7151 -51.5111 -20.3044 -64.4042 -68.3625 -31.8994 -36.502 -63.0053 -49.0106 -34.9881 -66.6213 -24.6859 -35.5424 -45.5792 -62.3451
10041.205078 -54.356 -60.3901 -56.643 -64.5671 -64.304 -59.6653 -28.4752 -69.8616 -51.7579 -20.7966 -64.5571 -68.5671 -32.4418 -36.7973 -63.1255 -49.1754 -35.3427 -66.8634 -25.0169 -35.8352 -45.8676 -62.5802
10042.209961 -54.6412 -60.5626 -56.7385 -64.7887 -64.4901 -59.9085 -28.8315 -70.0055 -52.0044 -21.266 -64.7085 -68.7683 -32.9951 -37.0927 -63.2295 -49.3421 -35.6942 -67.1019 -25.3445 -36.1281 -46.1554 -62.8135
10043.214844 -54.9253 -60.7343 -56.8337 -65.008 -64.6749 -60.1505 -29.1858 -70.1468 -52.2505 -21.7151 -64.8586 -68.966 -33.5966 -37.3882 -63.3019 -49.5101 -36.0428 -67.3368 -25.6691 -36.4212 -46.4427 -63.0451
10044.219727 -55.2082 -60.9052 -56.9285 -65.2249 -64.8583 -60.3911 -29.538 -70.2856 -52.4963 -22.1459 -65.0072 -69.1604 -34.2104 -37.6837 -63.3156 -49.6788 -36.3887 -67.5682 -25.9911 -36.7144 -46.7294 -63.2748
10045.224609 -55.49 -61.0752 -57.0231 -65.4394 -65.0404 -60.6304 -29.8882 -70.4218 -52.7418 -22.5604 -65.1543 -69.3512 -34.8031 -37.9793 -63.2308 -49.8477 -36.732 -67.7958 -26.3107 -37.0077 -47.0155 -63.5027
10046.230469 -55.7707 -61.2444 -57.1173 -65.6515 -65.2208 -60.8684 -30.2364 -70.5554 -52.9868 -22.9606 -65.2995 -69.5387 -35.3709 -38.275 -63.0023 -50.0167 -37.073 -68.0198 -26.6283 -37.301 -47.301 -63.7286
10047.235352 -56.0502 -61.4127 -57.2111 -65.8612 -65.3996 -61.1049 -30.5827 -70.6863 -53.2316 -23.3483 -65.4426 -69.7227 -35.9204 -38.5706 -62.5966 -50.1854 -37.4118 -68.2402 -26.9441 -37.5945 -47.5859 -63.9526
10048.240234 -56.3284 -61.5802 -57.3047 -66.0684 -65.5763 -61.3401 -30.927 -70.8143 -53.4759 -23.7251 -65.5832 -69.9033 -36.4494 -38.8662 -62.0053 -50.3538 -37.7484 -68.4568 -27.2584 -37.8879 -47.8702 -64.1746
10049.245117 -56.6055 -61.7467 -57.3978 -66.273 -65.7504 -61.5737 -31.2695 -70.9382 -53.7198 -24.0925 -65.7207 -70.0806 -36.9547 -39.1618 -61.2472 -50.5217 -38.0832 -68.6697 -27.5712 -38.1813 -48.1539 -64.3946
10050.250000 -56.8813 -61.9124 -57.4907 -66.4752 -65.9208 -61.8058 -31.6101 -71.0547 -53.9634 -24.4515 -65.8543 -70.2544 -37.4382 -39.4573 -60.3607 -50.6891 -38.416 -68.879 -27.8829 -38.4747 -48.437 -64.6125
10051.254883 -57.1559 -62.0771 -57.5832 -66.6748 -66.0853 -62.0364 -31.9489 -71.1511 -54.2065 -24.8033 -65.9826 -70.4249 -37.9042 -39.7528 -59.3923 -50.8558 -38.7471 -69.0845 -28.1935 -38.768 -48.7195 -64.8284
10052.259766 -57.4292 -62.2409 -57.6753 -66.8718 -66.2393 -62.2654 -32.2859 -71.1822 -54.4492 -25.1489 -66.104 -70.592 -38.3573 -40.0481 -58.3852 -51.022 -39.0766 -69.2864 -28.5032 -39.0613 -49.0013 -65.0421
10053.264648 -57.7011 -62.4038 -57.7671 -67.0662 -66.3729 -62.4928 -32.6213 -70.9782 -54.6914 -25.4891 -66.2157 -70.7558 -38.8023 -40.3433 -57.3776 -51.1876 -39.4044 -69.4845 -28.8121 -39.3544 -49.2825 -65.2536
10054.269531 -57.9717 -62.5656 -57.8586 -67.2581 -66.4649 -62.7185 -32.955 -69.8786 -54.9332 -25.8247 -66.3142 -70.9164 -39.2418 -40.6384 -56.401 -51.3526 -39.7307 -69.679 -29.1203 -39.6474 -49.5631 -65.4629
10055.275391 -58.2409 -62.7265 -57.9497 -67.4473 -66.4701 -62.9425 -33.2871 -65.1813 -55.1745 -26.1565 -66.3945 -71.0736 -39.6768 -40.9332 -55.4766 -51.517 -40.0556 -69.8698 -29.428 -39.9402 -49.843 -65.67
10056.280273 -58.5088 -62.8864 -58.0404 -67.6338 -66.3021 -63.1648 -33.6177 -45.6674 -55.4153 -26.485 -66.4497 -71.2276 -40.107 -41.2278 -54.617 -51.6809 -40.379 -70.0568 -29.7351 -40.2329 -50.1223 -65.8748
10057.285156 -58.7752 -63.0452 -58.1308 -67.8177 -65.8233 -63.3853 -33.9467 -12.5976 -55.6556 -26.8108 -66.4711 -71.3783 -40.5321 -41.5222 -53.8312 -51.8442 -40.701 -70.2403 -30.0417 -40.5253 -50.4009 -66.0773
10058.290039 -59.0401 -63.2031 -58.2207 -67.999 -64.8705 -63.604 -34.2744 -11.2743 -55.8954 -27.1345 -66.4493 -71.5259 -40.9517 -41.8164 -53.1285 -52.007 -41.0217 -70.4201 -30.348 -40.8175 -50.6789 -66.2775
10059.294922 -59.3035 -63.3599 -58.3104 -68.1776 -63.3254 -63.8209 -34.6006 -11.7705 -56.1347 -27.4564 -66.3771 -71.6703 -41.3658 -42.1102 -52.5164 -52.1693 -41.3411 -70.5962 -30.6539 -41.1094 -50.9562 -66.4753
10060.299805 -59.5654 -63.5156 -58.3996 -68.3535 -61.164 -64.036 -34.9254 -12.4996 -56.3734 -27.7768 -66.251 -71.8116 -41.774 -42.4038 -51.9982 -52.3311 -41.6592 -70.7688 -30.9595 -41.4011 -51.2328 -66.6708
10061.304688 -59.8258 -63.6702 -58.4885 -68.5267 -58.4576 -64.2491 -35.2487 -13.1938 -56.6115 -28.096 -66.0727 -71.9498 -42.1762 -42.697 -51.5723 -52.4924 -41.9761 -70.9378 -31.2649 -41.6924 -51.5088 -66.8638
10062.310547 -60.0845 -63.8238 -58.5769 -68.6972 -55.3785 -64.4603 -35.5707 -13.8567 -56.849 -28.4144 -65.8476 -72.085 -42.5719 -42.99 -51.2322 -52.6533 -42.2917 -71.1032 -31.5701 -41.9834 -51.7841 -67.0545
10063.314453 -60.3416 -63.9763 -58.665 -68.865 -52.0907 -64.6695 -35.8911 -14.4882 -57.0859 -28.732 -65.5842 -72.2171 -42.9611 -43.2825 -50.9685 -52.8138 -42.6061 -71.2651 -31.875 -42.274 -52.0587 -67.2426
10064.320312 -60.5971 -64.1276 -58.7527 -69.0302 -49.1964 -64.8767 -36.21 -15.0842 -57.3221 -29.049 -65.2924 -72.3463 -43.3433 -43.5747 -50.7696 -52.9738 -42.9192 -71.4235 -32.1798 -42.5643 -52.3326 -67.4283
10065.325195 -60.8508 -64.2778 -58.84 -69.1926 -47.134 -65.0818 -36.5273 -15.6443 -57.5577 -29.3656 -64.9814 -72.4725 -43.7185 -43.8665 -50.6234 -53.1334 -43.2312 -71.5785 -32.4845 -42.8542 -52.6058 -67.6116
10066.330078 -61.1028 -64.4268 -58.9269 -69.3524 -45.9102 -65.285 -36.8427 -16.1716 -57.7926 -29.6819 -64.6588 -72.5958 -44.0866 -44.1578 -50.5182 -53.2926 -43.5419 -71.73 -32.7889 -43.1436 -52.8782 -67.7923
10067.334961 -61.353 -64.5747 -59.0134 -69.5094 -45.2735 -65.486 -37.1561 -16.6699 -58.0268 -29.9979 -64.3301 -72.7163 -44.4474 -44.4488 -50.4438 -53.4514 -43.8515 -71.8781 -33.0933 -43.4327 -53.15 -67.9705
10068.339844 -61.6015 -64.7214 -59.0995 -69.6638 -44.8676 -65.6849 -37.4674 -17.143 -58.2602 -30.3137 -63.9983 -72.8339 -44.8008 -44.7393 -50.3917 -53.6097 -44.1598 -72.0229 -33.3976 -43.7213 -53.4211 -68.1462
10069.344727 -61.848 -64.8669 -59.1851 -69.8156 -44.5149 -65.8816 -37.7762 -17.5945 -58.4929 -30.6294 -63.6648 -72.9488 -45.147 -45.0293 -50.3551 -53.7676 -44.467 -72.1643 -33.7017 -44.0094 -53.6914 -68.3193
10070.349609 -62.0927 -65.0112 -59.2703 -69.9646 -44.1981 -66.0762 -38.0822 -18.0272 -58.7247 -30.945 -63.3298 -73.0609 -45.4859 -45.3188 -50.3292 -53.9251 -44.7731 -72.3025 -34.0057 -44.2971 -53.9609 -68.4899
10071.355469 -62.3355 -65.1543 -59.355 -70.111 -43.9609 -66.2686 -38.3853 -18.4437 -58.9558 -31.2605 -62.9924 -73.1704 -45.8174 -45.6079 -50.3096 -54.0822 -45.0779 -72.4375 -34.3096 -44.5843 -54.2297 -68.6579
10072.360352 -62.5763 -65.2962 -59.439 -70.2548 -43.838 -66.4588 -38.685 -18.8462 -59.186 -31.576 -62.651 -73.2771 -46.1417 -45.8964 -50.2924 -54.2389 -45.3815 -72.5692 -34.6134 -44.871 -54.4978 -68.8233
10073.365234 -62.8151 -65.4368 -59.5225 -70.396 -43.8246 -66.6467 -38.9811 -19.2365 -59.4153 -31.8915 -62.3032 -73.3811 -46.4587 -46.1844 -50.2731 -54.3951 -45.684 -72.6978 -34.9171 -45.1571 -54.765 -68.9859
10074.370117 -63.0518 -65.5762 -59.6052 -70.5345 -43.8935 -66.8323 -39.2734 -19.6163 -59.6437 -32.207 -61.9447 -73.4814 -46.7685 -46.4719 -50.2461 -54.5509 -45.9853 -72.8233 -35.2206 -45.4428 -55.0315 -69.1453
10075.375000 -63.2865 -65.7143 -59.687 -70.6705 -44.014 -67.0157 -39.5617 -19.9867 -59.8712 -32.5224 -61.5696 -73.5742 -47.0708 -46.7588 -50.206 -54.7062 -46.2854 -72.9458 -35.5241 -45.7279 -55.2971 -69.3003
10076.379883 -63.5191 -65.8512 -59.7679 -70.8038 -44.1607 -67.1968 -39.8458 -20.3491 -60.0977 -32.838 -61.1696 -73.6378 -47.3648 -47.0452 -50.1486 -54.8611 -46.5844 -73.0652 -35.8274 -46.0124 -55.5619 -69.4496
10077.384766 -63.7495 -65.9867 -59.8477 -70.9347 -44.314 -67.3755 -40.1259 -20.7044 -60.3232 -33.1535 -60.7294 -73.55 -47.6486 -47.331 -50.0723 -55.0155 -46.8821 -73.1817 -36.1305 -46.2964 -55.8259 -69.5914
10078.389648 -63.9778 -66.121 -59.9262 -71.063 -44.4599 -67.552 -40.4018 -21.0534 -60.5477 -33.4691 -60.2141 -72.5856 -47.9171 -47.6162 -49.9779 -55.1693 -47.1787 -73.2953 -36.4336 -46.5798 -56.089 -69.7242
10079.394531 -64.2039 -66.254 -60.0033 -71.1887 -44.5892 -67.7261 -40.6737 -21.397 -60.7711 -33.7847 -59.5399 -66.0656 -48.1614 -47.9008 -49.869 -55.3226 -47.4741 -73.406 -36.7365 -46.8626 -56.3512 -69.8469
10080.400391 -64.4277 -66.3856 -60.0789 -71.312 -44.6972 -67.8978 -40.9417 -21.7358 -60.9934 -34.1004 -58.5228 -22.3036 -48.3694 -48.1848 -49.751 -55.4752 -47.7684 -73.5139 -37.0392 -47.1448 -56.6126 -69.9579
10081.405273 -64.6492 -66.516 -60.1527 -71.4329 -44.7832 -68.0671 -41.2058 -22.0703 -61.2146 -34.4161 -56.8815 -3.44317 -48.5302 -48.4681 -49.63 -55.627 -48.0614 -73.6191 -37.3418 -47.4264 -56.873 -70.0541
10082.410156 -64.8684 -66.645 -60.2247 -71.5513 -44.8506 -68.2341 -41.4664 -22.4012 -61.4346 -34.7318 -54.2064 -4.75911 -48.6389 -48.7509 -49.5121 -55.7779 -48.3532 -73.7215 -37.6441 -47.7074 -57.1324 -70.1264
10083.415039 -65.0853 -66.7727 -60.2948 -71.6672 -44.9045 -68.3987 -41.7234 -22.7288 -61.6534 -35.0476 -49.5814 -6.51488 -48.6989 -49.033 -49.4024 -55.9276 -48.6439 -73.8213 -37.9463 -47.9878 -57.3909 -70.1566
10084.419922 -65.2998 -66.899 -60.3628 -71.7808 -44.9507 -68.5609 -41.9772 -23.0537 -61.871 -35.3633 -40.6367 -8.04747 -48.7199 -49.3144 -49.3048 -56.076 -48.9333 -73.9185 -38.2483 -48.2676 -57.6484 -70.1131
10085.424805 -65.5119 -67.024 -60.4286 -71.892 -44.9955 -68.7207 -42.228 -23.376 -62.0873 -35.6791 -27.313 -9.39644 -48.7137 -49.5952 -49.2221 -56.2224 -49.2216 -74.0131 -38.5501 -48.5467 -57.9049 -69.9453
10086.429688 -65.7216 -67.1477 -60.4922 -72.0009 -45.0438 -68.8781 -42.4758 -23.6962 -62.3023 -35.9949 -23.7448 -10.5781 -48.6908 -49.8753 -49.1559 -56.3664 -49.5087 -74.1052 -38.8517 -48.8252 -58.1603 -69.5781
10087.435547 -65.9289 -67.27 -60.5535 -72.1075 -45.096 -69.0331 -42.721 -24.0146 -62.5159 -36.3106 -24.7502 -11.6145 -48.6599 -50.1547 -49.1068 -56.5072 -49.7945 -74.1948 -39.1531 -49.103 -58.4147 -68.9134
10088.439453 -66.1336 -67.3909 -60.6124 -72.2118 -45.1477 -69.1858 -42.9637 -24.3313 -62.7282 -36.6262 -26.1249 -12.5282 -48.6271 -50.4334 -49.0745 -56.6441 -50.0792 -74.2819 -39.4542 -49.3802 -58.668 -67.7693
10089.445312 -66.3359 -67.5105 -60.6689 -72.3139 -45.1926 -69.3359 -43.204 -24.6466 -62.9391 -36.9418 -27.3463 -13.3416 -48.5966 -50.7114 -49.0583 -56.7764 -50.3626 -74.3657 -39.7551 -49.6567 -58.9201 -65.3947
10090.450195 -66.5357 -67.6287 -60.7231 -72.4138 -45.225 -69.4837 -43.4422 -24.9608 -63.1486 -37.2573 -28.3899 -14.0751 -48.5715 -50.9887 -49.0572 -56.9037 -50.6447 -74.4425 -40.0557 -49.9325 -59.1711 -57.9763
10091.455078 -66.7329 -67.7454 -60.7748 -72.5115 -45.2401 -69.629 -43.6785 -25.2739 -63.3565 -37.5727 -29.3032 -14.745 -48.5536 -51.2653 -49.0698 -57.0256 -50.9256 -74.4912 -40.3561 -50.2077 -59.4208 -31.6556
10092.459961 -66.9275 -67.8607 -60.8242 -72.607 -45.2348 -69.7716 -43.9129 -25.5862 -63.563 -37.8879 -30.1193 -15.364 -48.5442 -51.5412 -49.0948 -57.1424 -51.2052 -74.3912 -40.6561 -50.4822 -59.6694 -14.4391
10093.464844 -67.1196 -67.9744 -60.8712 -72.7004 -45.2072 -69.9112 -44.1456 -25.8977 -63.7679 -38.2029 -30.8574 -15.9418 -48.5438 -51.8163 -49.1309 -57.254 -51.4834 -73.4363 -40.9558 -50.756 -59.9167 -13.5551
10094.469727 -67.3091 -68.0862 -60.9159 -72.7917 -45.1577 -70.0467 -44.3768 -26.2086 -63.9713 -38.5177 -31.5298 -16.4856 -48.5527 -52.0907 -49.1768 -57.3611 -51.7601 -66.7137 -41.2553 -51.0292 -60.1627 -12.912
10095.474609 -67.4959 -68.1953 -60.9582 -72.881 -45.0882 -70.1746 -44.6066 -26.519 -64.173 -38.8323 -32.1456 -17.001 -48.5711 -52.3643 -49.2312 -57.464 -52.0352 -23.8472 -41.5543 -51.3016 -60.4074 -12.9185
10096.480469 -67.6802 -68.3 -60.9984 -72.9683 -45.0019 -70.2852 -44.835 -26.8289 -64.3731 -39.1466 -32.7123 -17.4924 -48.5986 -52.6371 -49.2932 -57.5633 -52.3085 2.04446 -41.853 -51.5733 -60.6508 -13.5446
10097.485352 -67.8618 -68.3961 -61.0364 -73.0535 -44.9021 -70.3478 -45.0622 -27.1386 -64.5716 -39.4606 -33.2362 -17.9634 -48.6351 -52.9091 -49.3616 -57.6595 -52.5798 -0.606975 -42.1513 -51.8444 -60.8927 -14.3808
10098.490234 -68.0407 -68.4742 -61.0723 -73.1369 -44.7921 -70.2606 -45.2884 -27.4479 -64.7683 -39.7742 -33.7228 -18.417 -48.6801 -53.1804 -49.4353 -57.7533 -52.8489 -2.91007 -42.4493 -52.1147 -61.1332 -15.2346
10099.495117 -68.2171 -68.514 -61.1062 -73.2183 -44.6744 -69.6799 -45.5135 -27.757 -64.9633 -40.0875 -34.1768 -18.8556 -48.7332 -53.4508 -49.5123 -57.8452 -53.1155 -4.84504 -42.7468 -52.3843 -61.3723 -16.0386
10100.500000 -68.3907 -68.47 -61.1382 -73.2978 -44.5518 -67.4279 -45.7378 -28.066 -65.1565 -40.4003 -34.6024 -19.2814 -48.7939 -53.7204 -49.5887 -57.9356 -53.3793 -6.44238 -43.0439 -52.6532 -61.6098 -16.7771
10101.504883 -68.5618 -68.2303 -61.1683 -73.3755 -44.4257 -59.4057 -45.9611 -28.3749 -65.348 -40.7126 -35.003 -19.6963 -48.8618 -53.9892 -49.6579 -58.025 -53.6402 -7.76635 -43.3406 -52.9213 -61.8458 -17.4529
10102.509766 -68.7301 -67.5103 -61.1968 -73.4513 -44.2974 -32.6577 -46.1837 -28.6836 -65.5376 -41.0244 -35.3816 -20.1018 -48.9363 -54.2571 -49.7099 -58.1138 -53.8979 -8.88984 -43.6369 -53.1887 -62.0802 -18.0742
10103.514648 -68.8958 -65.6625 -61.2236 -73.5254 -44.168 -13.7231 -46.4056 -28.9923 -65.7254 -41.3357 -35.7409 -20.4993 -49.0172 -54.5241 -49.7325 -58.2024 -54.1521 -9.86634 -43.9327 -53.4554 -62.313 -18.6495
10104.519531 -69.0588 -61.3751 -61.2489 -73.5977 -44.0387 -13.9161 -46.6268 -29.301 -65.9113 -41.6463 -36.0831 -20.89 -49.1038 -54.7902 -49.7146 -58.291 -54.4027 -10.7239 -44.228 -53.7213 -62.5442 -19.1862
10105.525391 -69.2192 -52.7737 -61.2726 -73.6682 -43.9109 -14.7148 -46.8474 -29.6096 -66.0954 -41.9563 -36.4101 -21.2749 -49.1959 -55.0555 -49.6491 -58.38 -54.6496 -11.4824 -44.5229 -53.9864 -62.7737 -19.6906
10106.530273 -69.3769 -38.0238 -61.2946 -73.737 -43.7861 -15.4757 -47.0675 -29.9182 -66.2775 -42.2656 -36.7237 -21.655 -49.293 -55.3198 -49.5357 -58.4694 -54.8926 -12.1611 -44.8172 -54.2508 -63.0014 -20.1677
10107.535156 -69.532 -21.1645 -61.3143 -73.8031 -43.6653 -16.2125 -47.2871 -30.2268 -66.4576 -42.5742 -37.0253 -22.031 -49.3948 -55.5831 -49.3809 -58.5594 -55.1317 -12.7777 -45.111 -54.5144 -63.2274 -20.6216
10108.540039 -69.6844 -18.2787 -61.3295 -73.8579 -43.5491 -16.9107 -47.5062 -30.5355 -66.6358 -42.8821 -37.3163 -22.4037 -49.5009 -55.8455 -49.1956 -58.6501 -55.3668 -13.3465 -45.4044 -54.7771 -63.4515 -21.0557
10109.544922 -69.8342 -18.051 -61.3355 -73.8193 -43.4381 -17.5533 -47.7248 -30.8442 -66.812 -43.1891 -37.5977 -22.7736 -49.6111 -56.1069 -48.9926 -58.7411 -55.5978 -13.878 -45.6972 -55.0391 -63.6739 -21.4726
10110.549805 -69.9813 -18.4379 -61.3233 -72.8765 -43.333 -18.1425 -47.9431 -31.1528 -66.9863 -43.4953 -37.8707 -23.1413 -49.7251 -56.3674 -48.7837 -58.8313 -55.8249 -14.3801 -45.9894 -55.3002 -63.8943 -21.8749
10111.554688 -70.1259 -19.0414 -61.2797 -63.1502 -43.2343 -18.6926 -48.161 -31.4615 -67.1584 -43.8007 -38.136 -23.5072 -49.8426 -56.6267 -48.5789 -58.9179 -56.048 -14.8587 -46.2811 -55.5604 -64.1129 -22.2642
10112.560547 -70.2679 -19.6692 -61.19 -3.23833 -43.1422 -19.209 -48.3786 -31.7702 -67.3286 -44.1052 -38.3944 -23.8717 -49.9634 -56.8851 -48.385 -58.9951 -56.2672 -15.3183 -46.5722 -55.8198 -64.3295 -22.6425
10113.564453 -70.4072 -20.2695 -61.0425 0.0291622 -43.0569 -19.6949 -48.5958 -32.0789 -67.4967 -44.4088 -38.6467 -24.2352 -50.0873 -57.1423 -48.2065 -59.0515 -56.4825 -15.7623 -46.8628 -56.0784 -64.5441 -23.0109
10114.570312 -70.544 -20.8431 -60.8317 -1.89818 -42.9783 -20.1539 -48.8128 -32.3876 -67.6627 -44.7115 -38.8935 -24.598 -50.2141 -57.3985 -48.0459 -59.0678 -56.6942 -16.1936 -47.1528 -56.336 -64.7567 -23.3709
10115.575195 -70.6783 -21.4037 -60.5594 -4.03784 -42.9066 -20.5899 -49.0295 -32.6963 -67.8267 -45.0132 -39.1353 -24.9602 -50.3435 -57.6535 -47.9041 -59.0168 -56.9022 -16.6144 -47.4422 -56.5927 -64.9673 -23.7233
10116.580078 -70.81 -21.9603 -60.2332 -5.76963 -42.842 -21.0058 -49.246 -33.005 -67.9885 -45.3139 -39.3726 -25.3223 -50.4754 -57.9074 -47.7811 -58.8667 -57.1066 -17.0268 -47.731 -56.8485 -65.1758 -24.0692
10117.584961 -70.9392 -22.5143 -59.8643 -7.19141 -42.7847 -21.404 -49.4622 -33.3137 -68.1483 -45.6137 -39.6058 -25.6842 -50.6096 -58.1601 -47.676 -58.5902 -57.3077 -17.4322 -48.0191 -57.1033 -65.3821 -24.4093
10118.589844 -71.0659 -23.0641 -59.4655 -8.43358 -42.7349 -21.7865 -49.6782 -33.6223 -68.3059 -45.9124 -39.8354 -26.0462 -50.7461 -58.4117 -47.5879 -58.182 -57.5056 -17.8319 -48.3067 -57.3572 -65.5863 -24.7442
10119.594727 -71.1902 -23.6079 -59.0493 -9.54057 -42.6925 -22.1552 -49.894 -33.9308 -68.4614 -46.2101 -40.0617 -26.4084 -50.8846 -58.6619 -47.5154 -57.6675 -57.7003 -18.2272 -48.5937 -57.6101 -65.7884 -25.0747
10120.599609 -71.312 -24.1438 -58.6273 -10.5242 -42.6574 -22.5117 -50.1096 -34.2393 -68.6148 -46.5068 -40.285 -26.7709 -51.0251 -58.9109 -47.4574 -57.0887 -57.892 -18.6188 -48.88 -57.8619 -65.9883 -25.4011
10121.605469 -71.4314 -24.6708 -58.2091 -11.3937 -42.6294 -22.8574 -50.325 -34.5478 -68.766 -46.8024 -40.5057 -27.1338 -51.1673 -59.1587 -47.4125 -56.4872 -58.0809 -19.0078 -49.1657 -58.1127 -66.1859 -25.7241
10122.610352 -71.5483 -25.1879 -57.8024 -12.1655 -42.6085 -23.1936 -50.5402 -34.8561 -68.9152 -47.097 -40.7239 -27.4972 -51.3113 -59.4051 -47.3797 -55.8948 -58.267 -19.3946 -49.4507 -58.3624 -66.3812 -26.0439
10123.615234 -71.6629 -25.6945 -57.4129 -12.8574 -42.5946 -23.5214 -50.7553 -35.1643 -69.0621 -47.3904 -40.9399 -27.8611 -51.4568 -59.6501 -47.3579 -55.333 -58.4506 -19.78 -49.7351 -58.611 -66.5743 -26.361
10124.620117 -71.7752 -26.1902 -57.0447 -13.485 -42.5874 -23.842 -50.9702 -35.4724 -69.2069 -47.6828 -41.154 -28.2255 -51.6039 -59.8938 -47.346 -54.8145 -58.6317 -20.1643 -50.0188 -58.8585 -66.7651 -26.6757
10125.625000 -71.8851 -26.6749 -56.7005 -14.0605 -42.587 -24.156 -51.185 -35.7804 -69.3495 -47.9741 -41.3663 -28.5905 -51.7523 -60.1361 -47.3434 -54.3459 -58.8105 -20.5482 -50.3019 -59.1049 -66.9536 -26.9882
10126.629883 -71.9928 -27.1485 -56.3817 -14.5935 -42.5931 -24.4644 -51.3996 -36.0882 -69.4898 -48.2643 -41.577 -28.9562 -51.9021 -60.3769 -47.3492 -53.9299 -58.9871 -20.9318 -50.5843 -59.35 -67.1397 -27.2988
10127.634766 -72.0982 -27.6113 -56.0888 -15.0912 -42.6056 -24.7679 -51.6141 -36.3958 -69.6273 -48.5534 -41.7862 -29.3224 -52.0532 -60.6162 -47.3628 -53.5662 -59.1616 -21.3156 -50.866 -59.594 -67.3235 -27.6078
10128.639648 -72.2013 -28.0634 -55.8216 -15.5595 -42.6244 -25.0671 -51.8284 -36.7033 -69.7609 -48.8414 -41.9941 -29.6892 -52.2054 -60.8541 -47.3836 -53.2534 -59.3341 -21.6998 -51.147 -59.8367 -67.5049 -27.9153
10129.644531 -72.3023 -28.5051 -55.5795 -16.0029 -42.6493 -25.3625 -52.0425 -37.0106 -69.8868 -49.1283 -42.2009 -30.0567 -52.3587 -61.0903 -47.411 -52.9887 -59.5048 -22.0845 -51.4273 -60.0782 -67.6839 -28.2215
10130.650391 -72.401 -28.9367 -55.3614 -16.4252 -42.68 -25.6547 -52.2566 -37.3177 -69.9931 -49.4141 -42.4065 -30.4247 -52.5131 -61.3251 -47.4447 -52.7686 -59.6737 -22.47 -51.707 -60.3183 -67.8604 -28.5266
10131.655273 -72.4977 -29.3585 -55.1661 -16.8295 -42.7164 -25.9441 -52.4705 -37.6246 -70.0418 -49.6987 -42.6112 -30.7933 -52.6685 -61.5582 -47.4841 -52.5894 -59.8409 -22.8565 -51.9859 -60.5571 -68.0346 -28.8307
10132.660156 -72.5922 -29.771 -54.9923 -17.2184 -42.7584 -26.2311 -52.6842 -37.9312 -69.9097 -49.9822 -42.815 -31.1624 -52.8247 -61.7896 -47.5291 -52.4473 -60.0065 -23.244 -52.2641 -60.7946 -68.2063 -29.1339
10133.665039 -72.6846 -30.1745 -54.8384 -17.594 -42.8057 -26.516 -52.8978 -38.2376 -69.1814 -50.2646 -43.018 -31.5321 -52.9819 -62.0194 -47.5791 -52.3385 -60.1706 -23.6326 -52.5416 -61.0307 -68.3756 -29.4364
10134.669922 -72.775 -30.5695 -54.7031 -17.9583 -42.8582 -26.7991 -53.1113 -38.5438 -66.39 -50.5459 -43.2203 -31.9022 -53.1398 -62.2475 -47.6339 -52.2592 -60.3333 -24.0224 -52.8184 -61.2653 -68.5424 -29.7382
10135.674805 -72.8634 -30.9562 -54.5848 -18.3129 -42.9156 -27.0808 -53.3246 -38.8496 -56.9751 -50.8261 -43.4219 -32.2727 -53.2985 -62.4739 -47.6933 -52.206 -60.4946 -24.4135 -53.0944 -61.4984 -68.7068 -30.0394
10136.679688 -72.9498 -31.3351 -54.4823 -18.6591 -42.9779 -27.3612 -53.5377 -39.1552 -30.7939 -51.1051 -43.623 -32.6437 -53.4579 -62.6985 -47.757 -52.176 -60.6546 -24.8058 -53.3696 -61.7301 -68.8687 -30.3402
10137.685547 -73.0342 -31.7066 -54.3941 -18.9981 -43.0448 -27.6406 -53.7507 -39.4605 -17.603 -51.383 -43.8235 -33.0151 -53.618 -62.9213 -47.8247 -52.1662 -60.8134 -25.1994 -53.6441 -61.9602 -69.0281 -30.6405
10138.689453 -73.1167 -32.071 -54.3192 -19.331 -43.1163 -27.9192 -53.9635 -39.7655 -14.7715 -51.6598 -44.0236 -33.3868 -53.7787 -63.1422 -47.8964 -52.1741 -60.9709 -25.5943 -53.9178 -62.1888 -69.185 -30.9405
10139.695312 -73.1973 -32.4287 -54.2564 -19.6588 -43.192 -28.1971 -54.1761 -40.0702 -15.2242 -51.9354 -44.2232 -33.7588 -53.94 -63.3613 -47.9718 -52.1977 -61.1273 -25.9904 -54.1908 -62.4157 -69.3395 -31.2401
10140.700195 -73.2761 -32.78 -54.2045 -19.9821 -43.272 -28.4744 -54.3886 -40.3745 -16.0839 -52.2099 -44.4225 -34.131 -54.1019 -63.5785 -48.0506 -52.2349 -61.2825 -26.3878 -54.4629 -62.641 -69.4915 -31.5395
10141.705078 -73.3531 -33.1252 -54.1627 -20.3018 -43.3561 -28.7514 -54.6009 -40.6784 -16.7755 -52.4833 -44.6214 -34.5035 -54.2642 -63.7938 -48.1329 -52.2842 -61.4366 -26.7863 -54.7342 -62.8647 -69.6411 -31.8386
10142.709961 -73.4282 -33.4645 -54.1301 -20.6184 -43.4441 -29.0281 -54.813 -40.982 -17.403 -52.7556 -44.82 -34.8761 -54.427 -64.0071 -48.2184 -52.344 -61.5897 -27.1861 -55.0046 -63.0866 -69.7883 -32.1375
10143.714844 -73.5017 -33.7984 -54.1058 -20.9325 -43.5359 -29.3047 -55.0248 -41.2851 -17.9999 -53.0267 -45.0183 -35.2489 -54.5902 -64.2185 -48.3069 -52.4131 -61.7417 -27.5869 -55.2743 -63.3068 -69.9331 -32.4362
10144.719727 -73.5733 -34.1268 -54.0891 -21.2446 -43.6314 -29.5811 -55.2365 -41.5878 -18.5567 -53.2967 -45.2164 -35.6218 -54.7539 -64.4278 -48.3984 -52.4906 -61.8927 -27.9887 -55.543 -63.5252 -70.0761 -32.7348
10145.724609 -73.6434 -34.4502 -54.0794 -21.5549 -43.7304 -29.8576 -55.4479 -41.8901 -19.0767 -53.5655 -45.4143 -35.9947 -54.9178 -64.6351 -48.4928 -52.5754 -62.0427 -28.3916 -55.8109 -63.7418 -70.2185 -33.0332
10146.730469 -73.7117 -34.7687 -54.076 -21.8641 -43.8329 -30.134 -55.6591 -42.192 -19.5644 -53.8332 -45.612 -36.3676 -55.0821 -64.8403 -48.5898 -52.6667 -62.1916 -28.7954 -56.0778 -63.9566 -70.3635 -33.3315
10147.735352 -73.7784 -35.0825 -54.0785 -22.1722 -43.9387 -30.4107 -55.87 -42.4933 -20.0241 -54.0998 -45.8095 -36.7404 -55.2467 -65.0435 -48.6895 -52.7639 -62.3396 -29.2001 -56.3438 -64.1695 -70.5158 -33.6297
10148.740234 -73.8436 -35.3917 -54.0862 -22.4797 -44.0478 -30.6874 -56.0807 -42.7942 -20.4585 -54.3652 -46.0068 -37.1132 -55.4116 -65.2445 -48.7917 -52.8664 -62.4866 -29.6055 -56.6089 -64.3805 -70.6614 -33.9278
10149.745117 -73.9071 -35.6965 -54.0988 -22.7868 -44.1599 -30.9644 -56.291 -43.0946 -20.8702 -54.6295 -46.204 -37.4859 -55.5767 -65.4434 -48.8963 -52.9737 -62.6327 -30.0117 -56.873 -64.5896 -70.7362 -34.2258
10150.750000 -73.9692 -35.9971 -54.1159 -23.0936 -44.2751 -31.2416 -56.5011 -43.3945 -21.2618 -54.8925 -46.4011 -37.8584 -55.742 -65.6401 -49.0033 -53.0853 -62.7777 -30.4185 -57.1361 -64.7967 -70.7172 -34.5237
10151.754883 -74.0297 -36.2935 -54.137 -23.4004 -44.3932 -31.519 -56.7108 -43.6938 -21.6354 -55.1545 -46.598 -38.2308 -55.9075 -65.8347 -49.1124 -53.2008 -62.9218 -30.8259 -57.3982 -65.0018 -70.5993 -34.8215
10152.759766 -74.0888 -36.586 -54.1619 -23.7072 -44.5142 -31.7968 -56.9203 -43.9926 -21.9934 -55.4152 -46.7948 -38.6029 -56.0731 -66.027 -49.2238 -53.3199 -63.0649 -31.2337 -57.6592 -65.2048 -70.3228 -35.1192
10153.764648 -74.1462 -36.8747 -54.1902 -24.0144 -44.6378 -32.0748 -57.1293 -44.2908 -22.3376 -55.6747 -46.9916 -38.9747 -56.2388 -66.2172 -49.3372 -53.4422 -63.207 -31.6421 -57.9191 -65.4059 -69.7735 -35.4168
10154.769531 -74.2011 -37.1597 -54.2217 -24.3219 -44.7642 -32.3531 -57.338 -44.5885 -22.6696 -55.9331 -47.1883 -39.3462 -56.4046 -66.4051 -49.4526 -53.5677 -63.3482 -32.0508 -58.178 -65.6048 -68.6493 -35.7143
10155.775391 -74.2422 -37.4411 -54.2561 -24.6298 -44.8931 -32.6318 -57.5464 -44.8856 -22.9908 -56.1902 -47.3848 -39.7174 -56.5704 -66.5907 -49.57 -53.6958 -63.4884 -32.4597 -58.4357 -65.8016 -65.6615 -36.0118
10156.780273 -74.1584 -37.7191 -54.2932 -24.9383 -45.0245 -32.9108 -57.7543 -45.1821 -23.3027 -56.4461 -47.5814 -40.0882 -56.7363 -66.7741 -49.6892 -53.8266 -63.6275 -32.8689 -58.6923 -65.9963 -59.611 -36.3091
10157.785156 -72.7866 -37.9938 -54.3329 -25.2474 -45.1584 -33.19 -57.9617 -45.478 -23.6063 -56.7008 -47.7778 -40.4586 -56.9022 -66.9552 -49.8103 -53.9597 -63.7657 -33.2782 -58.9476 -66.1889 -44.7614 -36.6063
10158.790039 -57.326 -38.2653 -54.3748 -25.5571 -45.2946 -33.4697 -58.1687 -45.7732 -23.9025 -56.9542 -47.9742 -40.8285 -57.068 -67.1339 -49.933 -54.0951 -63.903 -33.6876 -59.2018 -66.3792 -12.4989 -36.9035
10159.794922 0.831807 -38.5337 -54.4188 -25.8676 -45.4331 -33.7496 -58.3753 -46.0678 -24.1924 -57.2064 -48.1705 -41.198 -57.2337 -67.3104 -50.0575 -54.2325 -64.0392 -34.097 -59.4547 -66.5674 -11.1676 -37.2005
10160.799805 1.101 -38.7991 -54.4649 -26.1787 -45.5738 -34.0298 -58.5813 -46.3618 -24.4766 -57.4573 -48.3667 -41.5669 -57.3994 -67.4846 -50.1836 -54.3719 -64.1744 -34.5064 -59.7063 -66.7533 -11.2913 -37.4974
10161.804688 -0.974677 -39.0617 -54.5127 -26.4906 -45.7166 -34.3104 -58.7869 -46.6551 -24.7559 -57.7069 -48.5629 -41.9352 -57.5649 -67.6564 -50.3112 -54.513 -64.3086 -34.9157 -59.9565 -66.937 -11.5082 -37.7941
10162.810547 -3.19678 -39.3216 -54.5622 -26.8033 -45.8616 -34.5912 -58.9918 -46.9478 -25.0309 -57.9553 -48.7591 -42.3029 -57.7302 -67.8259 -50.4403 -54.6558 -64.4418 -35.3247 -60.2054 -67.1185 -12.5545 -38.0907
10163.814453 -5.00748 -39.5788 -54.6133 -27.1167 -46.0086 -34.8723 -59.1962 -47.2398 -25.3022 -58.2022 -48.9552 -42.67 -57.8952 -67.9931 -50.5709 -54.8002 -64.5739 -35.7335 -60.4529 -67.2976 -13.6518 -38.3872
10164.820312 -6.50886 -39.8335 -54.6659 -27.4309 -46.1575 -35.1536 -59.4001 -47.5311 -25.5702 -58.4479 -49.1512 -43.0363 -58.06 -68.1579 -50.7029 -54.946 -64.7051 -36.1421 -60.699 -67.4745 -14.6707 -38.6835
10165.825195 -7.78818 -40.0858 -54.7198 -27.7458 -46.3084 -35.4353 -59.6032 -47.8217 -25.8355 -58.6922 -49.3471 -43.402 -58.2244 -68.3203 -50.8363 -55.0933 -64.8352 -36.5502 -60.9436 -67.649 -15.6088 -38.9796
10166.830078 -8.88434 -40.3357 -54.775 -28.0615 -46.4612 -35.7171 -59.8058 -48.1115 -26.0982 -58.9351 -49.5431 -43.7669 -58.3883 -68.4804 -50.971 -55.2417 -64.9643 -36.958 -61.1867 -67.8213 -16.4684 -39.2756
10167.834961 -9.83452 -40.5833 -54.8313 -28.3779 -46.6157 -35.9992 -60.0076 -48.4007 -26.3589 -59.1766 -49.7389 -44.1311 -58.5517 -68.6381 -51.1069 -55.3915 -65.0924 -37.3653 -61.4283 -67.9912 -17.2527 -39.5714
10168.839844 -10.6708 -40.8288 -54.8887 -28.695 -46.7721 -36.2815 -60.2088 -48.6892 -26.6179 -59.4167 -49.9347 -44.4944 -58.7146 -68.7934 -51.244 -55.5423 -65.2194 -37.772 -61.6683 -68.1588 -17.9706 -39.8669
10169.844727 -11.4176 -41.0722 -54.9471 -29.0129 -46.9301 -36.564 -60.4092 -48.9769 -26.8753 -59.6553 -50.1304 -44.8569 -58.8766 -68.9463 -51.3823 -55.6942 -65.3454 -38.1782 -61.9066 -68.324 -18.6324 -40.1623
10170.849609 -12.0932 -41.3136 -55.0064 -29.3314 -47.0898 -36.8467 -60.6089 -49.2639 -27.1314 -59.8925 -50.326 -45.2186 -59.0379 -69.0963 -51.5218 -55.847 -65.4704 -38.5838 -62.1433 -68.4868 -19.247 -40.4575
10171.855469 -12.7113 -41.553 -55.0666 -29.6505 -47.2512 -37.1295 -60.8078 -49.5502 -27.3865 -60.1282 -50.5216 -45.5793 -59.1981 -69.2427 -51.6623 -56.0008 -65.5943 -38.9888 -62.3783 -68.6473 -19.8221 -40.7524
10172.860352 -13.2824 -41.7905 -55.1276 -29.9703 -47.4142 -37.4125 -61.0058 -49.8357 -27.6407 -60.3624 -50.7171 -45.9391 -59.3572 -69.3824 -51.8039 -56.1555 -65.7172 -39.393 -62.6116 -68.8055 -20.3638 -41.0471
10173.865234 -13.8144 -42.0263 -55.1893 -30.2906 -47.5787 -37.6955 -61.203 -50.1204 -27.8942 -60.595 -50.9125 -46.298 -59.5149 -69.5069 -51.9464 -56.3109 -65.839 -39.7965 -62.8431 -68.9613 -20.877 -41.3415
10174.870117 -14.3136 -42.2604 -55.2517 -30.6115 -47.7447 -37.9787 -61.3993 -50.4044 -28.1472 -60.8261 -51.1078 -46.656 -59.671 -69.5892 -52.09 -56.4671 -65.9597 -40.1992 -63.0728 -69.1147 -21.3658 -41.6356
10175.875000 -14.7852 -42.4927 -55.3147 -30.933 -47.9121 -38.262 -61.5947 -50.6876 -28.3997 -61.0556 -51.303 -47.0129 -59.8252 -69.5496 -52.2344 -56.6239 -66.0795 -40.6011 -63.3006 -69.2657 -21.8335 -41.9294
10176.879883 -15.2331 -42.7235 -55.3784 -31.2549 -48.081 -38.5454 -61.7892 -50.9701 -28.652 -61.2835 -51.4982 -47.3688 -59.9769 -69.166 -52.3797 -56.7814 -66.1982 -41.0022 -63.5265 -69.4144 -22.2827 -42.2229
10177.884766 -15.6609 -42.9528 -55.4425 -31.5773 -48.2513 -38.8288 -61.9827 -51.2517 -28.9041 -61.5098 -51.6932 -47.7237 -60.1258 -67.8392 -52.5259 -56.9395 -66.3158 -41.4022 -63.7505 -69.5607 -22.7159 -42.516
10178.889648 -16.0713 -43.1806 -55.5072 -31.9001 -48.423 -39.1123 -62.1752 -51.5326 -29.1561 -61.7344 -51.8881 -48.0775 -60.2713 -63.9915 -52.673 -57.0981 -66.4324 -41.8014 -63.9726 -69.7046 -23.1351 -42.8089
10179.894531 -16.4668 -43.4069 -55.5723 -32.2233 -48.5959 -39.3958 -62.3667 -51.8126 -29.4081 -61.9573 -52.0829 -48.4303 -60.4128 -54.6565 -52.8207 -57.2571 -66.5479 -42.1995 -64.1926 -69.8464 -23.5419 -43.1013
10180.900391 -16.8493 -43.6319 -55.6379 -32.5468 -48.7702 -39.6793 -62.5571 -52.0919 -29.6601 -62.1786 -52.2776 -48.782 -60.55 -36.9994 -52.9693 -57.4166 -66.6624 -42.5965 -64.4107 -69.9864 -23.9377 -43.3934
10181.905273 -17.2207 -43.8555 -55.7039 -32.8707 -48.9457 -39.9627 -62.7464 -52.3703 -29.9123 -62.398 -52.4722 -49.1325 -60.6826 -22.1853 -53.1185 -57.5765 -66.7758 -42.9925 -64.6266 -70.1255 -24.3239 -43.6851
10182.910156 -17.5823 -44.0778 -55.7702 -33.1949 -49.1225 -40.2462 -62.9346 -52.6479 -30.1647 -62.6158 -52.6666 -49.4819 -60.8104 -19.6072 -53.2684 -57.7367 -66.8883 -43.3874 -64.8405 -70.2653 -24.7016 -43.9765
10183.915039 -17.9355 -44.299 -55.8369 -33.5193 -49.3004 -40.5296 -63.1217 -52.9247 -30.4173 -62.8318 -52.8609 -49.8302 -60.9334 -20.3153 -53.419 -57.8973 -66.9996 -43.7811 -65.0522 -70.4008 -25.0716 -44.2674
10184.919922 -18.2815 -44.5189 -55.9039 -33.8439 -49.4795 -40.8129 -63.3076 -53.2006 -30.6702 -63.0459 -53.055 -50.1773 -61.0516 -20.4285 -53.5701 -58.0581 -67.1099 -44.1737 -65.2618 -70.4754 -25.4349 -44.5579
10185.924805 -18.6212 -44.7376 -55.9712 -34.1687 -49.6597 -41.0961 -63.4922 -53.4756 -30.9235 -63.2582 -53.249 -50.5232 -61.1653 -20.6464 -53.7219 -58.2191 -67.2192 -44.565 -65.4691 -70.163 -25.7922 -44.8479
10186.929688 -18.9557 -44.9553 -56.0387 -34.4937 -49.841 -41.3791 -63.6757 -53.7498 -31.177 -63.4687 -53.4428 -50.868 -61.2748 -20.8924 -53.8742 -58.3802 -67.3274 -44.955 -65.6742 -67.94 -26.1441 -45.1376
10187.935547 -19.2855 -45.1719 -56.1066 -34.8187 -50.0234 -41.6621 -63.8578 -54.0231 -31.431 -63.6773 -53.6364 -51.2115 -61.3803 -21.2154 -54.0269 -58.5416 -67.4346 -45.3438 -65.8771 -57.7184 -26.4912 -45.4268
10188.939453 -19.6116 -45.3874 -56.1746 -35.1439 -50.2068 -41.9448 -64.0387 -54.2955 -31.6853 -63.884 -53.8298 -51.5538 -61.4823 -21.5932 -54.1802 -58.703 -67.5407 -45.7313 -66.0777 -28.8541 -26.834 -45.7155
10189.945312 -19.9345 -45.6019 -56.2428 -35.4691 -50.3913 -42.2274 -64.2183 -54.567 -31.9401 -64.0888 -54.0231 -51.8948 -61.5811 -21.9886 -54.3339 -58.8644 -67.6457 -46.1175 -66.276 -12.7607 -27.1729 -46.0037
10190.950195 -20.2547 -45.8155 -56.3113 -35.7944 -50.5767 -42.5098 -64.3965 -54.8376 -32.1954 -64.2916 -54.2161 -52.2345 -61.6771 -22.385 -54.4881 -59.0259 -67.7495 -46.5023 -66.4719 -12.0787 -27.5084 -46.2915
10191.955078 -20.5728 -46.0281 -56.3799 -36.1196 -50.7631 -42.7919 -64.5733 -55.1073 -32.451 -64.4925 -54.409 -52.573 -61.7707 -22.7742 -54.6426 -59.1874 -67.852 -46.8857 -66.6655 -12.8525 -27.8407 -46.5787
10192.959961 -20.8892 -46.2398 -56.4487 -36.4448 -50.9505 -43.0739 -64.7487 -55.3759 -32.7072 -64.6914 -54.6016 -52.9101 -61.8622 -23.1543 -54.7975 -59.3488 -67.9528 -47.2677 -66.8567 -13.6077 -28.1703 -46.8655
10193.964844 -21.2044 -46.4505 -56.5176 -36.7699 -51.1387 -43.3555 -64.9227 -55.6437 -32.9638 -64.8882 -54.794 -53.2459 -61.9519 -23.5246 -54.9527 -59.5101 -68.0509 -47.6483 -67.0455 -14.3727 -28.4973 -47.1518
10194.969727 -21.5185 -46.6605 -56.5867 -37.095 -51.3278 -43.6369 -65.0953 -55.9104 -33.2209 -65.0831 -54.9861 -53.5804 -62.0402 -23.8847 -55.1082 -59.6712 -68.1434 -48.0274 -67.2319 -15.1051 -28.8221 -47.4375
10195.974609 -21.8321 -46.8696 -56.6559 -37.4199 -51.5178 -43.918 -65.2663 -56.1761 -33.4785 -65.2759 -55.178 -53.9135 -62.1273 -24.2343 -55.2639 -59.8322 -68.222 -48.4051 -67.4158 -15.7917 -29.1447 -47.7227
10196.980469 -22.1452 -47.0778 -56.7252 -37.7447 -51.7086 -44.1988 -65.4359 -56.4408 -33.7366 -65.4666 -55.3696 -54.2452 -62.2135 -24.5736 -55.4199 -59.9929 -68.2592 -48.7813 -67.5973 -16.4295 -29.4655 -48.0074
10197.985352 -22.4582 -47.2853 -56.7946 -38.0693 -51.9002 -44.4793 -65.6039 -56.7044 -33.9951 -65.6553 -55.5609 -54.5754 -62.299 -24.9033 -55.5761 -60.1533 -68.1622 -49.1559 -67.7763 -17.0189 -29.7846 -48.2915
10198.990234 -22.7712 -47.492 -56.8641 -38.3937 -52.0926 -44.7594 -65.7704 -56.967 -34.2542 -65.8418 -55.752 -54.9042 -62.3839 -25.2245 -55.7325 -60.3133 -67.6128 -49.5291 -67.9528 -17.5655 -30.1021 -48.5751
10199.995117 -23.0845 -47.698 -56.9337 -38.7178 -52.2858 -45.0392 -65.9353 -57.2284 -34.5137 -66.0263 -55.9427 -55.2315 -62.4685 -25.5382 -55.889 -60.4727 -65.6311 -49.9007 -68.1269 -18.0754 -30.4182 -48.8581
10201.000000 -23.3982 -47.9032 -57.0034 -39.0417 -52.4797 -45.3187 -66.0986 -57.4888 -34.7737 -66.2086 -56.1331 -55.5573 -62.553 -25.8456 -56.0457 -60.6314 -60.1376 -50.2708 -68.2984 -18.5539 -30.733 -49.1406
10202.004883 -23.7123 -48.1077 -57.0731 -39.3654 -52.6743 -45.5977 -66.2603 -57.7479 -35.0342 -66.3887 -56.3232 -55.8815 -62.6374 -26.1475 -56.2024 -60.7891 -49.1657 -50.6393 -68.4674 -19.0057 -31.0465 -49.4225
10203.009766 -24.0271 -48.3116 -57.1429 -39.6887 -52.8696 -45.8764 -66.4203 -58.006 -35.2952 -66.5668 -56.5129 -56.2042 -62.7218 -26.4449 -56.3592 -60.9454 -32.2879 -51.0062 -68.6339 -19.4344 -31.359 -49.7038
10204.014648 -24.3426 -48.5147 -57.2128 -40.0118 -53.0655 -46.1546 -66.5786 -58.2628 -35.5566 -66.7426 -56.7023 -56.5253 -62.8064 -26.7385 -56.5161 -61.0998 -23.0707 -51.3715 -68.7979 -19.8433 -31.6705 -49.9845
10205.019531 -24.6588 -48.7172 -57.2827 -40.3345 -53.2621 -46.4324 -66.7352 -58.5184 -35.8185 -66.9163 -56.8913 -56.8447 -62.8912 -27.0287 -56.6729 -61.2519 -22.0959 -51.7351 -68.9594 -20.235 -31.981 -50.2647
10206.025391 -24.9759 -48.9191 -57.3526 -40.6568 -53.4593 -46.7098 -66.8899 -58.7727 -36.0808 -67.0878 -57.0799 -57.1624 -62.9764 -27.3162 -56.8297 -61.4008 -22.0803 -52.0972 -69.1183 -20.6118 -32.2906 -50.5442
10207.030273 -25.2939 -49.1203 -57.4226 -40.9787 -53.6571 -46.9868 -67.0429 -59.0257 -36.3435 -67.2571 -57.268 -57.4784 -63.0618 -27.6015 -56.9865 -61.5455 -22.0206 -52.4576 -69.2748 -20.9756 -32.5995 -50.8232
10208.035156 -25.6127 -49.3209 -57.4926 -41.3002 -53.8554 -47.2633 -67.194 -59.2775 -36.6067 -67.4242 -57.4558 -57.7926 -63.1476 -27.8849 -57.1432 -61.6848 -22.2824 -52.8162 -69.4289 -21.3282 -32.9075 -51.1016
10209.040039 -25.9325 -49.521 -57.5626 -41.6212 -54.0543 -47.5393 -67.3432 -59.5279 -36.8703 -67.5891 -57.6431 -58.105 -63.2339 -28.1669 -57.2997 -61.8169 -22.7273 -53.1732 -69.5813 -21.6709 -33.2149 -51.3793
10210.044922 -26.2532 -49.7204 -57.6327 -41.9418 -54.2537 -47.8148 -67.4904 -59.7769 -37.1344 -67.7518 -57.83 -58.4156 -63.3205 -28.4478 -57.4562 -61.9393 -23.2072 -53.5285 -69.732 -22.0051 -33.5215 -51.6564
10211.049805 -26.5749 -49.9193 -57.7027 -42.2618 -54.4536 -48.0899 -67.6356 -60.0245 -37.3988 -67.9123 -58.0163 -58.7243 -63.4076 -28.7279 -57.6124 -62.0482 -23.6511 -53.8821 -69.8781 -22.3317 -33.8275 -51.933
10212.054688 -26.8975 -50.1176 -57.7728 -42.5813 -54.654 -48.3645 -67.7786 -60.2706 -37.6636 -68.0705 -58.2022 -59.0311 -63.495 -29.0075 -57.7685 -62.1386 -24.0655 -54.2338 -70.0171 -22.6519 -34.1329 -52.2088
10213.060547 -27.2211 -50.3153 -57.8429 -42.9003 -54.8548 -48.6385 -67.9194 -60.5153 -37.9288 -68.2266 -58.3876 -59.3358 -63.5829 -29.2868 -57.9244 -62.2036 -24.47 -54.5838 -70.1482 -22.9663 -34.4378 -52.4841
10214.064453 -27.5456 -50.5125 -57.9129 -43.2187 -55.056 -48.9121 -68.058 -60.7585 -38.1944 -68.3804 -58.5724 -59.6386 -63.6711 -29.566 -58.08 -62.2344 -24.8745 -54.932 -70.2718 -23.2757 -34.742 -52.7586
10215.070312 -27.8709 -50.7092 -57.983 -43.5365 -55.2576 -49.1851 -68.194 -61.0001 -38.4603 -68.532 -58.7567 -59.9392 -63.7596 -29.8453 -58.2354 -62.2204 -25.2846 -55.2783 -70.3883 -23.5809 -35.0457 -53.0326
10216.075195 -28.1972 -50.9054 -58.053 -43.8537 -55.4595 -49.4576 -68.3271 -61.2401 -38.7266 -68.6814 -58.9404 -60.2377 -63.8485 -30.1248 -58.3904 -62.1491 -25.7028 -55.6227 -70.4983 -23.8822 -35.3489 -53.3058
10217.080078 -28.5243 -51.101 -58.123 -44.1703 -55.6618 -49.7296 -68.4561 -61.4786 -38.9932 -68.8286 -59.1235 -60.5341 -63.9376 -30.4047 -58.5451 -62.0054 -26.128 -55.9653 -70.6028 -24.1804 -35.6516 -53.5784
10218.084961 -28.8522 -51.2962 -58.193 -44.4863 -55.8644 -50.001 -68.5776 -61.7154 -39.2601 -68.9736 -59.306 -60.8282 -64.027 -30.6849 -58.6995 -61.7644 -26.5569 -56.3059 -70.7029 -24.4757 -35.9538 -53.8503
10219.089844 -29.1809 -51.4908 -58.263 -44.8015 -56.0673 -50.2718 -68.6796 -61.9504 -39.5273 -69.1163 -59.4878 -61.12 -64.1166 -30.9657 -58.8534 -61.38 -26.9858 -56.6445 -70.7987 -24.7686 -36.2556 -54.1215
10220.094727 -29.5103 -51.685 -58.3329 -45.1161 -56.2704 -50.5421 -68.7175 -62.1838 -39.7949 -69.2569 -59.669 -61.4095 -64.2063 -31.247 -59.007 -60.7875 -27.4124 -56.9812 -70.8899 -25.0594 -36.5568 -54.3919
10221.099609 -29.8405 -51.8787 -58.4028 -45.43 -56.4738 -50.8119 -68.5143 -62.4154 -40.0627 -69.3953 -59.8496 -61.6966 -64.2961 -31.5288 -59.1601 -59.9329 -27.8358 -57.3157 -70.9769 -25.3485 -36.8576 -54.6617
10222.105469 -30.1713 -52.0719 -58.4727 -45.7432 -56.6774 -51.081 -67.5546 -62.6453 -40.3308 -69.5314 -60.0294 -61.9813 -64.3859 -31.8112 -59.3128 -58.8454 -28.2563 -57.6482 -71.059 -25.6361 -37.158 -54.9306
10223.110352 -30.5028 -52.2646 -58.5425 -46.0557 -56.8811 -51.3496 -64.6828 -62.8733 -40.5991 -69.6652 -60.2085 -62.2635 -64.4758 -32.0942 -59.465 -57.671 -28.675 -57.9786 -71.1338 -25.9224 -37.4579 -55.1989
10224.115234 -30.8348 -52.4569 -58.6122 -46.3674 -57.085 -51.6176 -58.0113 -63.0994 -40.8676 -69.7961 -60.3869 -62.5432 -64.5656 -32.3777 -59.6167 -56.5403 -29.0926 -58.3069 -71.1948 -26.2078 -37.7573 -55.4663
10225.120117 -31.1674 -52.6487 -58.6819 -46.6783 -57.289 -51.885 -46.1862 -63.3237 -41.1364 -69.9221 -60.5645 -62.8203 -64.6553 -32.6618 -59.7678 -55.5018 -29.5098 -58.6329 -71.2215 -26.4922 -38.0563 -55.733
10226.125000 -31.5005 -52.8401 -58.7516 -46.9885 -57.493 -52.1517 -29.9878 -63.546 -41.4053 -70.0347 -60.7413 -63.0947 -64.7448 -32.9465 -59.9184 -54.5542 -29.9266 -58.9566 -71.1341 -26.776 -38.3549 -55.9988
10227.129883 -31.8341 -53.031 -58.8212 -47.2979 -57.6971 -52.4179 -22.2604 -63.7664 -41.6744 -70.1018 -60.9173 -63.3664 -64.8339 -33.2316 -60.0684 -53.6842 -30.3428 -59.2781 -70.5873 -27.0592 -38.653 -56.2638
10228.134766 -32.168 -53.2214 -58.8907 -47.6065 -57.9013 -52.6834 -20.7062 -63.9848 -41.9437 -70.0044 -61.0924 -63.6354 -64.922 -33.5173 -60.2178 -52.8845 -30.7578 -59.5972 -67.977 -27.342 -38.9508 -56.5279
10229.139648 -32.5024 -53.4114 -58.9602 -47.9143 -58.1054 -52.9483 -20.159 -64.2011 -42.213 -69.3251 -61.2668 -63.9016 -65.0085 -33.8035 -60.3665 -52.1539 -31.1712 -59.9139 -56.6568 -27.6246 -39.248 -56.7911
10230.144531 -32.8371 -53.601 -59.0295 -48.2212 -58.3095 -53.2126 -20.2137 -64.4154 -42.4826 -66.8632 -61.4402 -64.165 -65.092 -34.0901 -60.5146 -51.4955 -31.5822 -60.2282 -16.7355 -27.9069 -39.5449 -57.0535
10231.150391 -33.1721 -53.7901 -59.0988 -48.5274 -58.5135 -53.4762 -20.5421 -64.6276 -42.7522 -59.8683 -61.6127 -64.4255 -65.1701 -34.3772 -60.662 -50.9156 -31.9905 -60.54 -7.5298 -28.1891 -39.8413 -57.3149
10232.155273 -33.5073 -53.9788 -59.1681 -48.8326 -58.7174 -53.7391 -20.9834 -64.8377 -43.0219 -42.5579 -61.7844 -64.6831 -65.2388 -34.6647 -60.8086 -50.4204 -32.3954 -60.8492 -8.69252 -28.4713 -40.1373 -57.5753
10233.160156 -33.8428 -54.167 -59.2372 -49.1371 -58.9211 -54.0013 -21.4703 -65.0456 -43.2917 -19.8195 -61.955 -64.9377 -65.2915 -34.9525 -60.9546 -50.0132 -32.7968 -61.1558 -9.66894 -28.7535 -40.4328 -57.8348
10234.165039 -34.1784 -54.3548 -59.3062 -49.4407 -59.1247 -54.2629 -21.9708 -65.2514 -43.5615 -16.896 -62.1247 -65.1893 -65.3175 -35.2407 -61.0998 -49.6928 -33.1941 -61.4598 -10.6597 -29.0358 -40.7279 -58.0933
10235.169922 -34.5142 -54.5421 -59.3752 -49.7434 -59.328 -54.5237 -22.4661 -65.4549 -43.8314 -16.3912 -62.2934 -65.4379 -65.3004 -35.5293 -61.2442 -49.4538 -33.5871 -61.7611 -11.6682 -29.3182 -41.0225 -58.3507
10236.174805 -34.8501 -54.729 -59.444 -50.0452 -59.5311 -54.7838 -22.9488 -65.6563 -44.1013 -16.4702 -62.4611 -65.6833 -65.2167 -35.8182 -61.3878 -49.2877 -33.9755 -62.0597 -12.6612 -29.6008 -41.3167 -58.607
10237.179688 -35.186 -54.9155 -59.5128 -50.3461 -59.734 -55.0432 -23.4165 -65.8553 -44.3712 -16.9386 -62.6278 -65.9257 -65.0336 -36.1073 -61.5306 -49.1843 -34.359 -62.3554 -13.6417 -29.8837 -41.6103 -58.8622
10238.185547 -35.522 -55.1015 -59.5814 -50.6462 -59.9365 -55.3018 -23.8681 -66.0521 -44.6411 -17.5674 -62.7934 -66.1648 -64.7014 -36.3968 -61.6726 -49.1331 -34.7376 -62.6483 -14.5683 -30.1669 -41.9035 -59.1163
10239.189453 -35.8579 -55.287 -59.6499 -50.9453 -60.1386 -55.5597 -24.3044 -66.2466 -44.9109 -18.2343 -62.9579 -66.4008 -64.1492 -36.6865 -61.8136 -49.1248 -35.1111 -62.9383 -15.3887 -30.4503 -42.1962 -59.3692
10240.195312 -36.1938 -55.4721 -59.7183 -51.2436 -60.3404 -55.8168 -24.7266 -66.4388 -45.1808 -18.8877 -63.1213 -66.6336 -63.3063 -36.9763 -61.9538 -49.1508 -35.4797 -63.2253 -16.1043 -30.734 -42.4883 -59.6209
10241.200195 -36.5296 -55.6567 -59.7866 -51.5409 -60.5417 -56.073 -25.1362 -66.6286 -45.4506 -19.5058 -63.2835 -66.8631 -62.1307 -37.2664 -62.0929 -49.2042 -35.8434 -63.5093 -16.7389 -31.0181 -42.78 -59.8714
10242.205078 -36.8653 -55.8409 -59.8548 -51.8373 -60.7425 -56.3285 -25.5349 -66.8161 -45.7203 -20.0813 -63.4447 -67.0894 -60.554 -37.5567 -62.2307 -49.2793 -36.2025 -63.7902 -17.3145 -31.3026 -43.0711 -60.1206
10243.209961 -37.2009 -56.0246 -59.9228 -52.1327 -60.9429 -56.583 -25.9244 -67.0012 -45.9899 -20.6176 -63.6046 -67.3123 -58.3645 -37.847 -62.3663 -49.3715 -36.557 -64.068 -17.8461 -31.5874 -43.3617 -60.3685
10244.214844 -37.5362 -56.2078 -59.9907 -52.4272 -61.1427 -56.8368 -26.3064 -67.1839 -46.2594 -21.1219 -63.7634 -67.532 -55.1553 -38.1376 -62.4984 -49.4772 -36.9074 -64.3427 -18.3436 -31.8726 -43.6518 -60.615
10245.219727 -37.8714 -56.3905 -60.0584 -52.7207 -61.3419 -57.0896 -26.6827 -67.3642 -46.5289 -21.601 -63.921 -67.7483 -50.5411 -38.4282 -62.6237 -49.5935 -37.2538 -64.6142 -18.8135 -32.1582 -43.9413 -60.8601
10246.224609 -38.2063 -56.5728 -60.126 -53.0132 -61.5405 -57.3415 -27.0547 -67.542 -46.7982 -22.0591 -64.0773 -67.9613 -44.825 -38.7188 -62.7367 -49.7182 -37.5966 -64.8824 -19.2604 -32.4442 -44.2303 -61.1038
10247.230469 -38.541 -56.7545 -60.1935 -53.3048 -61.7385 -57.5925 -27.4237 -67.7175 -47.0673 -22.4987 -64.2323 -68.1709 -39.7811 -39.0096 -62.8271 -49.8494 -37.9359 -65.1473 -19.6877 -32.7306 -44.5188 -61.346
10248.235352 -38.8753 -56.9358 -60.2608 -53.5953 -61.9357 -57.8425 -27.7907 -67.8905 -47.3364 -22.9215 -64.3861 -68.3771 -37.3236 -39.3003 -62.8779 -49.9858 -38.272 -65.4089 -20.0981 -33.0174 -44.8066 -61.5867
10249.240234 -39.2093 -57.1165 -60.328 -53.8848 -62.1323 -58.0915 -28.1562 -68.061 -47.6052 -23.3289 -64.5385 -68.5799 -37.0898 -39.5911 -62.8631 -50.1262 -38.6052 -65.6671 -20.4938 -33.3045 -45.0939 -61.8259
10250.245117 -39.543 -57.2967 -60.395 -54.1733 -62.328 -58.3395 -28.5207 -68.2291 -47.8739 -23.7228 -64.6895 -68.7794 -37.8797 -39.8818 -62.7506 -50.2697 -38.9357 -65.9219 -20.8767 -33.592 -45.3807 -62.0634
10251.250000 -39.8764 -57.4764 -60.4618 -54.4608 -62.5229 -58.5865 -28.8846 -68.3947 -48.1424 -24.1046 -64.8389 -68.9754 -38.7072 -40.1725 -62.5105 -50.4156 -39.2636 -66.1733 -21.2485 -33.8799 -45.6668 -62.2994
10252.254883 -40.2093 -57.6556 -60.5285 -54.7472 -62.717 -58.8324 -29.2478 -68.5579 -48.4107 -24.476 -64.9866 -69.1681 -39.4424 -40.4631 -62.1276 -50.5634 -39.5891 -66.4211 -21.6106 -34.1681 -45.9524 -62.5336
10253.259766 -40.5418 -57.8342 -60.595 -55.0325 -62.9102 -59.0772 -29.6105 -68.7185 -48.6788 -24.8382 -65.1323 -69.3574 -40.1302 -40.7536 -61.6071 -50.7127 -39.9125 -66.6655 -21.9641 -34.4567 -46.2373 -62.7662
10254.264648 -40.8738 -58.0123 -60.6613 -55.3168 -63.1024 -59.3208 -29.9726 -68.8767 -48.9467 -25.1924 -65.2756 -69.5433 -40.7623 -41.044 -60.9722 -50.863 -40.2338 -66.9063 -22.3101 -34.7455 -46.5217 -62.997
10255.269531 -41.2053 -58.1898 -60.7275 -55.5999 -63.2937 -59.5633 -30.334 -69.0324 -49.2144 -25.5395 -65.4162 -69.7259 -41.3463 -41.3342 -60.2555 -51.0143 -40.5531 -67.1435 -22.6496 -35.0347 -46.8054 -63.226
10256.275391 -41.5363 -58.3667 -60.7934 -55.8818 -63.484 -59.8046 -30.6946 -69.1856 -49.4818 -25.8805 -65.5533 -69.905 -41.8951 -41.6242 -59.4905 -51.1662 -40.8707 -67.3772 -22.9833 -35.3241 -47.0885 -63.4532
10257.280273 -41.8668 -58.543 -60.8592 -56.1627 -63.6733 -60.0446 -31.0545 -69.3362 -49.749 -26.2162 -65.6863 -70.0808 -42.4227 -41.9141 -58.7079 -51.3186 -41.1865 -67.6072 -23.3121 -35.6137 -47.371 -63.6784
10258.285156 -42.1967 -58.7187 -60.9247 -56.4423 -63.8614 -60.2834 -31.4135 -69.4842 -50.0159 -26.5473 -65.8139 -70.2533 -42.9359 -42.2037 -57.9325 -51.4714 -41.5006 -67.8336 -23.6365 -35.9036 -47.6529 -63.9018
10259.290039 -42.5259 -58.8939 -60.9901 -56.7207 -64.0484 -60.5209 -31.7716 -69.6291 -50.2825 -26.8746 -65.9348 -70.4225 -43.4361 -42.4931 -57.1832 -51.6245 -41.8133 -68.0564 -23.957 -36.1936 -47.9342 -64.1232
10260.294922 -42.8546 -59.0684 -61.0553 -56.9979 -64.2343 -60.7571 -32.1287 -69.7701 -50.5489 -27.1986 -66.0471 -70.5883 -43.9223 -42.7822 -56.4734 -51.7779 -42.1244 -68.2755 -24.2743 -36.4838 -48.2148 -64.3427
10261.299805 -43.1826 -59.2422 -61.1202 -57.2739 -64.419 -60.9919 -32.4848 -69.9052 -50.815 -27.5198 -66.1484 -70.7509 -44.3933 -43.0711 -55.8115 -51.9314 -42.434 -68.4909 -24.5886 -36.7741 -48.4948 -64.5601
10262.304688 -43.51 -59.4154 -61.185 -57.5485 -64.6025 -61.2253 -32.8399 -70.0281 -51.0808 -27.8389 -66.2359 -70.9102 -44.8488 -43.3596 -55.2019 -52.0851 -42.7423 -68.7026 -24.9005 -37.0645 -48.7741 -64.7754
10263.310547 -43.8366 -59.588 -61.2495 -57.8219 -64.7847 -61.4573 -33.1939 -70.1221 -51.3462 -28.1561 -66.3061 -71.0662 -45.2889 -43.6479 -54.6464 -52.2389 -43.0493 -68.9106 -25.2102 -37.3549 -49.0528 -64.9887
10264.314453 -44.1626 -59.7598 -61.3138 -58.0939 -64.9655 -61.6878 -33.5469 -70.1392 -51.6114 -28.4718 -66.3549 -71.2191 -45.7144 -43.9357 -54.1457 -52.3928 -43.3549 -69.115 -25.518 -37.6454 -49.3309 -65.1998
10265.320312 -44.4878 -59.931 -61.3779 -58.3645 -65.1451 -61.9168 -33.8988 -69.9423 -51.8762 -28.7864 -66.3778 -71.3688 -46.1259 -44.2233 -53.7006 -52.5467 -43.6593 -69.3156 -25.8243 -37.936 -49.6083 -65.4087
10266.325195 -44.8122 -60.1015 -61.4418 -58.6338 -65.3233 -62.1443 -34.2496 -69.1215 -52.1407 -29.1 -66.37 -71.5153 -46.5242 -44.5104 -53.3119 -52.7007 -43.9624 -69.5126 -26.1292 -38.2265 -49.8851 -65.6154
10267.330078 -45.1359 -60.2712 -61.5054 -58.9016 -65.5001 -62.3701 -34.5994 -66.4567 -52.4049 -29.413 -66.3277 -71.6587 -46.9098 -44.7972 -52.9796 -52.8548 -44.2642 -69.7059 -26.4329 -38.517 -50.1612 -65.8199
10268.334961 -45.4588 -60.4402 -61.5688 -59.1679 -65.6754 -62.5944 -34.9481 -57.8436 -52.6686 -29.7254 -66.2491 -71.799 -47.2833 -45.0835 -52.7021 -53.0089 -44.5649 -69.8955 -26.7357 -38.8074 -50.4366 -66.0222
10269.339844 -45.7809 -60.6085 -61.632 -59.4328 -65.8493 -62.817 -35.2957 -31.011 -52.932 -30.0374 -66.1348 -71.9363 -47.6452 -45.3695 -52.4756 -53.1631 -44.8643 -70.0815 -27.0376 -39.0977 -50.7114 -66.2221
10270.344727 -46.1022 -60.776 -61.6949 -59.6961 -66.0217 -63.038 -35.6423 -15.7177 -53.195 -30.349 -65.9879 -72.0705 -47.9961 -45.655 -52.2947 -53.3173 -45.1626 -70.2638 -27.3389 -39.388 -50.9855 -66.4197
10271.349609 -46.4226 -60.9427 -61.7576 -59.9578 -66.1926 -63.2572 -35.9878 -15.6065 -53.4576 -30.6605 -65.8127 -72.2018 -48.3365 -45.94 -52.1526 -53.4716 -45.4597 -70.4425 -27.6396 -39.6781 -51.2589 -66.615
10272.355469 -46.7422 -61.1086 -61.82 -60.2179 -66.3619 -63.4747 -36.3324 -15.9367 -53.7198 -30.9718 -65.6143 -72.3301 -48.6669 -46.2246 -52.0424 -53.6259 -45.7557 -70.6176 -27.9398 -39.9681 -51.5317 -66.8079
10273.360352 -47.0609 -61.2737 -61.8821 -60.4764 -66.5297 -63.6904 -36.6758 -16.4412 -53.9815 -31.283 -65.3975 -72.4555 -48.9877 -46.5087 -51.957 -53.7802 -46.0505 -70.7891 -28.2398 -40.2579 -51.8038 -66.9984
10274.365234 -47.3787 -61.438 -61.944 -60.7332 -66.6958 -63.9043 -37.0183 -16.9181 -54.2428 -31.5941 -65.1666 -72.578 -49.2993 -46.7923 -51.8903 -53.9345 -46.3441 -70.957 -28.5394 -40.5474 -52.0752 -67.1865
10275.370117 -47.6956 -61.6014 -62.0056 -60.9882 -66.8603 -64.1163 -37.3598 -17.3868 -54.5036 -31.9052 -64.9256 -72.6977 -49.6022 -47.0754 -51.8373 -54.0889 -46.6366 -71.1214 -28.8389 -40.8368 -52.3459 -67.3721
10276.375000 -48.0116 -61.764 -62.067 -61.2416 -67.0231 -64.3264 -37.7003 -17.8544 -54.7639 -32.2163 -64.6777 -72.8147 -49.8968 -47.3579 -51.794 -54.2432 -46.928 -71.2823 -29.1382 -41.1259 -52.6159 -67.5553
10277.379883 -48.3267 -61.9256 -62.1281 -61.4931 -67.1843 -64.5346 -38.0398 -18.3151 -55.0237 -32.5273 -64.4254 -72.9288 -50.1833 -47.64 -51.757 -54.3976 -47.2182 -71.4397 -29.4374 -41.4147 -52.8852 -67.736
10278.384766 -48.6409 -62.0864 -62.1889 -61.7427 -67.3438 -64.7409 -38.3783 -18.763 -55.283 -32.8384 -64.171 -73.0403 -50.462 -47.9215 -51.7236 -54.552 -47.5073 -71.5937 -29.7366 -41.7032 -53.1538 -67.9142
10279.389648 -48.9541 -62.2463 -62.2495 -61.9906 -67.5015 -64.9452 -38.7159 -19.1961 -55.5418 -33.1495 -63.916 -73.1491 -50.7333 -48.2024 -51.6903 -54.7063 -47.7953 -71.7442 -30.0357 -41.9913 -53.4217 -68.09
10280.394531 -49.2663 -62.4053 -62.3097 -62.2364 -67.6575 -65.1474 -39.0526 -19.6143 -55.7999 -33.4607 -63.6617 -73.255 -50.9974 -48.4828 -51.6532 -54.8606 -48.0822 -71.8914 -30.3349 -42.2792 -53.6888 -68.2631
10281.400391 -49.5776 -62.5633 -62.3696 -62.4804 -67.8117 -65.3477 -39.3883 -20.0183 -56.0575 -33.7719 -63.4088 -73.3572 -51.2544 -48.7627 -51.6081 -55.0149 -48.3679 -72.0353 -30.6341 -42.5667 -53.9552 -68.4338
10282.405273 -49.8879 -62.7204 -62.4293 -62.7223 -67.9642 -65.5458 -39.7231 -20.4093 -56.3144 -34.0831 -63.1577 -73.4515 -51.5045 -49.0419 -51.5511 -55.1692 -48.6525 -72.1758 -30.9334 -42.8538 -54.2209 -68.602
10283.410156 -50.1973 -62.8765 -62.4885 -62.9622 -68.1148 -65.7419 -40.057 -20.7885 -56.5707 -34.3944 -62.9085 -73.5159 -51.7477 -49.3205 -51.4802 -55.3234 -48.936 -72.3131 -31.2328 -43.1405 -54.4858 -68.7676
10284.415039 -50.5056 -63.0316 -62.5474 -63.2001 -68.2636 -65.9359 -40.3899 -21.1572 -56.8264 -34.7057 -62.6607 -73.4286 -51.9836 -49.5986 -51.3951 -55.4775 -49.2184 -72.4472 -31.5323 -43.4268 -54.75 -68.9306
10285.419922 -50.8129 -63.1858 -62.6057 -63.4358 -68.4105 -66.1277 -40.722 -21.5166 -57.0813 -35.017 -62.4134 -72.488 -52.2113 -49.876 -51.2976 -55.6316 -49.4996 -72.5781 -31.8318 -43.7126 -55.0134 -69.0908
10286.424805 -51.1192 -63.3389 -62.6633 -63.6694 -68.5553 -66.3173 -41.0531 -21.8677 -57.3355 -35.3284 -62.1645 -66.2963 -52.4279 -50.1528 -51.1908 -55.7855 -49.7797 -72.7058 -32.1315 -43.998 -55.2759 -69.248
10287.429688 -51.4245 -63.4909 -62.7202 -63.9008 -68.6977 -66.5048 -41.3832 -22.2115 -57.5889 -35.6398 -61.9091 -26.2826 -52.6262 -50.429 -51.0788 -55.9394 -50.0587 -72.8305 -32.4313 -44.283 -55.5377 -69.4009
10288.435547 -51.7288 -63.642 -62.776 -64.1299 -68.8365 -66.6901 -41.7125 -22.5487 -57.8416 -35.9512 -61.6343 -3.8341 -52.7906 -50.7045 -50.9662 -56.0931 -50.3366 -72.9522 -32.7311 -44.5675 -55.7986 -69.5481
10289.439453 -52.032 -63.7919 -62.8305 -64.3569 -68.9689 -66.8731 -42.0407 -22.8801 -58.0934 -36.2627 -61.3016 -5.09848 -52.8932 -50.9794 -50.8572 -56.2467 -50.6133 -73.0708 -33.0311 -44.8515 -56.0587 -69.6878
10290.445312 -52.3341 -63.9408 -62.8835 -64.5815 -69.0867 -67.0539 -42.3681 -23.2064 -58.3443 -36.5741 -60.8222 -6.8009 -52.8938 -51.2537 -50.7556 -56.4002 -50.8889 -73.1866 -33.3311 -45.1349 -56.318 -69.8181
10291.450195 -52.6352 -64.0886 -62.9345 -64.8038 -69.1667 -67.2324 -42.6944 -23.528 -58.5944 -36.8856 -60.0739 -8.30299 -52.7538 -51.5272 -50.6645 -56.5534 -51.1633 -73.2994 -33.6313 -45.4179 -56.5764 -69.9373
10292.455078 -52.9352 -64.2353 -62.9833 -65.0238 -69.1397 -67.4086 -43.0198 -23.8456 -58.8435 -37.197 -58.9009 -9.6267 -52.4632 -51.8001 -50.5858 -56.7065 -51.4367 -73.4094 -33.9315 -45.7004 -56.8338 -70.042
10293.459961 -53.2342 -64.3809 -63.0296 -65.2413 -68.8001 -67.5826 -43.3442 -24.1595 -59.0917 -37.5084 -56.977 -10.7899 -52.0559 -52.0723 -50.5209 -56.8593 -51.7088 -73.5166 -34.2318 -45.9823 -57.0904 -70.1231
10294.464844 -53.532 -64.5253 -63.0729 -65.4565 -67.5503 -67.7542 -43.6676 -24.4702 -59.3389 -37.8197 -53.2457 -11.8132 -51.5913 -52.3438 -50.4705 -57.0119 -51.9798 -73.6211 -34.5321 -46.2636 -57.346 -70.1586
10295.469727 -53.8286 -64.6686 -63.1129 -65.6692 -63.918 -67.9236 -43.99 -24.7781 -59.585 -38.131 -40.0774 -12.7172 -51.1251 -52.6145 -50.4346 -57.1641 -52.2496 -73.7228 -34.8325 -46.5444 -57.6006 -70.1059
10296.474609 -54.1242 -64.8108 -63.1494 -65.8794 -55.1027 -68.0906 -44.3113 -25.0833 -59.8301 -38.4421 -21.2704 -13.5231 -50.6942 -52.8846 -50.4127 -57.3159 -52.5183 -73.822 -35.133 -46.8247 -57.8543 -69.8886
10297.480469 -54.4186 -64.9517 -63.1821 -66.0871 -35.0287 -68.2552 -44.6316 -25.3863 -60.074 -38.7531 -21.4939 -14.2502 -50.3158 -53.1538 -50.4042 -57.4671 -52.7857 -73.9185 -35.4334 -47.1043 -58.1069 -69.3888
10298.485352 -54.7118 -65.0915 -63.2108 -66.2923 -20.7849 -68.4175 -44.9508 -25.6873 -60.3168 -39.064 -23.542 -14.9148 -49.9946 -53.4224 -50.4082 -57.6176 -53.0519 -74.0125 -35.7339 -47.3834 -58.3585 -68.4275
10299.490234 -55.0039 -65.2301 -63.2351 -66.4949 -19.8011 -68.5775 -45.2689 -25.9865 -60.5583 -39.3747 -25.301 -15.5291 -49.7287 -53.6901 -50.4237 -57.7671 -53.3168 -74.104 -36.0343 -47.6618 -58.6091 -66.4529
10300.495117 -55.2947 -65.3674 -63.2551 -66.695 -19.7782 -68.7351 -45.5858 -26.2841 -60.7987 -39.6852 -26.738 -16.1027 -49.5135 -53.957 -50.4496 -57.9154 -53.5802 -74.1931 -36.3348 -47.9397 -58.8585 -60.8041
10301.500000 -55.5843 -65.5035 -63.2706 -66.8925 -19.9239 -68.8903 -45.9014 -26.5803 -61.0377 -39.9954 -27.9361 -16.6428 -49.3436 -54.2232 -50.485 -58.062 -53.8423 -74.2797 -36.6352 -48.217 -59.1068 -40.6483
10302.504883 -55.8727 -65.6382 -63.2816 -67.0873 -20.3916 -69.043 -46.2158 -26.8753 -61.2754 -40.3054 -28.9712 -17.1549 -49.2137 -54.4885 -50.5289 -58.2063 -54.1027 -74.364 -36.9356 -48.4936 -59.354 -16.0088
10303.509766 -56.1598 -65.7714 -63.2879 -67.2795 -20.769 -69.1931 -46.5287 -27.1691 -61.5117 -40.615 -29.8872 -17.6434 -49.1187 -54.7529 -50.5803 -58.3474 -54.3613 -74.4457 -37.2359 -48.7696 -59.6 -14.1784
10304.514648 -56.4456 -65.9027 -63.2898 -67.4691 -21.072 -69.34 -46.8401 -27.4621 -61.7466 -40.9243 -30.7094 -18.1119 -49.0541 -55.0165 -50.6385 -58.4846 -54.618 -74.5234 -37.5361 -49.045 -59.8447 -13.9441
10305.519531 -56.7301 -66.0315 -63.2872 -67.656 -21.4243 -69.4828 -47.1499 -27.7542 -61.9801 -41.2332 -31.4541 -18.5633 -49.016 -55.2792 -50.7026 -58.617 -54.8724 -74.5889 -37.8363 -49.3197 -60.0883 -13.6323
10306.525391 -57.0133 -66.1565 -63.2803 -67.8402 -21.7609 -69.6186 -47.4579 -28.0456 -62.212 -41.5416 -32.1331 -19.0003 -49.0011 -55.541 -50.7721 -58.7441 -55.1243 -74.5917 -38.1363 -49.5939 -60.3305 -13.8788
10307.530273 -57.295 -66.2748 -63.2693 -68.0218 -22.0063 -69.7399 -47.7639 -28.3363 -62.4424 -41.8495 -32.7561 -19.4249 -49.0061 -55.8019 -50.8463 -58.8655 -55.3735 -74.2133 -38.4362 -49.8673 -60.5714 -14.4971
10308.535156 -57.5754 -66.3814 -63.2544 -68.2006 -22.1776 -69.8258 -48.0677 -28.6266 -62.6712 -42.1569 -33.3307 -19.8388 -49.0288 -56.0618 -50.9247 -58.981 -55.6196 -71.2919 -38.736 -50.1401 -60.811 -15.2389
10309.540039 -57.8544 -66.4668 -63.2359 -68.3768 -22.3235 -69.8161 -48.369 -28.9163 -62.8984 -42.4636 -33.8636 -20.2438 -49.0667 -56.3207 -51.0065 -59.0908 -55.8626 -48.9173 -39.0357 -50.4123 -61.0492 -15.9859
10310.544922 -58.1319 -66.5157 -63.2139 -68.5502 -22.4738 -69.5272 -48.6675 -29.2057 -63.1239 -42.7698 -34.3603 -20.641 -49.118 -56.5786 -51.0905 -59.1953 -56.102 3.363 -39.3352 -50.6838 -61.286 -16.6941
10311.549805 -58.4079 -66.5026 -63.1888 -68.7209 -22.6404 -68.4081 -48.963 -29.4947 -63.3476 -43.0752 -34.8253 -21.0316 -49.1812 -56.8355 -51.1742 -59.2951 -56.3378 1.09049 -39.6345 -50.9546 -61.5213 -17.3523
10312.554688 -58.6824 -66.3861 -63.1609 -68.8889 -22.8254 -64.7521 -49.2551 -29.7835 -63.5696 -43.38 -35.2628 -21.4165 -49.2547 -57.0914 -51.2524 -59.3905 -56.5697 -1.53069 -39.9336 -51.2247 -61.7552 -17.9621
10313.560547 -58.9553 -66.0991 -63.1304 -69.0542 -23.0269 -53.2307 -49.5435 -30.072 -63.7898 -43.684 -35.6761 -21.7967 -49.3374 -57.3461 -51.3169 -59.4824 -56.7977 -3.72517 -40.2326 -51.4942 -61.9875 -18.5288
10314.564453 -59.2266 -65.5342 -63.0978 -69.2168 -23.2419 -22.9981 -49.8279 -30.3604 -64.0081 -43.9872 -36.0679 -22.1727 -49.4282 -57.5998 -51.357 -59.5712 -57.0217 -5.50927 -40.5313 -51.763 -62.2183 -19.0585
10315.570312 -59.4963 -64.5394 -63.0633 -69.3767 -23.4675 -16.2227 -50.108 -30.6486 -64.2246 -44.2896 -36.4408 -22.5453 -49.5263 -57.8523 -51.3614 -59.6576 -57.2416 -6.9721 -40.8297 -52.0311 -62.4474 -19.5567
10316.575195 -59.7644 -62.9735 -63.0271 -69.5339 -23.701 -16.0373 -50.3837 -30.9366 -64.4391 -44.591 -36.7969 -22.915 -49.6309 -58.1036 -51.3214 -59.7421 -57.4573 -8.19402 -41.1279 -52.2985 -62.6749 -20.0281
10317.580078 -60.0308 -60.8039 -62.9897 -69.6884 -23.9405 -16.699 -50.6547 -31.2246 -64.6516 -44.8916 -37.1379 -23.2823 -49.7412 -58.3538 -51.2334 -59.8252 -57.669 -9.24761 -41.4258 -52.5651 -62.9008 -20.4765
10318.584961 -60.2954 -58.2103 -62.9513 -69.8402 -24.1843 -17.3598 -50.921 -31.5125 -64.8622 -45.1913 -37.4656 -23.6476 -49.8568 -58.6027 -51.0999 -59.9075 -57.8766 -10.1737 -41.7234 -52.8311 -63.1249 -20.9053
10319.589844 -60.5582 -55.4075 -62.9122 -69.9893 -24.4314 -17.9887 -51.1824 -31.8003 -65.0706 -45.49 -37.7813 -24.0112 -49.977 -58.8504 -50.9287 -59.9892 -58.0801 -10.9946 -42.0206 -53.0964 -63.3473 -21.3172
10320.594727 -60.8193 -53.0014 -62.8726 -70.1357 -24.6809 -18.6026 -51.4389 -32.0881 -65.277 -45.7877 -38.0862 -24.3736 -50.1014 -59.0968 -50.7305 -60.0707 -58.2797 -11.7272 -42.3176 -53.3609 -63.568 -21.7144
10321.599609 -61.0785 -51.3513 -62.8326 -70.2795 -24.9322 -19.1795 -51.6904 -32.3758 -65.4813 -46.0843 -38.3815 -24.7349 -50.2297 -59.3418 -50.5172 -60.1524 -58.4754 -12.3875 -42.6142 -53.6247 -63.7868 -22.0988
10322.605469 -61.3358 -50.1556 -62.7917 -70.4207 -25.1847 -19.7154 -51.9369 -32.6635 -65.6835 -46.38 -38.668 -25.0955 -50.3615 -59.5856 -50.2994 -60.2342 -58.6673 -12.9898 -42.9104 -53.8878 -64.0037 -22.4722
10323.610352 -61.5912 -49.182 -62.748 -70.5592 -25.4383 -20.2216 -52.1784 -32.9512 -65.8834 -46.6745 -38.9467 -25.4555 -50.4964 -59.8279 -50.0861 -60.3164 -58.8556 -13.5461 -43.2062 -54.1501 -64.2188 -22.8358
10324.615234 -61.8446 -48.3563 -62.6942 -70.6951 -25.6927 -20.7026 -52.415 -33.2389 -66.0811 -46.968 -39.2183 -25.8151 -50.6343 -60.0689 -49.8836 -60.3982 -59.0404 -14.066 -43.5016 -54.4116 -64.4319 -23.1909
10325.620117 -62.096 -47.6426 -62.6126 -70.8284 -25.9476 -21.1595 -52.6467 -33.5266 -66.2766 -47.2604 -39.4834 -26.1746 -50.7747 -60.3084 -49.6963 -60.4782 -59.2217 -14.5571 -43.7966 -54.6723 -64.6432 -23.5386
10326.625000 -62.3453 -47 -62.4724 -70.9592 -26.2029 -21.5946 -52.8736 -33.8143 -66.4698 -47.5517 -39.7427 -26.5339 -50.9176 -60.5464 -49.5267 -60.5524 -59.3999 -15.025 -44.0912 -54.9323 -64.8524 -23.8798
10327.629883 -62.5926 -46.3912 -62.2335 -71.0874 -26.4586 -22.0105 -53.0958 -34.1019 -66.6607 -47.8419 -39.9967 -26.8934 -51.0628 -60.7829 -49.3758 -60.6126 -59.5749 -15.4745 -44.3853 -55.1915 -65.0596 -24.2152
10328.634766 -62.8377 -45.7932 -61.8526 -71.2131 -26.7146 -22.4097 -53.3136 -34.3896 -66.8493 -48.1309 -40.2459 -27.2529 -51.21 -61.0179 -49.2438 -60.6433 -59.747 -15.909 -44.679 -55.4498 -65.2647 -24.5455
10329.639648 -63.0807 -45.1967 -61.2908 -71.3363 -26.9709 -22.7942 -53.5269 -34.6772 -67.0356 -48.4188 -40.4908 -27.6128 -51.359 -61.2513 -49.1301 -60.6181 -59.9162 -16.3313 -44.9722 -55.7073 -65.4678 -24.8713
10330.644531 -63.3214 -44.5996 -60.5192 -71.457 -27.2273 -23.1655 -53.7361 -34.9648 -67.2194 -48.7055 -40.7317 -27.9728 -51.5099 -61.4831 -49.0338 -60.499 -60.0828 -16.7438 -45.2649 -55.9639 -65.6688 -25.1932
10331.650391 -63.56 -43.9997 -59.5252 -71.5753 -27.4839 -23.5252 -53.9412 -35.2524 -67.4009 -48.9911 -40.9691 -28.3333 -51.6623 -61.7133 -48.9537 -60.2379 -60.2468 -17.1484 -45.5571 -56.2197 -65.8676 -25.5116
10332.655273 -63.7962 -43.3895 -58.3159 -71.6911 -27.7407 -23.8745 -54.1426 -35.54 -67.58 -49.2755 -41.2031 -28.6941 -51.8162 -61.9417 -48.8888 -59.7985 -60.4084 -17.5465 -45.8488 -56.4746 -66.0643 -25.8269
10333.660156 -64.0301 -42.7653 -56.9243 -71.8045 -27.9976 -24.2146 -54.3404 -35.8275 -67.7566 -49.5588 -41.4342 -29.0554 -51.9715 -62.1685 -48.8376 -59.1888 -60.5678 -17.9395 -46.14 -56.7286 -66.2588 -26.1395
10334.665039 -64.2617 -42.1465 -55.3997 -71.9156 -28.2547 -24.5467 -54.5349 -36.115 -67.9308 -49.8409 -41.6626 -29.4171 -52.1281 -62.3936 -48.7992 -58.4562 -60.725 -18.3285 -46.4306 -56.9817 -66.451 -26.4497
10335.669922 -64.4909 -41.5933 -53.7986 -72.0243 -28.5121 -24.8717 -54.7262 -36.4024 -68.1025 -50.1218 -41.8885 -29.7792 -52.2858 -62.6169 -48.7724 -57.6602 -60.8803 -18.7144 -46.7207 -57.2338 -66.6411 -26.7578
10336.674805 -64.7176 -41.1816 -52.1808 -72.1307 -28.7696 -25.1905 -54.9146 -36.6898 -68.2718 -50.4015 -42.1122 -30.1418 -52.4446 -62.8384 -48.7562 -56.8516 -61.0336 -19.0979 -47.0102 -57.485 -66.8288 -27.0641
10337.679688 -64.9419 -40.9529 -50.6157 -72.2349 -29.0273 -25.5039 -55.1003 -36.9771 -68.4386 -50.6801 -42.3338 -30.5049 -52.6045 -63.0581 -48.7497 -56.0662 -61.1852 -19.4798 -47.2992 -57.7352 -67.0143 -27.3687
10338.685547 -65.1637 -40.888 -49.1745 -72.3367 -29.2853 -25.8124 -55.2835 -37.2644 -68.6029 -50.9575 -42.5534 -30.8684 -52.7653 -63.2759 -48.7522 -55.3273 -61.3352 -19.8606 -47.5876 -57.9843 -67.1975 -27.6719
10339.689453 -65.383 -40.9362 -47.9185 -72.4364 -29.5436 -26.1168 -55.4644 -37.5515 -68.7646 -51.2337 -42.7713 -31.2324 -52.9269 -63.4919 -48.7629 -54.6493 -61.4835 -20.2407 -47.8754 -58.2325 -67.3784 -27.9739
10340.695312 -65.5998 -41.0495 -46.891 -72.5338 -29.8022 -26.4175 -55.6432 -37.8386 -68.9236 -51.5088 -42.9877 -31.5968 -53.0894 -63.7059 -48.7811 -54.0405 -61.6304 -20.6207 -48.1626 -58.4795 -67.557 -28.2748
10341.700195 -65.8139 -41.2006 -46.1045 -72.6292 -30.061 -26.715 -55.82 -38.1255 -69.0799 -51.7826 -43.2025 -31.9615 -53.2526 -63.918 -48.8064 -53.5051 -61.776 -21.0007 -48.4492 -58.7255 -67.7332 -28.5747
10342.705078 -66.0255 -41.3751 -45.5374 -72.7223 -30.3202 -27.0098 -55.9951 -38.4124 -69.2328 -52.0553 -43.416 -32.3267 -53.4165 -64.1281 -48.8381 -53.0442 -61.9202 -21.3812 -48.7352 -58.9704 -67.907 -28.8738
10343.709961 -66.2344 -41.5661 -45.1506 -72.8134 -30.5797 -27.3022 -56.1686 -38.6991 -69.3814 -52.3269 -43.6283 -32.6922 -53.581 -64.3362 -48.8758 -52.6562 -62.0631 -21.7624 -49.0205 -59.2141 -68.0785 -29.1722
10344.714844 -66.4406 -41.7712 -44.9045 -72.9025 -30.8395 -27.5924 -56.3407 -38.9857 -69.5235 -52.5972 -43.8394 -33.0581 -53.7461 -64.5423 -48.9192 -52.3371 -62.2049 -22.1443 -49.3053 -59.4567 -68.2476 -29.47
10345.719727 -66.6442 -41.9894 -44.7671 -72.9895 -31.0997 -27.881 -56.5115 -39.2722 -69.6536 -52.8664 -44.0495 -33.4242 -53.9117 -64.7464 -48.9679 -52.0817 -62.3456 -22.5273 -49.5894 -59.698 -68.4142 -29.7673
10346.724609 -66.8451 -42.2205 -44.7136 -73.0745 -31.3603 -28.1679 -56.6811 -39.5585 -69.7592 -53.1344 -44.2587 -33.7906 -54.0778 -64.9484 -49.0214 -51.8837 -62.4852 -22.9115 -49.8728 -59.9381 -68.5785 -30.0641
10347.730469 -67.0433 -42.4637 -44.724 -73.1575 -31.6212 -28.4536 -56.8497 -39.8446 -69.8092 -53.4013 -44.4669 -34.1573 -54.2443 -65.1483 -49.0797 -51.7364 -62.6238 -23.2969 -50.1556 -60.177 -68.7404 -30.3605
10348.735352 -67.2387 -42.7176 -44.7825 -73.2387 -31.8824 -28.7382 -57.0173 -40.1306 -69.7265 -53.6669 -44.6743 -34.5241 -54.4113 -65.3461 -49.1422 -51.6335 -62.7614 -23.6836 -50.4378 -60.4146 -68.8998 -30.6566
10349.740234 -67.4314 -42.9804 -44.8759 -73.3179 -32.144 -29.0219 -57.1841 -40.4163 -69.3103 -53.9314 -44.881 -34.8911 -54.5786 -65.5417 -49.209 -51.5687 -62.8981 -24.0716 -50.7193 -60.6508 -69.0569 -30.9524
10350.745117 -67.6213 -43.2505 -44.9942 -73.3953 -32.406 -29.3048 -57.3501 -40.7019 -67.994 -54.1947 -45.087 -35.2582 -54.7462 -65.7352 -49.2796 -51.5366 -63.0338 -24.4611 -51.0001 -60.8857 -69.2115 -31.248
10351.750000 -67.8084 -43.5267 -45.1294 -73.4709 -32.6683 -29.5871 -57.5155 -40.9872 -64.1152 -54.4569 -45.2923 -35.6254 -54.9141 -65.9265 -49.3539 -51.5322 -63.1687 -24.852 -51.2802 -61.1192 -69.3638 -31.5433
10352.754883 -67.9928 -43.8077 -45.2759 -73.5446 -32.931 -29.8689 -57.6803 -41.2723 -53.2824 -54.7178 -45.497 -35.9927 -55.0822 -66.1156 -49.4318 -51.5513 -63.3027 -25.2443 -51.5597 -61.3513 -69.5136 -31.8385
10353.759766 -68.1743 -44.0928 -45.4293 -73.6167 -33.1939 -30.1504 -57.8445 -41.5571 -28.0466 -54.9776 -45.7012 -36.36 -55.2506 -66.3025 -49.513 -51.5901 -63.4358 -25.638 -51.8384 -61.5819 -69.6612 -32.1336
10354.764648 -68.3531 -44.3813 -45.5867 -73.687 -33.4572 -30.4315 -58.0083 -41.8417 -18.4663 -55.2361 -45.9049 -36.7273 -55.4192 -66.4872 -49.5974 -51.6456 -63.5681 -26.033 -52.1165 -61.8111 -69.8068 -32.4286
10355.769531 -68.529 -44.6724 -45.7459 -73.7556 -33.7207 -30.7125 -58.1717 -42.1259 -16.4517 -55.4935 -46.1081 -37.0945 -55.5879 -66.6697 -49.6848 -51.7151 -63.6995 -26.4295 -52.3938 -62.0387 -69.9514 -32.7234
10356.775391 -68.7022 -44.9656 -45.9054 -73.8225 -33.9845 -30.9933 -58.3347 -42.4099 -16.9002 -55.7496 -46.3109 -37.4616 -55.7567 -66.8498 -49.7752 -51.7965 -63.8301 -26.8272 -52.6704 -62.2647 -70.0974 -33.0182
10357.780273 -68.8725 -45.2601 -46.0643 -73.8878 -34.2486 -31.274 -58.4974 -42.6936 -17.5816 -56.0046 -46.5132 -37.8286 -55.9256 -67.0278 -49.8683 -51.888 -63.9599 -27.2262 -52.9463 -62.4892 -70.248 -33.3129
10358.785156 -69.04 -45.5554 -46.2219 -73.9508 -34.5129 -31.5547 -58.6599 -42.9769 -18.1534 -56.2583 -46.7152 -38.1954 -56.0946 -67.2034 -49.9642 -51.988 -64.0889 -27.6264 -53.2214 -62.7121 -70.4027 -33.6076
10359.790039 -69.2047 -45.8509 -46.3779 -74.0057 -34.7774 -31.8355 -58.822 -43.2599 -18.6827 -56.5108 -46.9168 -38.562 -56.2636 -67.3768 -50.0625 -52.0952 -64.2171 -28.0277 -53.4958 -62.9333 -70.5029 -33.9022
10360.794922 -69.3667 -46.1462 -46.5319 -73.9862 -35.0421 -32.1163 -58.9839 -43.5425 -19.2021 -56.762 -47.1181 -38.9284 -56.4326 -67.5478 -50.1633 -52.2087 -64.3445 -28.4301 -53.7694 -63.1528 -70.5137 -34.1968
10361.799805 -69.5258 -46.4408 -46.684 -73.1906 -35.307 -32.3973 -59.1456 -43.8248 -19.6975 -57.012 -47.319 -39.2946 -56.6016 -67.7166 -50.2665 -52.3276 -64.471 -28.8335 -54.0422 -63.3706 -70.4296 -34.4913
10362.804688 -69.6821 -46.7344 -46.8341 -63.0739 -35.5721 -32.6783 -59.3072 -44.1067 -20.1672 -57.2607 -47.5197 -39.6604 -56.7705 -67.8831 -50.372 -52.4511 -64.5967 -29.2378 -54.3143 -63.5866 -70.2243 -34.7857
10363.810547 -69.8357 -47.0266 -46.9823 -2.21773 -35.8372 -32.9595 -59.4685 -44.3882 -20.6124 -57.5081 -47.7201 -40.0259 -56.9394 -68.0472 -50.4796 -52.5787 -64.7216 -29.643 -54.5855 -63.8008 -69.7984 -35.0802
10364.814453 -69.9864 -47.3171 -47.1286 1.35882 -36.1025 -33.2409 -59.6296 -44.6693 -21.036 -57.7543 -47.9202 -40.3911 -57.1082 -68.2091 -50.5893 -52.7099 -64.8457 -30.0489 -54.8559 -64.0132 -68.9901 -35.3745
10365.820312 -70.1345 -47.6057 -47.2732 -0.83338 -36.3678 -33.5224 -59.7906 -44.95 -21.4398 -57.9991 -48.1201 -40.7558 -57.2768 -68.3686 -50.701 -52.8442 -64.9689 -30.4556 -55.1255 -64.2238 -67.2021 -35.6689
10366.825195 -70.2798 -47.8922 -47.4162 -3.37631 -36.6332 -33.8042 -59.9514 -45.2303 -21.826 -58.2426 -48.3197 -41.1201 -57.4453 -68.5258 -50.8146 -52.9814 -65.0913 -30.8629 -55.3942 -64.4325 -62.4116 -35.9631
10367.830078 -70.4223 -48.1765 -47.5577 -5.43947 -36.8986 -34.0861 -60.112 -45.5101 -22.1966 -58.4848 -48.5191 -41.4839 -57.6136 -68.6807 -50.9301 -53.121 -65.2128 -31.2708 -55.662 -64.6392 -55.5238 -36.2573
10368.834961 -70.5622 -48.4584 -47.6977 -6.96 -37.164 -34.3682 -60.2725 -45.7895 -22.5533 -58.7256 -48.7183 -41.8472 -57.7817 -68.8332 -51.0474 -53.2629 -65.3335 -31.6792 -55.929 -64.8441 -26.6898 -36.5515
10369.839844 -70.6994 -48.7378 -47.8364 -8.22549 -37.4294 -34.6505 -60.4327 -46.0685 -22.8977 -58.9651 -48.9173 -42.21 -57.9495 -68.9835 -51.1664 -53.4068 -65.4533 -32.0879 -56.195 -65.0469 -11.5922 -36.8455
10370.844727 -70.8339 -49.0147 -47.9739 -9.32627 -37.6947 -34.933 -60.5928 -46.3469 -23.2313 -59.2031 -49.1161 -42.5721 -58.117 -69.1314 -51.2871 -53.5525 -65.5722 -32.497 -56.4601 -65.2477 -12.198 -37.1395
10371.849609 -70.9658 -49.2889 -48.1101 -10.2897 -37.96 -35.2156 -60.7526 -46.6249 -23.5554 -59.4398 -49.3146 -42.9336 -58.2842 -69.2771 -51.4094 -53.6999 -65.6902 -32.9063 -56.7242 -65.4465 -11.9089 -37.4334
10372.855469 -71.095 -49.5605 -48.2452 -11.1378 -38.2252 -35.4984 -60.9123 -46.9024 -23.8712 -59.675 -49.513 -43.2945 -58.451 -69.4205 -51.5332 -53.8489 -65.8073 -33.3159 -56.9874 -65.6433 -12.5668 -37.7272
10373.860352 -71.2217 -49.8291 -48.3793 -11.8923 -38.4902 -35.7814 -61.0717 -47.1794 -24.1795 -59.9088 -49.7112 -43.6547 -58.6173 -69.5615 -51.6585 -53.9992 -65.9235 -33.7255 -57.2495 -65.838 -13.6653 -38.0209
10374.865234 -71.3458 -50.0944 -48.5123 -12.5721 -38.7552 -36.0645 -61.2309 -47.4559 -24.4813 -60.1411 -49.9093 -44.0142 -58.7829 -69.7003 -51.7853 -54.1509 -66.0388 -34.1352 -57.5107 -66.0305 -14.7019 -38.3145
10375.870117 -71.4673 -50.3555 -48.6442 -13.192 -39.02 -36.3478 -61.3898 -47.7318 -24.7775 -60.3719 -50.1071 -44.3729 -58.9477 -69.8368 -51.9134 -54.3038 -66.1531 -34.5449 -57.7707 -66.221 -15.6531 -38.6079
10376.875000 -71.5863 -50.6107 -48.7752 -13.7632 -39.2846 -36.6312 -61.5484 -48.0073 -25.0686 -60.6012 -50.3048 -44.7308 -59.1115 -69.971 -52.0428 -54.4577 -66.2665 -34.9545 -58.0297 -66.4093 -16.5302 -38.9012
10377.879883 -71.7029 -50.8577 -48.9052 -14.2941 -39.549 -36.9147 -61.7067 -48.2822 -25.3554 -60.829 -50.5023 -45.088 -59.2739 -70.1026 -52.1735 -54.6127 -66.379 -35.3639 -58.2876 -66.5954 -17.3377 -39.1944
10378.884766 -71.8169 -51.0931 -49.0343 -14.7915 -39.8131 -37.1982 -61.8647 -48.5565 -25.6384 -61.0552 -50.6996 -45.4443 -59.4344 -70.2309 -52.3055 -54.7686 -66.4906 -35.7732 -58.5443 -66.7793 -18.079 -39.4874
10379.889648 -71.9286 -51.3134 -49.1624 -15.2606 -40.0771 -37.4819 -62.0224 -48.8304 -25.9181 -61.2799 -50.8967 -45.7998 -59.5923 -70.352 -52.4386 -54.9255 -66.6012 -36.1821 -58.7998 -66.961 -18.7616 -39.7803
10380.894531 -72.0378 -51.5151 -49.2895 -15.7055 -40.3408 -37.7656 -62.1797 -49.1036 -26.1948 -61.5029 -51.0937 -46.1544 -59.7469 -70.4506 -52.5729 -55.0831 -66.7109 -36.5908 -59.0541 -67.1405 -19.394 -40.0729
10381.900391 -72.1447 -51.6961 -49.4157 -16.1299 -40.6041 -38.0494 -62.3366 -49.3763 -26.469 -61.7244 -51.2905 -46.5081 -59.8969 -70.465 -52.7082 -55.2415 -66.8196 -36.999 -59.3072 -67.3177 -19.9841 -40.3654
10382.905273 -72.2492 -51.8555 -49.541 -16.5366 -40.8672 -38.3332 -62.4931 -49.6485 -26.7411 -61.9441 -51.4871 -46.8609 -60.0414 -70.1661 -52.8446 -55.4006 -66.9273 -37.4068 -59.5591 -67.4927 -20.5384 -40.6577
10383.910156 -72.3514 -51.9944 -49.6654 -16.9282 -41.1299 -38.617 -62.6491 -49.92 -27.0113 -62.1622 -51.6835 -47.2127 -60.1793 -68.747 -52.982 -55.5603 -67.0341 -37.8141 -59.8096 -67.6654 -21.0623 -40.9498
10384.915039 -72.4514 -52.1149 -49.7889 -17.3068 -41.3923 -38.9008 -62.8047 -50.191 -27.2798 -62.3786 -51.8798 -47.5636 -60.3099 -63.4508 -53.1204 -55.7207 -67.1399 -38.2209 -60.0588 -67.8358 -21.5601 -41.2416
10385.919922 -72.5491 -52.2202 -49.9114 -17.6743 -41.6544 -39.1846 -62.9598 -50.4614 -27.547 -62.5933 -52.0759 -47.9134 -60.4324 -48.5138 -53.2597 -55.8816 -67.2448 -38.6271 -60.3066 -68.0039 -22.0354 -41.5332
10386.924805 -72.6446 -52.314 -50.0331 -18.0322 -41.916 -39.4684 -63.1144 -50.7312 -27.813 -62.8063 -52.2718 -48.2623 -60.5467 -22.4608 -53.3998 -56.043 -67.3487 -39.0327 -60.553 -68.1697 -22.4912 -41.8245
10387.929688 -72.738 -52.3996 -50.1538 -18.382 -42.1773 -39.7521 -63.2684 -51.0004 -28.0781 -63.0175 -52.4675 -48.6101 -60.6529 -15.0047 -53.5409 -56.2049 -67.4517 -39.4375 -60.7979 -68.3332 -22.9301 -42.1155
10388.935547 -72.8292 -52.48 -50.2736 -18.7247 -42.4381 -40.0357 -63.4219 -51.2689 -28.3423 -63.2269 -52.663 -48.9569 -60.7511 -16.1471 -53.6827 -56.3672 -67.5536 -39.8417 -61.0414 -68.4944 -23.3541 -42.4062
10389.939453 -72.9183 -52.5578 -50.3925 -19.0616 -42.6986 -40.3193 -63.5748 -51.5369 -28.6058 -63.4345 -52.8583 -49.3026 -60.8418 -16.4924 -53.8253 -56.5299 -67.6547 -40.2451 -61.2833 -68.6533 -23.765 -42.6966
10390.945312 -73.0053 -52.6351 -50.5103 -19.3933 -42.9586 -40.6028 -63.7271 -51.8042 -28.8689 -63.6403 -53.0534 -49.6473 -60.9257 -16.8969 -53.9686 -56.6929 -67.7547 -40.6477 -61.5237 -68.8098 -24.1644 -42.9866
10391.950195 -73.0903 -52.7132 -50.6268 -19.7209 -43.2182 -40.8861 -63.8787 -52.0709 -29.1315 -63.8442 -53.2482 -49.9908 -61.0035 -17.3128 -54.1126 -56.8562 -67.8538 -41.0494 -61.7625 -68.964 -24.5536 -43.2764
10392.955078 -73.1734 -52.7932 -50.7418 -20.0449 -43.4773 -41.1692 -64.0296 -52.337 -29.3937 -64.0462 -53.4429 -50.3332 -61.0759 -17.7919 -54.2573 -57.0198 -67.952 -41.4502 -61.9996 -69.116 -24.9338 -43.5657
10393.959961 -73.2544 -52.8759 -50.8547 -20.3659 -43.736 -41.4522 -64.1799 -52.6023 -29.6558 -64.2464 -53.6374 -50.6745 -61.1437 -18.2998 -54.4026 -57.1836 -68.0492 -41.85 -62.2351 -69.266 -25.306 -43.8547
10394.964844 -73.3336 -52.9617 -50.9648 -20.6845 -43.9942 -41.735 -64.3295 -52.8671 -29.9177 -64.4446 -53.8316 -51.0147 -61.2076 -18.8016 -54.5485 -57.3476 -68.1454 -42.2489 -62.4689 -69.414 -25.671 -44.1434
10395.969727 -73.4109 -53.0508 -51.0712 -21.0012 -44.2519 -42.0176 -64.4783 -53.1311 -30.1796 -64.641 -54.0256 -51.3536 -61.2685 -19.2846 -54.6949 -57.5117 -68.2405 -42.6467 -62.7009 -69.5598 -26.0297 -44.4316
10396.974609 -73.4863 -53.1433 -51.1732 -21.3164 -44.5091 -42.2999 -64.6263 -53.3945 -30.4415 -64.8353 -54.2193 -51.6914 -61.3269 -19.7456 -54.8419 -57.676 -68.3344 -43.0435 -62.9311 -69.7004 -26.3826 -44.7195
10397.980469 -73.5599 -53.2391 -51.2697 -21.6304 -44.7659 -42.582 -64.7735 -53.6572 -30.7034 -65.0277 -54.4128 -52.028 -61.3836 -20.1855 -54.9893 -57.8404 -68.4265 -43.4391 -63.1595 -69.8173 -26.7305 -45.0069
10398.985352 -73.6317 -53.3382 -51.3603 -21.9435 -45.0221 -42.8638 -64.9199 -53.9192 -30.9654 -65.2181 -54.606 -52.3634 -61.4391 -20.6054 -55.1372 -58.0048 -68.5147 -43.8336 -63.386 -69.83 -27.0738 -45.2939
10399.990234 -73.7017 -53.4405 -51.4443 -22.256 -45.2779 -43.1454 -65.0654 -54.1805 -31.2276 -65.4065 -54.7989 -52.6975 -61.494 -21.0066 -55.2855 -58.1692 -68.5918 -44.2269 -63.6107 -69.4308 -27.413 -45.5805
10400.995117 -73.7701 -53.5456 -51.5217 -22.5682 -45.5331 -43.4266 -65.2101 -54.441 -31.49 -65.5928 -54.9916 -53.0303 -61.5487 -21.3906 -55.4342 -58.3334 -68.6292 -44.619 -63.8334 -67.5183 -27.7486 -45.8666
10402.000000 -73.8368 -53.6535 -51.5926 -22.8803 -45.7879 -43.7076 -65.3538 -54.7008 -31.7525 -65.7772 -55.184 -53.3619 -61.6037 -21.7593 -55.5833 -58.4975 -68.5127 -45.0099 -64.0541 -60.4941 -28.0808 -46.1523
10403.004883 -73.9018 -53.764 -51.6572 -23.1924 -46.0421 -43.9882 -65.4965 -54.9598 -32.0154 -65.9594 -55.3761 -53.6922 -61.6593 -22.1145 -55.7327 -58.6612 -67.7913 -45.3995 -64.2728 -40.4572 -28.41 -46.4375
10404.009766 -73.9651 -53.8767 -51.7163 -23.5047 -46.2958 -44.2684 -65.6382 -55.218 -32.2784 -66.1397 -55.5678 -54.0211 -61.7157 -22.458 -55.8824 -58.8242 -64.9075 -45.7878 -64.4895 -18.6991 -28.7365 -46.7222
10405.014648 -74.0265 -53.9915 -51.7703 -23.8173 -46.549 -44.5483 -65.7787 -55.4755 -32.5418 -66.3178 -55.7593 -54.3487 -61.7732 -22.7915 -56.0324 -58.9861 -57.0395 -46.1748 -64.7041 -14.7287 -29.0605 -47.0065
10406.019531 -74.0835 -54.1081 -51.8202 -24.1303 -46.8017 -44.8278 -65.9179 -55.7322 -32.8055 -66.4938 -55.9504 -54.6749 -61.832 -23.1165 -56.1825 -59.1463 -40.7976 -46.5604 -64.9166 -15.2473 -29.3823 -47.2902
10407.025391 -74.1171 -54.2264 -51.8665 -24.4438 -47.0538 -45.107 -66.0554 -55.988 -33.0695 -66.6678 -56.1411 -54.9997 -61.8921 -23.4341 -56.3329 -59.3038 -23.6902 -46.9447 -65.1269 -15.8412 -29.7021 -47.5735
10408.030273 -73.9662 -54.3462 -51.9102 -24.7579 -47.3055 -45.3857 -66.1907 -56.243 -33.3338 -66.8396 -56.3315 -55.323 -61.9538 -23.7455 -56.4835 -59.4573 -19.7414 -47.3275 -65.3351 -16.4095 -30.02 -47.8562
10409.035156 -72.3629 -54.4671 -51.9518 -25.0727 -47.5566 -45.664 -66.3225 -56.4971 -33.5985 -67.0093 -56.5215 -55.6449 -62.017 -24.0516 -56.6342 -59.6048 -19.9515 -47.709 -65.541 -17.0208 -30.3362 -48.1384
10410.040039 -59.9657 -54.5891 -51.9922 -25.3882 -47.8072 -45.9419 -66.4481 -56.7503 -33.8635 -67.1769 -56.7112 -55.9653 -62.0819 -24.3532 -56.785 -59.7433 -19.8333 -48.0889 -65.7448 -17.6201 -30.6509 -48.4201
10411.044922 0.620016 -54.7119 -52.0317 -25.7044 -48.0572 -46.2193 -66.5609 -57.0026 -34.1289 -67.3423 -56.9004 -56.2842 -62.1483 -24.6511 -56.9359 -59.8687 -20.079 -48.4674 -65.9462 -18.1906 -30.9642 -48.7013
10412.049805 2.85916 -54.8354 -52.0709 -26.0213 -48.3067 -46.4963 -66.6465 -57.254 -34.3945 -67.5056 -57.0892 -56.6015 -62.2163 -24.9458 -57.0868 -59.9753 -20.5595 -48.8445 -66.1454 -18.7317 -31.2762 -48.9819
10413.054688 0.0481069 -54.9593 -52.1104 -26.339 -48.5557 -46.7728 -66.6734 -57.5044 -34.6606 -67.6667 -57.2776 -56.9172 -62.2858 -25.2379 -57.2378 -60.0564 -21.0804 -49.22 -66.3423 -19.2417 -31.5869 -49.262
10414.060547 -2.49178 -55.0836 -52.1503 -26.6575 -48.8042 -47.0489 -66.5793 -57.7538 -34.927 -67.8257 -57.4655 -57.2312 -62.3568 -25.528 -57.3887 -60.1053 -21.5639 -49.594 -66.5368 -19.7233 -31.8966 -49.5416
10415.064453 -4.65739 -55.2081 -52.1911 -26.9768 -49.0522 -47.3244 -66.2461 -58.0023 -35.1937 -67.9826 -57.653 -57.5436 -62.4293 -25.8165 -57.5397 -60.1155 -22.0195 -49.9664 -66.7289 -20.1796 -32.2052 -49.8205
10416.070312 -6.42759 -55.3327 -52.2329 -27.2969 -49.2996 -47.5995 -65.465 -58.2497 -35.4607 -68.1373 -57.84 -57.8543 -62.5031 -26.1039 -57.6905 -60.0814 -22.4656 -50.3373 -66.9187 -20.6137 -32.5129 -50.099
10417.075195 -7.88507 -55.4573 -52.2759 -27.6178 -49.5465 -47.8741 -63.9118 -58.496 -35.7281 -68.2898 -58.0265 -58.1632 -62.5782 -26.3903 -57.8413 -59.9984 -22.9103 -50.7067 -67.1061 -21.0284 -32.8196 -50.3768
10418.080078 -9.10253 -55.5817 -52.3203 -27.9394 -49.7929 -48.1481 -61.3265 -58.7413 -35.9958 -68.4402 -58.2125 -58.4704 -62.6545 -26.6762 -57.9919 -59.8626 -23.3578 -51.0744 -67.291 -21.4259 -33.1256 -50.6541
10419.084961 -10.1331 -55.706 -52.3661 -28.2617 -50.0388 -48.4216 -57.8384 -58.9854 -36.2638 -68.5884 -58.3979 -58.7756 -62.7319 -26.9618 -58.1424 -59.6697 -23.8086 -51.4405 -67.4735 -21.8084 -33.4307 -50.9308
10420.089844 -11.018 -55.8301 -52.4135 -28.5848 -50.2842 -48.6946 -53.367 -59.2284 -36.5321 -68.7345 -58.5828 -59.079 -62.8103 -27.2472 -58.2927 -59.4119 -24.2607 -51.805 -67.6536 -22.1778 -33.7351 -51.2069
10421.094727 -11.792 -55.9538 -52.4624 -28.9085 -50.529 -48.9671 -47.9847 -59.4702 -36.8007 -68.8784 -58.7671 -59.3805 -62.8896 -27.5328 -58.4428 -59.0752 -24.7108 -52.1679 -67.8312 -22.5356 -34.0388 -51.4824
10422.099609 -12.4828 -56.0773 -52.5129 -29.233 -50.7733 -49.239 -41.5879 -59.7109 -37.0696 -69.0202 -58.9509 -59.68 -62.9698 -27.8185 -58.5927 -58.6401 -25.1564 -52.529 -68.0063 -22.8832 -34.3418 -51.7573
10423.105469 -13.1104 -56.2004 -52.565 -29.5581 -51.0172 -49.5104 -35.8638 -59.9502 -37.3388 -69.1599 -59.134 -59.9774 -63.0508 -28.1046 -58.7423 -58.0928 -25.5963 -52.8885 -68.1789 -23.2218 -34.6442 -52.0317
10424.110352 -13.6888 -56.3232 -52.6187 -29.8837 -51.2605 -49.7812 -31.7741 -60.1883 -37.6083 -69.2974 -59.3165 -60.2728 -63.1324 -28.3911 -58.8916 -57.4401 -26.031 -53.2463 -68.3492 -23.5526 -34.946 -52.3053
10425.115234 -14.228 -56.4457 -52.6738 -30.21 -51.5033 -50.0515 -30.0518 -60.4251 -37.878 -69.4328 -59.4984 -60.5661 -63.2147 -28.6781 -59.0406 -56.7212 -26.4617 -53.6024 -68.5172 -23.8765 -35.2472 -52.5784
10426.120117 -14.7352 -56.5678 -52.7305 -30.5368 -51.7455 -50.3212 -29.4565 -60.6606 -38.1479 -69.566 -59.6796 -60.8571 -63.2974 -28.9656 -59.1893 -55.9972 -26.8896 -53.9567 -68.6832 -24.1943 -35.5478 -52.8509
10427.125000 -15.2157 -56.6895 -52.7887 -30.8641 -51.9873 -50.5903 -29.3267 -60.8947 -38.4181 -69.6967 -59.8601 -61.146 -63.3807 -29.2537 -59.3375 -55.3181 -27.3156 -54.3092 -68.8469 -24.5068 -35.8479 -53.1227
10428.129883 -15.6738 -56.811 -52.8483 -31.1919 -52.2286 -50.8588 -29.4489 -61.1274 -38.6885 -69.8241 -60.0398 -61.4326 -63.4643 -29.5424 -59.4854 -54.7054 -27.74 -54.6599 -69.0059 -24.8146 -36.1475 -53.3938
10429.134766 -16.1128 -56.9322 -52.9092 -31.5202 -52.4693 -51.1267 -29.722 -61.3587 -38.9591 -69.944 -60.2189 -61.7168 -63.5481 -29.8318 -59.6329 -54.158 -28.1627 -55.0088 -69.158 -25.1182 -36.4465 -53.6643
10430.139648 -16.5357 -57.0531 -52.9714 -31.8488 -52.7095 -51.3941 -30.084 -61.5885 -39.2299 -70.0403 -60.3972 -61.9987 -63.632 -30.1218 -59.7799 -53.6668 -28.5833 -55.3558 -69.3025 -25.4182 -36.7451 -53.9341
10431.144531 -16.9446 -57.1737 -53.0349 -32.1778 -52.9493 -51.6608 -30.4858 -61.8168 -39.5009 -70.0509 -60.5747 -62.2781 -63.7156 -30.4124 -59.9265 -53.2225 -29.0014 -55.701 -69.4397 -25.7151 -37.0431 -54.2032
10432.150391 -17.3416 -57.2941 -53.0996 -32.5072 -53.1884 -51.9269 -30.913 -62.0435 -39.7721 -69.7488 -60.7515 -62.5551 -63.7983 -30.7038 -60.0725 -52.8181 -29.4164 -56.0442 -69.5702 -26.0091 -37.3407 -54.4717
10433.155273 -17.7283 -57.4143 -53.1655 -32.8368 -53.4271 -52.1925 -31.3541 -62.2687 -40.0434 -68.382 -60.9274 -62.8295 -63.8791 -30.9957 -60.218 -52.4496 -29.8281 -56.3855 -69.6944 -26.3008 -37.6378 -54.7394
10434.160156 -18.1063 -57.5344 -53.2324 -33.1667 -53.6653 -52.4573 -31.7991 -62.4923 -40.3149 -64.0943 -61.1024 -63.1013 -63.9565 -31.2883 -60.363 -52.116 -30.236 -56.7248 -69.813 -26.5903 -37.9345 -55.0064
10435.165039 -18.4767 -57.6543 -53.3004 -33.4969 -53.9029 -52.7216 -32.242 -62.7142 -40.5865 -52.8027 -61.2767 -63.3705 -64.0281 -31.5816 -60.5074 -51.8175 -30.6401 -57.062 -69.9269 -26.8781 -38.2306 -55.2726
10436.169922 -18.8408 -57.774 -53.3693 -33.8272 -54.14 -52.9852 -32.6789 -62.9344 -40.8581 -26.0055 -61.45 -63.6371 -64.0904 -31.8755 -60.6512 -51.5553 -31.0399 -57.3972 -70.0367 -27.1642 -38.5264 -55.5381
10437.174805 -19.1993 -57.8937 -53.4392 -34.1577 -54.3765 -53.2481 -33.107 -63.153 -41.1299 -17.1431 -61.6224 -63.9009 -64.1376 -32.17 -60.7944 -51.3303 -31.4355 -57.7303 -70.1425 -27.449 -38.8216 -55.8028
10438.179688 -19.5532 -58.0133 -53.5101 -34.4883 -54.6125 -53.5104 -33.5245 -63.3698 -41.4017 -16.3248 -61.7939 -64.1619 -64.1615 -32.465 -60.937 -51.1429 -31.8267 -58.0612 -70.2437 -27.7326 -39.1165 -56.0667
10439.185547 -19.9033 -58.1328 -53.5817 -34.819 -54.8479 -53.772 -33.9303 -63.5848 -41.6735 -16.2968 -61.9644 -64.4201 -64.1506 -32.7607 -61.0788 -50.9923 -32.2134 -58.3899 -70.3407 -28.0152 -39.4109 -56.3297
10440.189453 -20.25 -58.2523 -53.6542 -35.1497 -55.0828 -54.033 -34.3245 -63.798 -41.9454 -16.6003 -62.134 -64.6755 -64.0903 -33.0569 -61.22 -50.8769 -32.5955 -58.7165 -70.4323 -28.2969 -39.7048 -56.592
10441.195312 -20.5941 -58.3717 -53.7274 -35.4805 -55.3171 -54.2932 -34.7071 -64.0094 -42.2172 -17.1819 -62.3025 -64.9279 -63.9636 -33.3536 -61.3605 -50.7944 -32.973 -59.0407 -70.5155 -28.578 -39.9983 -56.8533
10442.200195 -20.9359 -58.4912 -53.8013 -35.8113 -55.5509 -54.5527 -35.0786 -64.2189 -42.4891 -17.8423 -62.4701 -65.1774 -63.7512 -33.6509 -61.5002 -50.7416 -33.3461 -59.3626 -70.5826 -28.8584 -40.2914 -57.1138
10443.205078 -21.2759 -58.6107 -53.8759 -36.142 -55.784 -54.8115 -35.4398 -64.4265 -42.761 -18.5071 -62.6366 -65.4239 -63.4308 -33.9486 -61.6391 -50.7155 -33.7148 -59.6821 -70.613 -29.1384 -40.584 -57.3734
10444.209961 -21.6145 -58.7301 -53.9511 -36.4727 -56.0166 -55.0696 -35.7915 -64.6321 -43.0328 -19.143 -62.802 -65.6674 -62.9795 -34.2467 -61.777 -50.7126 -34.0793 -59.9992 -70.5426 -29.4179 -40.8761 -57.632
10445.214844 -21.9521 -58.8496 -54.027 -36.8032 -56.2485 -55.3269 -36.1343 -64.8358 -43.3046 -19.7371 -62.9663 -65.9078 -62.3819 -34.5453 -61.9136 -50.7298 -34.4398 -60.3138 -70.1518 -29.6972 -41.1678 -57.8896
10446.219727 -22.2888 -58.9692 -54.1034 -37.1337 -56.4798 -55.5834 -36.4691 -65.0375 -43.5762 -20.289 -63.1296 -66.1451 -61.6404 -34.8443 -62.0479 -50.7644 -34.7964 -60.6259 -68.6316 -29.9762 -41.4589 -58.1463
10447.224609 -22.6249 -59.0888 -54.1804 -37.4639 -56.7105 -55.8392 -36.7965 -65.2372 -43.8479 -20.8051 -63.2917 -66.3793 -60.7729 -35.1437 -62.1779 -50.8138 -35.1494 -60.9354 -62.9268 -30.255 -41.7496 -58.4019
10448.230469 -22.9607 -59.2084 -54.2578 -37.7941 -56.9405 -56.0941 -37.1171 -65.4348 -44.1194 -21.2929 -63.4526 -66.6104 -59.7998 -35.4434 -62.2996 -50.8758 -35.499 -61.2423 -44.026 -30.5337 -42.0398 -58.6565
10449.235352 -23.2963 -59.3281 -54.3358 -38.124 -57.1698 -56.3482 -37.4316 -65.6304 -44.3908 -21.7578 -63.6124 -66.8382 -58.7362 -35.7434 -62.4056 -50.9487 -35.8454 -61.5465 -11.2063 -30.8123 -42.3295 -58.91
10450.240234 -23.6319 -59.4479 -54.4142 -38.4536 -57.3985 -56.6015 -37.7404 -65.8239 -44.6621 -22.2031 -63.771 -67.0629 -57.5894 -36.0436 -62.4826 -51.0308 -36.1889 -61.848 -10.8082 -31.0909 -42.6187 -59.1623
10451.245117 -23.9676 -59.5677 -54.493 -38.783 -57.6265 -56.8539 -38.044 -66.0152 -44.9332 -22.6307 -63.9282 -67.2843 -56.3655 -36.3442 -62.5088 -51.1208 -36.5295 -62.1466 -11.787 -31.3695 -42.9074 -59.4135
10452.250000 -24.3035 -59.6876 -54.5722 -39.1122 -57.8537 -57.1054 -38.3429 -66.2044 -45.2042 -23.0422 -64.0841 -67.5024 -55.0812 -36.6449 -62.4538 -51.2176 -36.8676 -62.4425 -12.5824 -31.6482 -43.1956 -59.6635
10453.254883 -24.6398 -59.8075 -54.6517 -39.441 -58.0802 -57.3561 -38.6375 -66.3914 -45.475 -23.4393 -64.2386 -67.7173 -53.7739 -36.9459 -62.2841 -51.3203 -37.2032 -62.7354 -13.354 -31.9269 -43.4832 -59.9123
10454.259766 -24.9764 -59.9275 -54.7316 -39.7695 -58.306 -57.6058 -38.9281 -66.5763 -45.7456 -23.8235 -64.3913 -67.9289 -52.5066 -37.247 -61.9753 -51.4281 -37.5366 -63.0254 -14.1111 -32.2058 -43.7704 -60.1599
10455.264648 -25.3135 -60.0476 -54.8119 -40.0976 -58.5309 -57.8545 -39.215 -66.7589 -46.016 -24.1966 -64.5422 -68.1372 -51.3591 -37.5482 -61.5226 -51.5403 -37.8678 -63.3124 -14.8604 -32.4847 -44.0569 -60.4061
10456.269531 -25.6511 -60.1677 -54.8924 -40.4254 -58.7551 -58.1022 -39.4986 -66.9393 -46.2863 -24.5599 -64.6908 -68.3421 -50.4063 -37.8495 -60.9427 -51.6563 -38.1971 -63.5963 -15.6442 -32.7639 -44.343 -60.651
10457.275391 -25.9893 -60.2878 -54.9732 -40.7528 -58.9785 -58.349 -39.7791 -67.1175 -46.5563 -24.9146 -64.8368 -68.5438 -49.6957 -38.151 -60.2665 -51.7758 -38.5245 -63.8772 -16.4431 -33.0431 -44.6285 -60.8945
10458.280273 -26.328 -60.408 -55.0542 -41.0797 -59.201 -58.5947 -40.0568 -67.2934 -46.826 -25.2619 -64.9796 -68.7421 -49.2362 -38.4524 -59.5298 -51.8983 -38.8501 -64.1548 -17.184 -33.3226 -44.9134 -61.1366
10459.285156 -26.6673 -60.5281 -55.1355 -41.4061 -59.4226 -58.8393 -40.3317 -67.467 -47.0955 -25.6026 -65.1185 -68.937 -49.0023 -38.7539 -58.7661 -52.0234 -39.174 -64.4293 -17.8413 -33.6023 -45.1978 -61.3773
10460.290039 -27.0072 -60.6484 -55.2171 -41.7321 -59.6433 -59.0829 -40.6042 -67.6384 -47.3648 -25.9377 -65.2526 -69.1287 -48.9496 -39.0554 -58.0042 -52.1509 -39.4964 -64.7006 -18.4275 -33.8821 -45.4816 -61.6165
10461.294922 -27.3476 -60.7686 -55.2988 -42.0575 -59.8632 -59.3253 -40.8744 -67.8075 -47.6338 -26.2678 -65.3809 -69.317 -49.0299 -39.3569 -57.2661 -52.2805 -39.8172 -64.9685 -18.9618 -34.1622 -45.7648 -61.8541
10462.299805 -27.6887 -60.8888 -55.3807 -42.3824 -60.082 -59.5666 -41.1425 -67.9742 -47.9025 -26.5938 -65.5021 -69.502 -49.2007 -39.6583 -56.5679 -52.4121 -40.1365 -65.2331 -19.4585 -34.4425 -46.0475 -62.0902
10463.304688 -28.0303 -61.0091 -55.4627 -42.7068 -60.3 -59.8067 -41.4085 -68.1387 -48.171 -26.9162 -65.6146 -69.6836 -49.429 -39.9597 -55.92 -52.5454 -40.4544 -65.4944 -19.9271 -34.723 -46.3295 -62.3246
10464.310547 -28.3725 -61.1293 -55.545 -43.0305 -60.5169 -60.0455 -41.6726 -68.3008 -48.4391 -27.2356 -65.7169 -69.862 -49.6907 -40.2609 -55.3277 -52.6803 -40.771 -65.7522 -20.3734 -35.0038 -46.611 -62.5574
10465.314453 -28.7152 -61.2495 -55.6273 -43.3537 -60.7328 -60.2831 -41.935 -68.4606 -48.7069 -27.5526 -65.8071 -70.037 -49.9694 -40.5621 -54.7929 -52.8166 -41.0862 -66.0066 -20.8013 -35.2847 -46.8919 -62.7886
10466.320312 -29.0585 -61.3696 -55.7098 -43.6762 -60.9476 -60.5195 -42.1956 -68.618 -48.9744 -27.8676 -65.8835 -70.2088 -50.2544 -40.863 -54.3152 -52.9543 -41.4001 -66.2575 -21.2137 -35.5659 -47.1722 -63.0179
10467.325195 -29.4022 -61.4897 -55.7924 -43.9981 -61.1614 -60.7545 -42.4547 -68.7729 -49.2416 -28.181 -65.9445 -70.3772 -50.5391 -41.1638 -53.8928 -53.0932 -41.7127 -66.5049 -21.6124 -35.8473 -47.4518 -63.2456
10468.330078 -29.7464 -61.6097 -55.8751 -44.3193 -61.374 -60.9882 -42.7123 -68.9253 -49.5085 -28.4931 -65.9885 -70.5424 -50.8193 -41.4643 -53.5236 -53.2333 -42.0241 -66.7487 -21.9992 -36.1289 -47.7309 -63.4714
10469.334961 -30.091 -61.7297 -55.9578 -44.6399 -61.5855 -61.2205 -42.9684 -69.0746 -49.775 -28.8043 -66.0142 -70.7044 -51.0929 -41.7646 -53.2051 -53.3744 -42.3343 -66.9889 -22.3756 -36.4107 -48.0093 -63.6953
10470.339844 -30.436 -61.8496 -56.0406 -44.9597 -61.7959 -61.4514 -43.2232 -69.2198 -50.0411 -29.1147 -66.0207 -70.8632 -51.3589 -42.0647 -52.9347 -53.5164 -42.6432 -67.2255 -22.7426 -36.6927 -48.2872 -63.9174
10471.344727 -30.7814 -61.9693 -56.1235 -45.2789 -62.005 -61.6808 -43.4768 -69.3584 -50.3069 -29.4245 -66.0074 -71.0187 -51.6169 -42.3644 -52.7095 -53.6595 -42.951 -67.4585 -23.1014 -36.9748 -48.5644 -64.1375
10472.349609 -31.1271 -62.089 -56.2065 -45.5973 -62.2129 -61.9087 -43.7291 -69.4834 -50.5723 -29.7339 -65.974 -71.1711 -51.8669 -42.6638 -52.526 -53.8033 -43.2575 -67.6879 -23.4529 -37.2571 -48.841 -64.3557
10473.355469 -31.4732 -62.2085 -56.2894 -45.9149 -62.4196 -62.1351 -43.9804 -69.5769 -50.8374 -30.043 -65.921 -71.3204 -52.1094 -42.9629 -52.3799 -53.948 -43.5629 -67.9135 -23.7978 -37.5396 -49.1169 -64.5718
10474.360352 -31.8194 -62.3279 -56.3724 -46.2318 -62.625 -62.36 -44.2305 -69.5917 -51.102 -30.3519 -65.8489 -71.4665 -52.3448 -43.2616 -52.2665 -54.0935 -43.8672 -68.1355 -24.1371 -37.8221 -49.3923 -64.786
10475.365234 -32.1659 -62.4471 -56.4554 -46.5479 -62.8291 -62.5832 -44.4796 -69.4036 -51.3663 -30.6607 -65.759 -71.6096 -52.5735 -43.56 -52.1807 -54.2397 -44.1702 -68.3538 -24.4712 -38.1048 -49.667 -64.998
10476.370117 -32.5126 -62.5661 -56.5384 -46.8632 -63.0318 -62.8049 -44.7278 -68.6719 -51.6301 -30.9695 -65.6526 -71.7495 -52.7961 -43.8579 -52.1171 -54.3866 -44.4722 -68.5684 -24.8008 -38.3875 -49.941 -65.208
10477.375000 -32.8594 -62.685 -56.6214 -47.1777 -63.2331 -63.0249 -44.9751 -66.4918 -51.8936 -31.2783 -65.5314 -71.8865 -53.013 -44.1554 -52.0707 -54.5341 -44.7729 -68.7793 -25.1264 -38.6703 -50.2145 -65.4157
10478.379883 -33.2063 -62.8036 -56.7043 -47.4914 -63.433 -63.2431 -45.2215 -60.234 -52.1566 -31.5871 -65.3971 -72.0205 -53.2247 -44.4525 -52.037 -54.6823 -45.0725 -68.9865 -25.4484 -38.9531 -50.4873 -65.6214
10479.384766 -33.5534 -62.9221 -56.7873 -47.8042 -63.6315 -63.4597 -45.467 -42.7493 -52.4191 -31.8959 -65.2515 -72.1516 -53.4314 -44.7491 -52.0121 -54.831 -45.371 -69.1899 -25.7672 -39.236 -50.7594 -65.8248
10480.389648 -33.9004 -63.0403 -56.8702 -48.1162 -63.8286 -63.6744 -45.7119 -19.8833 -52.6812 -32.2049 -65.0967 -72.2797 -53.6336 -45.0452 -51.993 -54.9803 -45.6683 -69.3896 -26.0833 -39.5188 -51.0309 -66.0259
10481.394531 -34.2474 -63.1582 -56.953 -48.4274 -64.0241 -63.8874 -45.9559 -17.4663 -52.9429 -32.5139 -64.9345 -72.4049 -53.8314 -45.3408 -51.9776 -55.13 -45.9645 -69.5856 -26.3969 -39.8016 -51.3017 -66.2248
10482.400391 -34.5944 -63.2759 -57.0358 -48.7376 -64.2181 -64.0985 -46.1993 -17.6691 -53.204 -32.8231 -64.7668 -72.5273 -54.0252 -45.636 -51.964 -55.2803 -46.2596 -69.778 -26.7083 -40.0844 -51.5719 -66.4214
10483.405273 -34.9414 -63.3933 -57.1185 -49.047 -64.4106 -64.3078 -46.442 -18.1016 -53.4647 -33.1323 -64.5954 -72.6469 -54.215 -45.9305 -51.9502 -55.4311 -46.5535 -69.9666 -27.0178 -40.367 -51.8414 -66.6157
10484.410156 -35.2882 -63.5105 -57.2012 -49.3555 -64.6014 -64.5152 -46.6841 -18.5187 -53.7249 -33.4417 -64.4218 -72.7634 -54.4011 -46.2246 -51.9341 -55.5822 -46.8462 -70.1515 -27.3257 -40.6495 -52.1103 -66.8076
10485.415039 -35.6349 -63.6273 -57.2837 -49.6632 -64.7907 -64.7207 -46.9256 -18.9243 -53.9846 -33.7512 -64.2477 -72.8762 -54.5835 -46.518 -51.9131 -55.7338 -47.1378 -70.3328 -27.632 -40.9319 -52.3785 -66.9972
10486.419922 -35.9814 -63.7438 -57.3662 -49.9699 -64.9783 -64.9241 -47.1666 -19.3316 -54.2437 -34.0608 -64.0743 -72.9824 -54.7625 -46.8109 -51.8844 -55.8858 -47.4283 -70.5105 -27.937 -41.2141 -52.646 -67.1844
10487.424805 -36.3277 -63.8599 -57.4485 -50.2756 -65.1643 -65.1256 -47.4069 -19.7451 -54.5023 -34.3705 -63.9026 -73.0684 -54.938 -47.1032 -51.8462 -56.0381 -47.7176 -70.6845 -28.2408 -41.4961 -52.9129 -67.3691
10488.429688 -36.6737 -63.9757 -57.5308 -50.5805 -65.3486 -65.3251 -47.6468 -20.1564 -54.7603 -34.6804 -63.7335 -73.069 -55.11 -47.3949 -51.7976 -56.1907 -48.0058 -70.8549 -28.5437 -41.7778 -53.179 -67.5514
10489.435547 -37.0195 -64.0911 -57.6129 -50.8844 -65.5311 -65.5226 -47.8862 -20.5598 -55.0177 -34.9903 -63.5677 -72.6534 -55.2784 -47.686 -51.7392 -56.3436 -48.2929 -71.0217 -28.8456 -42.0594 -53.4445 -67.7313
10490.439453 -37.365 -64.2062 -57.695 -51.1874 -65.712 -65.718 -48.1251 -20.9527 -55.2745 -35.3004 -63.4054 -70.0527 -55.4426 -47.9764 -51.6727 -56.4968 -48.5788 -71.185 -29.1468 -42.3406 -53.7092 -67.9087
10491.445312 -37.7102 -64.3208 -57.7769 -51.4895 -65.891 -65.9112 -48.3635 -21.3347 -55.5307 -35.6106 -63.2463 -55.1814 -55.6012 -48.2662 -51.6006 -56.6503 -48.8636 -71.3448 -29.4473 -42.6216 -53.9733 -68.0837
10492.450195 -38.055 -64.435 -57.8586 -51.7905 -66.0683 -66.1024 -48.6015 -21.7059 -55.7863 -35.9208 -63.0887 -5.65001 -55.7506 -48.5554 -51.5259 -56.804 -49.1472 -71.501 -29.7473 -42.9022 -54.2366 -68.2561
10493.455078 -38.3994 -64.5488 -57.9402 -52.0906 -66.2438 -66.2914 -48.8391 -22.0669 -56.0412 -36.2312 -62.926 -5.85715 -55.8828 -48.8439 -51.4516 -56.9579 -49.4296 -71.6539 -30.0467 -43.1825 -54.4992 -68.426
10494.459961 -38.7434 -64.6622 -58.0217 -52.3897 -66.4174 -66.4782 -49.0763 -22.4187 -56.2954 -36.5416 -62.7359 -7.38247 -55.9817 -49.1317 -51.3804 -57.112 -49.711 -71.8033 -30.3457 -43.4625 -54.761 -68.5935
10495.464844 -39.087 -64.775 -58.1029 -52.6879 -66.5892 -66.6629 -49.3131 -22.7621 -56.5489 -36.852 -62.4591 -8.87491 -56.0173 -49.4188 -51.3147 -57.2662 -49.9911 -71.9493 -30.6442 -43.7421 -55.0221 -68.7584
10496.469727 -39.4301 -64.8875 -58.1841 -52.985 -66.7592 -66.8454 -49.5495 -23.0981 -56.8017 -37.1625 -62.0166 -10.1491 -55.9396 -49.7052 -51.2564 -57.4206 -50.2702 -72.092 -30.9425 -44.0213 -55.2824 -68.9208
10497.474609 -39.7728 -64.9994 -58.265 -53.281 -66.9272 -67.0256 -49.7855 -23.4274 -57.0537 -37.473 -61.3565 -11.2906 -55.6805 -49.9909 -51.2069 -57.575 -50.548 -72.2314 -31.2405 -44.3001 -55.542 -69.0807
10498.480469 -40.1149 -65.1108 -58.3458 -53.5761 -67.0934 -67.2036 -50.0212 -23.7507 -57.3049 -37.7835 -60.4503 -12.3058 -55.1742 -50.2759 -51.1671 -57.7296 -50.8247 -72.3675 -31.5382 -44.5785 -55.8007 -69.238
10499.485352 -40.4564 -65.2217 -58.4263 -53.8701 -67.2576 -67.3793 -50.2565 -24.0687 -57.5553 -38.094 -59.249 -13.2116 -54.4082 -50.5602 -51.1375 -57.8842 -51.1002 -72.5004 -31.8357 -44.8565 -56.0586 -69.3928
10500.490234 -40.7974 -65.3321 -58.5067 -54.163 -67.4199 -67.5528 -50.4915 -24.3818 -57.8048 -38.4044 -57.5827 -14.0229 -53.4615 -50.8437 -51.1183 -58.0388 -51.3746 -72.6301 -32.133 -45.134 -56.3157 -69.5451
10501.495117 -41.1378 -65.4419 -58.5869 -54.4549 -67.5802 -67.7239 -50.7261 -24.6906 -58.0535 -38.7148 -54.8288 -14.7553 -52.473 -51.1265 -51.1093 -58.1935 -51.6477 -72.7567 -32.4301 -45.411 -56.572 -69.6949
10502.500000 -41.4776 -65.5512 -58.6669 -54.7456 -67.7386 -67.8928 -50.9604 -24.9956 -58.3013 -39.025 -48.6708 -15.4237 -51.5626 -51.4085 -51.1103 -58.3482 -51.9197 -72.8802 -32.7271 -45.6876 -56.8273 -69.8422
10503.504883 -41.8167 -65.6598 -58.7466 -55.0353 -67.895 -68.0594 -51.1944 -25.2971 -58.5481 -39.3352 -35.7689 -16.0405 -50.7924 -51.6898 -51.1206 -58.5028 -52.1904 -73.0007 -33.0239 -45.9637 -57.0818 -69.9869
10504.509766 -42.1551 -65.7679 -58.8261 -55.3238 -68.0494 -68.2236 -51.428 -25.5954 -58.794 -39.6451 -27.0791 -16.6156 -50.1771 -51.9702 -51.1399 -58.6573 -52.4598 -73.1183 -33.3206 -46.2393 -57.3354 -70.1291
10505.514648 -42.4928 -65.8751 -58.9053 -55.6112 -68.2018 -68.3856 -51.6613 -25.891 -59.0388 -39.9549 -26.4267 -17.1566 -49.7052 -52.2499 -51.1674 -58.8118 -52.7278 -73.2328 -33.6173 -46.5144 -57.588 -70.2689
10506.519531 -42.8298 -65.9812 -58.9842 -55.8973 -68.3521 -68.5452 -51.8943 -26.184 -59.2827 -40.2645 -27.1282 -17.6693 -49.3553 -52.5287 -51.2025 -58.9662 -52.9945 -73.3445 -33.9138 -46.7889 -57.8397 -70.4062
10507.525391 -43.166 -66.0851 -59.0627 -56.1823 -68.5002 -68.7024 -52.1269 -26.4748 -59.5254 -40.5738 -27.9348 -18.1581 -49.1043 -52.8067 -51.2447 -59.1204 -53.2597 -73.4534 -34.2102 -47.0629 -58.0904 -70.541
10508.530273 -43.5014 -66.1838 -59.1406 -56.4661 -68.6459 -68.8573 -52.3592 -26.7635 -59.7671 -40.8828 -28.7094 -18.6268 -48.932 -53.0839 -51.2932 -59.2745 -53.5232 -73.5594 -34.5065 -47.3364 -58.3401 -70.6733
10509.535156 -43.8361 -66.2694 -59.218 -56.7486 -68.7889 -69.0097 -52.5912 -27.0504 -60.0076 -41.1915 -29.4619 -19.0781 -48.8218 -53.3602 -51.3477 -59.4285 -53.7849 -73.6628 -34.8027 -47.6094 -58.5887 -70.8032
10510.540039 -44.1699 -66.3239 -59.2946 -57.0298 -68.9283 -69.1595 -52.8229 -27.3357 -60.247 -41.4997 -30.211 -19.5147 -48.761 -53.6357 -51.4074 -59.5822 -54.0447 -73.7634 -35.0988 -47.8817 -58.8363 -70.9306
10511.544922 -44.5028 -66.3067 -59.3703 -57.3097 -69.0627 -69.3064 -53.0542 -27.6195 -60.4851 -41.8076 -30.9426 -19.9388 -48.7393 -53.9103 -51.472 -59.7357 -54.3023 -73.8614 -35.3948 -48.1536 -59.0828 -71.0555
10512.549805 -44.8349 -66.1238 -59.4449 -57.5883 -69.1889 -69.4494 -53.2851 -27.902 -60.7219 -42.1149 -31.64 -20.352 -48.7489 -54.1839 -51.541 -59.889 -54.5576 -73.9569 -35.6907 -48.4248 -59.3282 -71.1774
10513.554688 -45.1662 -65.5661 -59.5182 -57.8655 -69.3015 -69.5863 -53.5157 -28.1834 -60.9575 -42.4217 -32.2954 -20.7561 -48.7838 -54.4567 -51.6139 -60.0421 -54.8103 -74.0498 -35.9865 -48.6955 -59.5724 -71.2946
10514.560547 -45.4965 -64.2326 -59.5901 -58.1414 -69.3901 -69.7109 -53.746 -28.4638 -61.1918 -42.7279 -32.9077 -21.1523 -48.8391 -54.7285 -51.6905 -60.1948 -55.0602 -74.1402 -36.2822 -48.9656 -59.8155 -71.4026
10515.564453 -45.8259 -61.5848 -59.6602 -58.4158 -69.4376 -69.8069 -53.9758 -28.7432 -61.4246 -43.0335 -33.4797 -21.5417 -48.9111 -54.9993 -51.7703 -60.3473 -55.3071 -74.2282 -36.5778 -49.2351 -60.0573 -71.4824
10516.570312 -46.1544 -57.0528 -59.7285 -58.6888 -69.4193 -69.8277 -54.2053 -29.0218 -61.6561 -43.3384 -34.0153 -21.9254 -48.9969 -55.2691 -51.8531 -60.4994 -55.551 -74.3139 -36.8733 -49.504 -60.2979 -71.4431
10517.575195 -46.482 -51.2119 -59.7947 -58.9603 -69.3011 -69.6324 -54.4344 -29.2998 -61.8861 -43.6426 -34.5187 -22.3041 -49.0941 -55.538 -51.9385 -60.6512 -55.7915 -74.3972 -37.1686 -49.7723 -60.5372 -70.9322
10518.580078 -46.8085 -45.019 -59.8587 -59.2302 -69.0446 -68.801 -54.6631 -29.5771 -62.1147 -43.946 -34.9936 -22.6787 -49.2008 -55.8058 -52.026 -60.8026 -56.0286 -74.4782 -37.4638 -50.04 -60.7752 -68.603
10519.584961 -47.1341 -36.8215 -59.9203 -59.4986 -68.6193 -66.0394 -54.8914 -29.8539 -62.3417 -44.2487 -35.4434 -23.0498 -49.3154 -56.0726 -52.1144 -60.9537 -56.2623 -74.557 -37.7589 -50.3071 -61.0119 -56.4529
10520.589844 -47.4588 -32.0261 -59.9794 -59.7654 -67.9876 -57.3307 -55.1192 -30.1302 -62.5671 -44.5505 -35.871 -23.4179 -49.4368 -56.3383 -52.2005 -61.1043 -56.4923 -74.6336 -38.0537 -50.5736 -61.2472 -14.6666
10521.594727 -47.7824 -29.3354 -60.0359 -60.0306 -67.0272 -32.0657 -55.3466 -30.4061 -62.791 -44.8514 -36.2788 -23.7834 -49.5639 -56.6029 -52.2779 -61.2545 -56.7188 -74.7076 -38.3485 -50.8395 -61.481 -9.08859
10522.599609 -48.105 -28.1266 -60.0898 -60.294 -65.2247 -15.7552 -55.5735 -30.6817 -63.0132 -45.1514 -36.6689 -24.1469 -49.6958 -56.8664 -52.3366 -61.4043 -56.9416 -74.7774 -38.643 -51.1048 -61.7134 -9.64548
10523.605469 -48.4265 -27.8695 -60.1409 -60.5558 -61.1712 -15.7886 -55.8 -30.957 -63.2337 -45.4504 -37.043 -24.5087 -49.832 -57.1287 -52.3645 -61.5535 -57.1608 -74.832 -38.9374 -51.3694 -61.9444 -10.3867
10524.610352 -48.7471 -28.0321 -60.1892 -60.8159 -50.982 -16.4654 -56.026 -31.2321 -63.4525 -45.7484 -37.4027 -24.869 -49.9718 -57.3899 -52.3505 -61.7023 -57.3764 -74.8069 -39.2316 -51.6334 -62.1738 -10.7608
10525.615234 -49.0666 -28.5047 -60.2347 -61.0741 -29.3779 -17.1005 -56.2514 -31.5069 -63.6695 -46.0454 -37.7494 -25.2281 -50.1147 -57.6499 -52.2882 -61.8504 -57.5885 -74.3144 -39.5256 -51.8967 -62.4016 -11.2824
10526.620117 -49.385 -29.117 -60.2774 -61.3305 -20.9427 -17.7439 -56.4764 -31.7816 -63.8847 -46.3414 -38.0842 -25.5863 -50.2604 -57.9086 -52.1776 -61.9979 -57.797 -71.0487 -39.8194 -52.1594 -62.6279 -11.9898
10527.625000 -49.7024 -29.7979 -60.3174 -61.585 -19.379 -18.3631 -56.7008 -32.0561 -64.0981 -46.6363 -38.4083 -25.9439 -50.4085 -58.166 -52.0243 -62.1445 -58.0021 -51.3985 -40.113 -52.4214 -62.8525 -12.7573
10528.629883 -50.0186 -30.4863 -60.3546 -61.8377 -19.4559 -18.9461 -56.9246 -32.3306 -64.3097 -46.9301 -38.7225 -26.3008 -50.5587 -58.4222 -51.8384 -62.2899 -58.2038 3.79475 -40.4063 -52.6828 -63.0755 -13.5084
10529.634766 -50.3338 -31.1519 -60.3891 -62.0884 -19.2692 -19.4866 -57.1479 -32.605 -64.5193 -47.2227 -39.0278 -26.6574 -50.7108 -58.677 -51.6313 -62.4334 -58.4023 1.73488 -40.6994 -52.9436 -63.2967 -14.2128
10530.639648 -50.6479 -31.7817 -60.4211 -62.337 -18.8375 -19.995 -57.3705 -32.8793 -64.727 -47.5142 -39.3248 -27.0137 -50.8646 -58.9305 -51.4146 -62.5741 -58.5976 -0.708158 -40.9922 -53.2036 -63.5163 -14.8637
10531.644531 -50.9609 -32.3705 -60.4505 -62.5837 -18.5533 -20.4776 -57.5925 -33.1535 -64.9327 -47.8046 -39.6144 -27.3699 -51.02 -59.1826 -51.198 -62.7101 -58.7898 -2.87052 -41.2848 -53.463 -63.734 -15.4638
10532.650391 -51.2728 -32.9188 -60.4775 -62.8283 -18.5909 -20.9356 -57.8139 -33.4277 -65.1364 -48.0938 -39.8971 -27.726 -51.1767 -59.4333 -50.9889 -62.8389 -58.979 -4.67504 -41.577 -53.7217 -63.9499 -16.019
10533.655273 -51.5836 -33.4303 -60.5023 -63.0708 -18.8583 -21.3712 -58.0346 -33.7019 -65.3381 -48.3818 -40.1734 -28.0821 -51.3346 -59.6825 -50.7927 -62.9573 -59.1654 -6.17033 -41.8689 -53.9796 -64.164 -16.5356
10534.660156 -51.8932 -33.9102 -60.5248 -63.3111 -19.2488 -21.7872 -58.2546 -33.9761 -65.5377 -48.6686 -40.444 -28.4383 -51.4936 -59.9302 -50.6127 -63.0618 -59.349 -7.43046 -42.1605 -54.2369 -64.3763 -17.0192
10535.665039 -52.2017 -34.3633 -60.5454 -63.5492 -19.6908 -22.1861 -58.4738 -34.2503 -65.7352 -48.9542 -40.7093 -28.7946 -51.6536 -60.1765 -50.4507 -63.15 -59.53 -8.5173 -42.4517 -54.4935 -64.5866 -17.4748
10536.669922 -52.509 -34.7946 -60.564 -63.7851 -20.1462 -22.57 -58.6923 -34.5245 -65.9306 -49.2386 -40.9698 -29.1511 -51.8145 -60.4211 -50.3073 -63.2205 -59.7084 -9.46967 -42.7426 -54.7493 -64.7949 -17.9063
10537.674805 -52.8152 -35.2082 -60.5808 -64.0187 -20.5967 -22.9407 -58.91 -34.7987 -66.1238 -49.5218 -41.2259 -29.5078 -51.9762 -60.6642 -50.1823 -63.2733 -59.8844 -10.3124 -43.0331 -55.0044 -65.0013 -18.3174
10538.679688 -53.1202 -35.6078 -60.5961 -64.2501 -21.0345 -23.2995 -59.1267 -35.0729 -66.3149 -49.8037 -41.4779 -29.8646 -52.1387 -60.9057 -50.0752 -63.3094 -60.0581 -11.0652 -43.3232 -55.2587 -65.2057 -18.7109
10539.685547 -53.424 -35.9961 -60.6098 -64.479 -21.4572 -23.6478 -59.3424 -35.3471 -66.5038 -50.0845 -41.7261 -30.2218 -52.3019 -61.1455 -49.9849 -63.3307 -60.2295 -11.7446 -43.6129 -55.5123 -65.4081 -19.0892
10540.689453 -53.7265 -36.3751 -60.6222 -64.7057 -21.8652 -23.9869 -59.5569 -35.6214 -66.6904 -50.364 -41.9708 -30.5791 -52.4657 -61.3836 -49.9103 -63.3392 -60.3987 -12.3645 -43.9023 -55.765 -65.6084 -19.4544
10541.695312 -54.0279 -36.7466 -60.6334 -64.9298 -22.2593 -24.3179 -59.7698 -35.8956 -66.8748 -50.6423 -42.2124 -30.9367 -52.6301 -61.62 -49.8504 -63.3373 -60.5659 -12.9364 -44.1912 -56.017 -65.8066 -19.8084
10542.700195 -54.328 -37.1115 -60.6435 -65.1516 -22.6408 -24.6418 -59.9809 -36.1699 -67.0569 -50.9194 -42.451 -31.2945 -52.795 -61.8546 -49.8038 -63.3274 -60.7311 -13.4694 -44.4797 -56.2682 -66.0026 -20.1525
10543.705078 -54.6269 -37.4708 -60.6525 -65.3709 -23.0109 -24.9594 -60.1898 -36.4441 -67.2367 -51.1953 -42.6868 -31.6526 -52.9604 -62.0875 -49.7696 -63.3114 -60.8945 -13.9711 -44.7677 -56.5185 -66.1966 -20.4882
10544.709961 -54.9245 -37.8249 -60.6601 -65.5876 -23.3707 -25.2714 -60.3961 -36.7183 -67.4141 -51.4699 -42.9201 -32.0108 -53.1262 -62.3185 -49.7466 -63.291 -61.056 -14.4473 -45.0553 -56.768 -66.3883 -20.8166
10545.714844 -55.2208 -38.1742 -60.6655 -65.8018 -23.7212 -25.5787 -60.5993 -36.9926 -67.5893 -51.7433 -43.1511 -32.3693 -53.2924 -62.5477 -49.734 -63.2673 -61.2159 -14.9029 -45.3424 -57.0166 -66.5779 -21.1387
10546.719727 -55.5158 -38.5191 -60.666 -66.0135 -24.0634 -25.8818 -60.7988 -37.2668 -67.7619 -52.0155 -43.3799 -32.7279 -53.4589 -62.7749 -49.7308 -63.2402 -61.374 -15.3418 -45.6291 -57.2643 -66.7652 -21.4554
10547.724609 -55.8094 -38.8598 -60.6563 -66.2225 -24.3981 -26.1812 -60.9943 -37.541 -67.932 -52.2865 -43.6066 -33.0868 -53.6258 -63.0003 -49.7364 -63.2063 -61.5306 -15.7671 -45.9152 -57.5111 -66.9503 -21.7675
10548.730469 -56.1017 -39.1964 -60.6271 -66.429 -24.7261 -26.4774 -61.1851 -37.8152 -68.0991 -52.5562 -43.8315 -33.4457 -53.793 -63.2237 -49.75 -63.1563 -61.6857 -16.1812 -46.2009 -57.7569 -67.1332 -22.0755
10549.735352 -56.3927 -39.529 -60.5656 -66.6328 -25.0481 -26.7709 -61.3707 -38.0893 -68.2626 -52.8248 -44.0546 -33.8048 -53.9605 -63.4451 -49.7709 -63.0754 -61.8394 -16.5864 -46.486 -58.0018 -67.3137 -22.3802
10550.740234 -56.6822 -39.8578 -60.4587 -66.8339 -25.3645 -27.0619 -61.5505 -38.3635 -68.4211 -53.0921 -44.2761 -34.1639 -54.1281 -63.6646 -49.7987 -62.9506 -61.9916 -16.9843 -46.7706 -58.2457 -67.492 -22.682
10551.745117 -56.9703 -40.1829 -60.2969 -67.0323 -25.676 -27.3509 -61.7241 -38.6375 -68.5714 -53.3582 -44.496 -34.5232 -54.296 -63.8819 -49.8327 -62.7765 -62.1425 -17.3764 -47.0548 -58.4887 -67.668 -22.9814
10552.750000 -57.2569 -40.5043 -60.0769 -67.2281 -25.9829 -27.6382 -61.8908 -38.9116 -68.7068 -53.6231 -44.7146 -34.8824 -54.464 -64.0972 -49.8727 -62.5535 -62.2921 -17.764 -47.3383 -58.7305 -67.8416 -23.2787
10553.754883 -57.542 -40.822 -59.8014 -67.4211 -26.2856 -27.9239 -62.0501 -39.1855 -68.8128 -53.8868 -44.9318 -35.2417 -54.6322 -64.3104 -49.9181 -62.2832 -62.4404 -18.1479 -47.6213 -58.9714 -68.0129 -23.5744
10554.759766 -57.8257 -41.1363 -59.4783 -67.6113 -26.5845 -28.2084 -62.2013 -39.4595 -68.8571 -54.1493 -45.1478 -35.601 -54.8006 -64.5215 -49.9686 -61.9594 -62.5875 -18.5292 -47.9038 -59.2111 -68.1818 -23.8688
10555.764648 -58.1077 -41.4472 -59.1181 -67.7989 -26.8799 -28.4917 -62.3437 -39.7333 -68.7676 -54.4106 -45.3627 -35.9602 -54.969 -64.7304 -50.0239 -61.5555 -62.7334 -18.9085 -48.1857 -59.4498 -68.3484 -24.1621
10556.769531 -58.3883 -41.7546 -58.7327 -67.9836 -27.1722 -28.7743 -62.476 -40.007 -68.3814 -54.6706 -45.5764 -36.3193 -55.1375 -64.9371 -50.0837 -60.9898 -62.8782 -19.2866 -48.4671 -59.6873 -68.5126 -24.4545
10557.775391 -58.6671 -42.0588 -58.3333 -68.1656 -27.4617 -29.056 -62.5969 -40.2807 -67.315 -54.9294 -45.7892 -36.6783 -55.306 -65.1416 -50.1477 -60.084 -63.0218 -19.6638 -48.7479 -59.9236 -68.6745 -24.7464
10558.780273 -58.9444 -42.3597 -57.9302 -68.3448 -27.7485 -29.3372 -62.7047 -40.5542 -64.6583 -55.187 -46.0009 -37.0372 -55.4746 -65.3439 -50.2157 -58.6494 -63.1644 -20.0407 -49.0281 -60.1587 -68.834 -25.0377
10559.785156 -59.22 -42.6575 -57.532 -68.5212 -28.0331 -29.618 -62.7976 -40.8277 -58.4744 -55.4434 -46.2118 -37.3959 -55.6432 -65.544 -50.2875 -56.6106 -63.3058 -20.4176 -49.3077 -60.3926 -68.9911 -25.3289
10560.790039 -59.4938 -42.9521 -57.1455 -68.6949 -28.3155 -29.8984 -62.8741 -41.1009 -45.2003 -55.6985 -46.4219 -37.7544 -55.8118 -65.7418 -50.3628 -54.1025 -63.4462 -20.7949 -49.5867 -60.6253 -69.146 -25.6198
10561.794922 -59.7659 -43.2437 -56.7759 -68.8657 -28.5962 -30.1785 -62.9329 -41.374 -27.0533 -55.9524 -46.6312 -38.1127 -55.9803 -65.9372 -50.4415 -51.391 -63.5856 -21.1729 -49.8651 -60.8566 -69.2986 -25.9108
10562.799805 -60.0362 -43.5324 -56.4268 -69.0338 -28.8751 -30.4585 -62.9733 -41.647 -21.6599 -56.2051 -46.8397 -38.4708 -56.1488 -66.1304 -50.5234 -48.7547 -63.7239 -21.5518 -50.1429 -61.0866 -69.4492 -26.2018
10563.804688 -60.3047 -43.8181 -56.1006 -69.199 -29.1526 -30.7384 -62.9952 -41.9197 -20.3871 -56.4565 -47.0475 -38.8285 -56.3173 -66.3213 -50.6083 -46.433 -63.8612 -21.9317 -50.4202 -61.3153 -69.5982 -26.4931
10564.810547 -60.5713 -44.1009 -55.7987 -69.3615 -29.4288 -31.0182 -62.9993 -42.1923 -20.732 -56.7067 -47.2547 -39.186 -56.4856 -66.5098 -50.6961 -44.6362 -63.9975 -22.3129 -50.6967 -61.5426 -69.7466 -26.7846
10565.814453 -60.836 -44.381 -55.5214 -69.5212 -29.7038 -31.2981 -62.9869 -42.4647 -21.2726 -56.9556 -47.4612 -39.5431 -56.6538 -66.6959 -50.7868 -43.4768 -64.1328 -22.6954 -50.9727 -61.7684 -69.8941 -27.0764
10566.820312 -61.0988 -44.6584 -55.2687 -69.6781 -29.9778 -31.578 -62.9599 -42.7368 -21.7276 -57.2032 -47.6671 -39.8999 -56.8219 -66.8797 -50.88 -42.9137 -64.2671 -23.0793 -51.248 -61.9929 -70.041 -27.3686
10567.825195 -61.3596 -44.9332 -55.04 -69.8322 -30.2508 -31.8581 -62.9204 -43.0088 -22.1396 -57.4495 -47.8725 -40.2562 -56.9898 -67.0611 -50.9758 -42.7995 -64.4004 -23.4647 -51.5227 -62.2158 -70.1494 -27.6612
10568.830078 -61.6184 -45.2054 -54.8343 -69.9836 -30.5231 -32.1382 -62.8709 -43.2805 -22.56 -57.6945 -48.0773 -40.6122 -57.1576 -67.2401 -51.074 -42.9653 -64.5327 -23.8517 -51.7967 -62.4372 -70.1687 -27.9542
10569.834961 -61.8751 -45.4751 -54.6504 -70.1322 -30.7946 -32.4186 -62.814 -43.5519 -22.9744 -57.9382 -48.2816 -40.9677 -57.3252 -67.4167 -51.1746 -43.2654 -64.6641 -24.2402 -52.0701 -62.6571 -70.0902 -28.2478
10570.839844 -62.1296 -45.7424 -54.4871 -70.2781 -31.0655 -32.6991 -62.7521 -43.8231 -23.3764 -58.1806 -48.4854 -41.3226 -57.4926 -67.5909 -51.2773 -43.6074 -64.7945 -24.6303 -52.3429 -62.8753 -69.8788 -28.5418
10571.844727 -62.3821 -46.0073 -54.3429 -70.4213 -31.3358 -32.9798 -62.6876 -44.094 -23.7666 -58.4216 -48.6887 -41.6771 -57.6597 -67.7627 -51.3822 -43.9465 -64.9239 -25.022 -52.6149 -63.092 -69.4414 -28.8364
10572.849609 -62.6324 -46.2699 -54.2165 -70.5618 -31.6056 -33.2608 -62.6228 -44.3646 -24.1455 -58.6613 -48.8916 -42.031 -57.8266 -67.932 -51.4891 -44.2661 -65.0524 -25.4152 -52.8863 -63.307 -68.6029 -29.1315
10573.855469 -62.8804 -46.5303 -54.1066 -70.6996 -31.875 -33.5419 -62.5595 -44.635 -24.514 -58.8997 -49.0941 -42.3843 -57.9932 -68.0989 -51.598 -44.5633 -65.1799 -25.81 -53.157 -63.5203 -66.7998 -29.4272
10574.860352 -63.1262 -46.7885 -54.0118 -70.8347 -32.144 -33.8233 -62.4995 -44.905 -24.8721 -59.1366 -49.2962 -42.737 -58.1596 -68.2634 -51.7088 -44.8409 -65.3064 -26.2063 -53.4269 -63.7319 -62.3196 -29.7234
10575.865234 -63.3696 -47.0445 -53.9309 -70.9672 -32.4126 -34.1048 -62.4441 -45.1747 -25.2203 -59.3721 -49.4978 -43.089 -58.3256 -68.4255 -51.8214 -45.1034 -65.432 -26.6039 -53.6962 -63.9418 -55.46 -30.0201
10576.870117 -63.6107 -47.2985 -53.8626 -71.0971 -32.681 -34.3866 -62.3947 -45.4441 -25.5591 -59.6062 -49.6991 -43.4404 -58.4913 -68.5851 -51.9357 -45.3551 -65.5566 -27.003 -53.9647 -64.1499 -30.6524 -30.3174
10577.875000 -63.8495 -47.5505 -53.8059 -71.2244 -32.949 -34.6686 -62.352 -45.7131 -25.8892 -59.8389 -49.9 -43.7911 -58.6566 -68.7423 -52.0517 -45.5995 -65.6802 -27.4034 -54.2325 -64.3561 -13.7518 -30.6152
10578.879883 -64.0858 -47.8005 -53.7598 -71.3491 -33.2169 -34.9508 -62.3168 -45.9818 -26.2114 -60.0701 -50.1005 -44.141 -58.8216 -68.8971 -52.1693 -45.8393 -65.8028 -27.805 -54.4996 -64.5606 -13.7462 -30.9136
10579.884766 -64.3197 -48.0487 -53.7234 -71.4713 -33.4844 -35.2332 -62.2895 -46.2501 -26.5264 -60.2999 -50.3007 -44.4903 -58.9861 -69.0495 -52.2884 -46.0763 -65.9245 -28.2079 -54.7659 -64.7631 -13.6954 -31.2124
10580.889648 -64.5511 -48.295 -53.6957 -71.5909 -33.7518 -35.5158 -62.2706 -46.5181 -26.8348 -60.5281 -50.5006 -44.8387 -59.1501 -69.1994 -52.4091 -46.3117 -66.0452 -28.6118 -55.0314 -64.9638 -13.8036 -31.5117
10581.894531 -64.7799 -48.5394 -53.676 -71.708 -34.019 -35.7986 -62.26 -46.7857 -27.1373 -60.7548 -50.7001 -45.1864 -59.3136 -69.347 -52.5311 -46.5462 -66.165 -29.0168 -55.2961 -65.1626 -14.5982 -31.8115
10582.900391 -65.0062 -48.7822 -53.6635 -71.8227 -34.286 -36.0815 -62.2578 -47.0529 -27.4344 -60.98 -50.8993 -45.5332 -59.4766 -69.4921 -52.6545 -46.7802 -66.2837 -29.4228 -55.56 -65.3594 -15.504 -32.1118
10583.905273 -65.2299 -49.0232 -53.6577 -71.935 -34.5528 -36.3645 -62.264 -47.3197 -27.7267 -61.2037 -51.0982 -45.8792 -59.6388 -69.6348 -52.7793 -47.0139 -66.4015 -29.8296 -55.8231 -65.5542 -16.3746 -32.4125
10584.910156 -65.451 -49.2625 -53.6579 -72.0448 -34.8194 -36.6477 -62.2783 -47.5861 -28.0148 -61.4257 -51.2967 -46.2244 -59.8003 -69.7751 -52.9053 -47.2471 -66.5183 -30.2372 -56.0853 -65.747 -17.1936 -32.7136
10585.915039 -65.6695 -49.5003 -53.6636 -72.1522 -35.0859 -36.931 -62.3005 -47.8521 -28.299 -61.6462 -51.495 -46.5686 -59.9608 -69.9128 -53.0325 -47.4799 -66.634 -30.6456 -56.3466 -65.9378 -17.965 -33.0152
10586.919922 -65.8853 -49.7364 -53.6744 -72.2574 -35.3522 -37.2145 -62.3302 -48.1176 -28.5798 -61.865 -51.6929 -46.912 -60.1202 -70.0472 -53.1609 -47.7119 -66.7488 -31.0546 -56.6071 -66.1265 -18.688 -33.3171
10587.924805 -66.0984 -49.971 -53.6897 -72.3602 -35.6183 -37.498 -62.3672 -48.3828 -28.8575 -62.0822 -51.8905 -47.2544 -60.2783 -70.1759 -53.2904 -47.9432 -66.8626 -31.4641 -56.8666 -66.3131 -19.3627 -33.6193
10588.929688 -66.3087 -50.2041 -53.7091 -72.4607 -35.8843 -37.7815 -62.4111 -48.6475 -29.1325 -62.2977 -52.0879 -47.596 -60.4345 -70.2896 -53.421 -48.1735 -66.9753 -31.8742 -57.1252 -66.4977 -19.993 -33.9219
10589.935547 -66.5163 -50.4358 -53.7324 -72.559 -36.1501 -38.0652 -62.4615 -48.9118 -29.4052 -62.5115 -52.2849 -47.9365 -60.5884 -70.3532 -53.5526 -48.4028 -67.0871 -32.2846 -57.3828 -66.6802 -20.5841 -34.2248
10590.939453 -66.7211 -50.666 -53.7593 -72.655 -36.4158 -38.3489 -62.5179 -49.1756 -29.6757 -62.7236 -52.4817 -48.2761 -60.7392 -70.2411 -53.6852 -48.631 -67.1977 -32.6954 -57.6395 -66.8605 -21.1413 -34.528
10591.945312 -66.9232 -50.8948 -53.7893 -72.7489 -36.6812 -38.6325 -62.5801 -49.439 -29.9443 -62.934 -52.6781 -48.6147 -60.8859 -69.5317 -53.8187 -48.858 -67.3074 -33.1064 -57.8951 -67.0386 -21.6693 -34.8314
10592.950195 -67.1224 -51.1222 -53.8222 -72.8407 -36.9465 -38.9163 -62.6477 -49.7019 -30.2112 -63.1426 -52.8743 -48.9523 -61.0273 -66.8454 -53.9531 -49.0838 -67.4159 -33.5177 -58.1497 -67.2146 -22.172 -35.1351
10593.955078 -67.3188 -51.3484 -53.8579 -72.9303 -37.2116 -39.2 -62.7202 -49.9644 -30.4766 -63.3495 -53.0701 -49.2889 -61.1623 -58.3179 -54.0884 -49.3083 -67.5235 -33.929 -58.4032 -67.3884 -22.6528 -35.439
10594.959961 -67.5123 -51.5732 -53.8961 -73.0178 -37.4765 -39.4836 -62.7974 -50.2264 -30.7408 -63.5545 -53.2656 -49.6245 -61.29 -37.7697 -54.2246 -49.5315 -67.6299 -34.3404 -58.6556 -67.56 -23.1145 -35.7431
10595.964844 -67.7031 -51.7967 -53.9365 -73.1034 -37.7412 -39.7673 -62.8788 -50.4879 -31.0038 -63.7578 -53.4609 -49.959 -61.4096 -17.8363 -54.3615 -49.7535 -67.7352 -34.7517 -58.9068 -67.7294 -23.5593 -36.0474
10596.969727 -67.8909 -52.0189 -53.9791 -73.1869 -38.0057 -40.0509 -62.9642 -50.7489 -31.2658 -63.9591 -53.6558 -50.2924 -61.5206 -16.2111 -54.4991 -49.9742 -67.8395 -35.1629 -59.157 -67.8965 -23.9895 -36.3518
10597.974609 -68.0759 -52.24 -54.0236 -73.2684 -38.2699 -40.3344 -63.0533 -51.0094 -31.5269 -64.1587 -53.8505 -50.6248 -61.6228 -17.0246 -54.6374 -50.1937 -67.9426 -35.574 -59.4059 -68.0615 -24.4067 -36.6564
10598.980469 -68.258 -52.4598 -54.0699 -73.3475 -38.534 -40.6178 -63.1457 -51.2694 -31.7872 -64.3563 -54.0448 -50.9561 -61.7163 -17.3308 -54.7765 -50.412 -68.0446 -35.9848 -59.6536 -68.2241 -24.8123 -36.961
10599.985352 -68.4372 -52.6784 -54.1179 -73.4214 -38.7978 -40.9011 -63.2412 -51.5289 -32.0469 -64.5521 -54.2388 -51.2863 -61.8016 -17.6854 -54.9161 -50.6291 -68.1455 -36.3954 -59.9 -68.3846 -25.2077 -37.2657
10600.990234 -68.6135 -52.8959 -54.1674 -73.4647 -39.0614 -41.1842 -63.3395 -51.7879 -32.306 -64.7459 -54.4325 -51.6153 -61.8791 -18.0948 -55.0564 -50.845 -68.2453 -36.8056 -60.1451 -68.5428 -25.594 -37.5705
10601.995117 -68.787 -53.1123 -54.2184 -73.2456 -39.3247 -41.4672 -63.4405 -52.0464 -32.5646 -64.9378 -54.6258 -51.9433 -61.9497 -18.5711 -55.1972 -51.0598 -68.344 -37.2154 -60.389 -68.6987 -25.9722 -37.8753
10603.000000 -68.9576 -53.3275 -54.2706 -70.5302 -39.5878 -41.7499 -63.5437 -52.3044 -32.8227 -65.1277 -54.8188 -52.2701 -62.0142 -19.0666 -55.3385 -51.2734 -68.4415 -37.6247 -60.6314 -68.8525 -26.3431 -38.1802
10604.004883 -69.1253 -53.5416 -54.3242 -44.2574 -39.8505 -42.0325 -63.6491 -52.5618 -33.0805 -65.3157 -55.0115 -52.5957 -62.0734 -19.5537 -55.4803 -51.486 -68.5379 -38.0336 -60.8725 -69.0043 -26.7075 -38.485
10605.009766 -69.2901 -53.7546 -54.3788 0.325166 -40.1131 -42.3149 -63.7565 -52.8186 -33.338 -65.5017 -55.2038 -52.9201 -62.1283 -20.0228 -55.6226 -51.6976 -68.6331 -38.4419 -61.1121 -69.1539 -27.066 -38.7899
10606.014648 -69.452 -53.9665 -54.4345 -1.76111 -40.3753 -42.597 -63.8656 -53.0749 -33.5952 -65.6857 -55.3958 -53.2433 -62.1797 -20.4721 -55.7653 -51.9082 -68.7271 -38.8495 -61.3502 -69.3005 -27.4193 -39.0946
10607.019531 -69.6111 -54.1773 -54.4913 -3.76338 -40.6372 -42.8788 -63.9763 -53.3307 -33.8523 -65.8677 -55.5874 -53.5653 -62.2283 -20.9027 -55.9084 -52.1177 -68.8199 -39.2565 -61.5868 -69.4393 -27.7677 -39.3993
10608.025391 -69.7673 -54.387 -54.5489 -5.93385 -40.8988 -43.1604 -64.0883 -53.5858 -34.1091 -66.0476 -55.7786 -53.8861 -62.2751 -21.3155 -56.0519 -52.3264 -68.9112 -39.6628 -61.8219 -69.5484 -28.1119 -39.704
10609.030273 -69.9207 -54.5956 -54.6075 -7.57331 -41.16 -43.4417 -64.2017 -53.8404 -34.3659 -66.2255 -55.9695 -54.2056 -62.3206 -21.7113 -56.1957 -52.534 -69.0003 -40.0684 -62.0554 -69.5441 -28.4522 -40.0085
10610.035156 -70.0713 -54.803 -54.6668 -8.85133 -41.421 -43.7227 -64.3161 -54.0943 -34.6225 -66.4013 -56.1599 -54.5238 -62.3655 -22.0913 -56.3398 -52.7408 -69.0848 -40.4732 -62.2873 -69.1373 -28.7889 -40.3129
10611.040039 -70.219 -55.0089 -54.7269 -9.94636 -41.6816 -44.0034 -64.4315 -54.3477 -34.8791 -66.5751 -56.35 -54.8407 -62.4104 -22.457 -56.4842 -52.9465 -69.1555 -40.8771 -62.5175 -67.3763 -29.1224 -40.6172
10612.044922 -70.364 -55.2133 -54.7877 -10.9126 -41.9418 -44.2838 -64.5477 -54.6004 -35.1356 -66.7468 -56.5396 -55.1563 -62.4557 -22.8102 -56.6288 -53.1512 -69.1739 -41.2801 -62.746 -61.3582 -29.4529 -40.9213
10613.049805 -70.5062 -55.4157 -54.8492 -11.7768 -42.2016 -44.5637 -64.6644 -54.8525 -35.3921 -66.9164 -56.7288 -55.4705 -62.5018 -23.1525 -56.7736 -53.3544 -68.9744 -41.6822 -62.9728 -44.3397 -29.7808 -41.2252
10614.054688 -70.6456 -55.6157 -54.9113 -12.558 -42.4611 -44.8434 -64.7812 -55.1039 -35.6486 -67.0839 -56.9176 -55.7833 -62.5491 -23.4854 -56.9185 -53.5558 -67.8639 -42.0833 -63.1978 -21.9113 -30.1062 -41.5289
10615.060547 -70.7823 -55.8127 -54.974 -13.2708 -42.7202 -45.1226 -64.8969 -55.3547 -35.9051 -67.2493 -57.1059 -56.0947 -62.5977 -23.8103 -57.0637 -53.7542 -63.4378 -42.4834 -63.4209 -16.2336 -30.4293 -41.8323
10616.064453 -70.9163 -56.0061 -55.0373 -13.927 -42.9789 -45.4015 -65.0079 -55.6047 -36.1617 -67.4126 -57.2937 -56.4047 -62.6479 -24.1284 -57.2089 -53.9473 -51.9182 -42.8824 -63.6423 -16.2131 -30.7503 -42.1355
10617.070312 -71.0476 -56.1954 -55.101 -14.5358 -43.2373 -45.6799 -65.105 -55.8541 -36.4183 -67.5738 -57.4811 -56.7132 -62.6998 -24.4407 -57.3542 -54.1309 -29.2232 -43.2803 -63.8618 -16.7499 -31.0694 -42.4384
10618.075195 -71.1762 -56.3799 -55.1653 -15.1046 -43.4952 -45.958 -65.1638 -56.1027 -36.6749 -67.7328 -57.668 -57.0201 -62.7536 -24.748 -57.4996 -54.2972 -17.9455 -43.6771 -64.0793 -17.2571 -31.3867 -42.741
10619.080078 -71.3022 -56.5592 -55.23 -15.6395 -43.7527 -46.2356 -65.1266 -56.3506 -36.9316 -67.8898 -57.8544 -57.3256 -62.8092 -25.0511 -57.645 -54.4343 -18.0225 -44.0727 -64.2949 -17.8244 -31.7023 -43.0432
10620.084961 -71.4256 -56.733 -55.2952 -16.1452 -44.0098 -46.5127 -64.8662 -56.5977 -37.1883 -68.0446 -58.0402 -57.6294 -62.8668 -25.3506 -57.7904 -54.5256 -17.8814 -44.4671 -64.5085 -18.3793 -32.0164 -43.3451
10621.089844 -71.5464 -56.9011 -55.3608 -16.626 -44.2664 -46.7894 -64.1199 -56.844 -37.4451 -68.1973 -58.2255 -57.9316 -62.9262 -25.6473 -57.9358 -54.5528 -18.0189 -44.8602 -64.7201 -18.9156 -32.3291 -43.6467
10622.094727 -71.6646 -57.0636 -55.4268 -17.0852 -44.5226 -47.0657 -62.408 -57.0896 -37.702 -68.3479 -58.4102 -58.2322 -62.9875 -25.9416 -58.0811 -54.4959 -18.5015 -45.2521 -64.9297 -19.4299 -32.6404 -43.9479
10623.099609 -71.7803 -57.2204 -55.4931 -17.5259 -44.7784 -47.3415 -59.3629 -57.3342 -37.959 -68.4963 -58.5944 -58.531 -63.0507 -26.234 -58.2263 -54.3325 -19.0504 -45.6427 -65.1371 -19.9183 -32.9505 -44.2487
10624.105469 -71.8936 -57.3717 -55.5598 -17.9504 -45.0338 -47.6167 -54.9846 -57.5781 -38.216 -68.6426 -58.778 -58.8281 -63.1156 -26.525 -58.3714 -54.0443 -19.5652 -46.0319 -65.3425 -20.3821 -33.2593 -44.5491
10625.110352 -72.0043 -57.5178 -55.6268 -18.361 -45.2887 -47.8915 -48.8147 -57.821 -38.4731 -68.7868 -58.961 -59.1235 -63.1822 -26.8148 -58.5163 -53.6333 -20.0531 -46.4198 -65.5456 -20.8232 -33.5671 -44.849
10626.115234 -72.1125 -57.659 -55.6941 -18.7596 -45.5431 -48.1658 -40.8618 -58.0631 -38.7303 -68.9289 -59.1433 -59.417 -63.2503 -27.1039 -58.6611 -53.1308 -20.5317 -46.8063 -65.7467 -21.2442 -33.8738 -45.1485
10627.120117 -72.2178 -57.7957 -55.7617 -19.1477 -45.7971 -48.4396 -34.0349 -58.3042 -38.9876 -69.0689 -59.325 -59.7086 -63.3199 -27.3924 -58.8057 -52.5884 -21.0072 -47.1914 -65.9455 -21.6472 -34.1795 -45.4476
10628.125000 -72.3185 -57.9282 -55.8296 -19.5268 -46.0506 -48.7129 -30.0444 -58.5444 -39.2449 -69.2068 -59.5061 -59.9984 -63.3909 -27.6807 -58.9501 -52.0546 -21.4812 -47.5751 -66.1421 -22.0344 -34.4842 -45.7461
10629.129883 -72.4068 -58.057 -55.8977 -19.898 -46.3037 -48.9856 -28.8112 -58.7836 -39.5023 -69.3426 -59.6865 -60.2861 -63.4632 -27.9688 -59.0942 -51.5594 -21.9523 -47.9572 -66.3364 -22.4075 -34.788 -46.0442
10630.134766 -72.4453 -58.1824 -55.9661 -20.2626 -46.5563 -49.2578 -28.5801 -59.0218 -39.7598 -69.4762 -59.8661 -60.5719 -63.5366 -28.257 -59.2381 -51.1136 -22.4182 -48.338 -66.5285 -22.7682 -35.091 -46.3418
10631.139648 -72.2491 -58.3049 -56.0347 -20.6214 -46.8084 -49.5295 -28.7071 -59.2589 -40.0173 -69.6078 -60.0451 -60.8556 -63.6111 -28.5454 -59.3816 -50.7166 -22.8764 -48.7172 -66.7183 -23.118 -35.3931 -46.6388
10632.144531 -70.9732 -58.4247 -56.1036 -20.9751 -47.06 -49.8006 -29.0149 -59.495 -40.2749 -69.7374 -60.2233 -61.1372 -63.6865 -28.8341 -59.5248 -50.3644 -23.3262 -49.0949 -66.9057 -23.4581 -35.6944 -46.9354
10633.150391 -65.8775 -58.5422 -56.1726 -21.3247 -47.3112 -50.0712 -29.4245 -59.7299 -40.5325 -69.8648 -60.4007 -61.4167 -63.7627 -29.1232 -59.6677 -50.0527 -23.7683 -49.471 -67.0908 -23.7897 -35.995 -47.2314
10634.155273 -40.1001 -58.6579 -56.2419 -21.6706 -47.5618 -50.3412 -29.8902 -59.9638 -40.7901 -69.9902 -60.5774 -61.694 -63.8397 -29.4126 -59.8101 -49.7783 -24.2045 -49.8456 -67.2736 -24.1137 -36.2948 -47.5268
10635.160156 -7.36823 -58.7718 -56.3113 -22.0134 -47.812 -50.6107 -30.3733 -60.1964 -41.0478 -70.1134 -60.7533 -61.969 -63.9173 -29.7026 -59.9522 -49.5381 -24.636 -50.2187 -67.4541 -24.4311 -36.5938 -47.8217
10636.165039 -6.15701 -58.8844 -56.3809 -22.3537 -48.0617 -50.8795 -30.8587 -60.4279 -41.3054 -70.234 -60.9283 -62.2418 -63.9954 -29.993 -60.0938 -49.3299 -25.064 -50.5901 -67.6323 -24.7427 -36.8922 -48.116
10637.169922 -7.58935 -58.9958 -56.4507 -22.6918 -48.311 -51.1478 -31.338 -60.6581 -41.5631 -70.3496 -61.1025 -62.5122 -64.0739 -30.284 -60.235 -49.1514 -25.4886 -50.9599 -67.8084 -25.0491 -37.1899 -48.4097
10638.174805 -8.97552 -59.1063 -56.5206 -23.0282 -48.5597 -51.4155 -31.8049 -60.8871 -41.8207 -70.4502 -61.2759 -62.7802 -64.1527 -30.5755 -60.3757 -49.0006 -25.9097 -51.3281 -67.9825 -25.3509 -37.4869 -48.7028
10639.179688 -10.292 -59.216 -56.5907 -23.3631 -48.8079 -51.6826 -32.2551 -61.1148 -42.0783 -70.4904 -61.4483 -63.0458 -64.2315 -30.8676 -60.5159 -48.8752 -26.3273 -51.6947 -68.1531 -25.6487 -37.7832 -48.9953
10640.185547 -11.4522 -59.3251 -56.6609 -23.6968 -49.0557 -51.9491 -32.6869 -61.3411 -42.3358 -70.2798 -61.6199 -63.3089 -64.3098 -31.1602 -60.6556 -48.7733 -26.7411 -52.0596 -68.3177 -25.9431 -38.079 -49.2872
10641.189453 -12.4685 -59.4336 -56.7312 -24.0296 -49.3029 -52.215 -33.1 -61.5661 -42.5933 -69.083 -61.7905 -63.5695 -64.3866 -31.4534 -60.7947 -48.6927 -27.1511 -52.4228 -68.4753 -26.2343 -38.3741 -49.5784
10642.195312 -13.3617 -59.5417 -56.8016 -24.3617 -49.5497 -52.4803 -33.495 -61.7897 -42.8508 -64.7419 -61.9602 -63.8275 -64.4606 -31.7471 -60.9332 -48.6316 -27.5574 -52.7842 -68.6256 -26.5229 -38.6685 -49.8691
10643.200195 -14.1546 -59.6495 -56.8722 -24.6933 -49.7959 -52.745 -33.8729 -62.0119 -43.1082 -51.6896 -62.1289 -64.0829 -64.5291 -32.0413 -61.0712 -48.5881 -27.96 -53.144 -68.7691 -26.8091 -38.9624 -50.1591
10644.205078 -14.8671 -59.757 -56.9429 -25.0245 -50.0417 -53.009 -34.2348 -62.2326 -43.3655 -19.9122 -62.2966 -64.3357 -64.5875 -32.336 -61.2085 -48.5604 -28.3589 -53.502 -68.9063 -27.0932 -39.2557 -50.4484
10645.209961 -15.5144 -59.8642 -57.0136 -25.3555 -50.287 -53.2723 -34.582 -62.4518 -43.6227 -14.7758 -62.4633 -64.5857 -64.628 -32.6313 -61.3452 -48.5472 -28.7543 -53.8583 -69.0378 -27.3755 -39.5484 -50.7371
10646.214844 -16.1084 -59.9712 -57.0844 -25.6864 -50.5318 -53.535 -34.9158 -62.6694 -43.8798 -14.272 -62.629 -64.833 -64.6371 -32.927 -61.4813 -48.5469 -29.1462 -54.2127 -69.164 -27.6562 -39.8405 -51.0251
10647.219727 -16.6588 -60.078 -57.1554 -26.0173 -50.776 -53.7971 -35.2373 -62.8855 -44.1368 -14.4093 -62.7936 -65.0776 -64.5939 -33.2232 -61.6166 -48.5583 -29.5347 -54.5653 -69.2858 -27.9356 -40.132 -51.3125
10648.224609 -17.1732 -60.1846 -57.2264 -26.3483 -51.0198 -54.0585 -35.5475 -63.1 -44.3937 -14.9587 -62.9571 -65.3193 -64.4662 -33.5198 -61.7513 -48.5805 -29.9199 -54.9161 -69.4038 -28.2139 -40.423 -51.5991
10649.230469 -17.6577 -60.291 -57.2974 -26.6794 -51.2631 -54.3191 -35.8475 -63.3129 -44.6504 -15.6861 -63.1195 -65.5581 -64.2036 -33.8169 -61.8852 -48.6122 -30.3018 -55.265 -69.5178 -28.4911 -40.7134 -51.8851
10650.235352 -18.1171 -60.3972 -57.3685 -27.0107 -51.5058 -54.5791 -36.1382 -63.524 -44.907 -16.4434 -63.2809 -65.794 -63.7258 -34.1144 -62.0182 -48.6528 -30.6805 -55.6119 -69.6275 -28.7675 -41.0031 -52.1704
10651.240234 -18.5553 -60.5032 -57.4397 -27.3423 -51.7481 -54.8383 -36.4203 -63.7335 -45.1635 -17.1691 -63.441 -66.0271 -62.9377 -34.4122 -62.1503 -48.7014 -31.0561 -55.957 -69.7329 -29.0432 -41.2923 -52.4549
10652.245117 -18.9754 -60.6089 -57.5109 -27.6742 -51.9898 -55.0969 -36.6947 -63.9413 -45.4197 -17.8416 -63.6001 -66.2571 -61.771 -34.7105 -62.2807 -48.7573 -31.4288 -56.3 -69.833 -29.3183 -41.5809 -52.7387
10653.250000 -19.3801 -60.7144 -57.5822 -28.0064 -52.231 -55.3546 -36.9621 -64.1473 -45.6759 -18.4587 -63.7579 -66.4842 -60.1399 -35.009 -62.4078 -48.8199 -31.7987 -56.6411 -69.9253 -29.5929 -41.8689 -53.0218
10654.254883 -19.7717 -60.8196 -57.6534 -28.3389 -52.4718 -55.6116 -37.2231 -64.3514 -45.9318 -19.028 -63.9146 -66.7083 -57.8203 -35.3079 -62.5284 -48.8887 -32.1658 -56.9801 -70.0037 -29.8671 -42.1564 -53.3042
10655.259766 -20.152 -60.9244 -57.7248 -28.6717 -52.712 -55.8679 -37.4782 -64.5538 -46.1875 -19.5595 -64.07 -66.9293 -54.4332 -35.607 -62.6349 -48.9632 -32.5304 -57.317 -70.055 -30.141 -42.4432 -53.5857
10656.264648 -20.5226 -61.029 -57.7961 -29.0049 -52.9516 -56.1233 -37.7281 -64.7543 -46.4431 -20.0608 -64.2242 -67.1473 -49.7811 -35.9064 -62.7126 -49.043 -32.8925 -57.6518 -70.0457 -30.4146 -42.7294 -53.8665
10657.269531 -20.8849 -61.1332 -57.8674 -29.3384 -53.1908 -56.3779 -37.9732 -64.9529 -46.6984 -20.5368 -64.3771 -67.3622 -44.4987 -36.206 -62.734 -49.1276 -33.2524 -57.9844 -69.8883 -30.6881 -43.015 -54.1466
10658.275391 -21.2401 -61.237 -57.9388 -29.6722 -53.4294 -56.6316 -38.214 -65.1496 -46.9535 -20.9904 -64.5286 -67.5739 -40.3333 -36.5058 -62.6574 -49.2167 -33.61 -58.3149 -69.32 -30.9614 -43.3 -54.4258
10659.280273 -21.5891 -61.3404 -58.0102 -30.0064 -53.6674 -56.8845 -38.4508 -65.3444 -47.2084 -21.4241 -64.6787 -67.7826 -38.4659 -36.8058 -62.4341 -49.3101 -33.9655 -58.643 -67.5169 -31.2346 -43.5845 -54.7041
10660.285156 -21.9329 -61.4435 -58.0815 -30.3409 -53.905 -57.1365 -38.6842 -65.5372 -47.4631 -21.84 -64.8272 -67.9881 -38.3627 -37.1059 -62.0271 -49.4074 -34.3191 -58.9689 -61.7421 -31.5077 -43.8683 -54.9817
10661.290039 -22.2721 -61.5461 -58.1529 -30.6757 -54.1419 -57.3876 -38.9143 -65.728 -47.7175 -22.2403 -64.9737 -68.1905 -39.0735 -37.4062 -61.4273 -49.5084 -34.6707 -59.2924 -44.9005 -31.7809 -44.1515 -55.2584
10662.294922 -22.6075 -61.6483 -58.2242 -31.0108 -54.3783 -57.6378 -39.1415 -65.9167 -47.9717 -22.627 -65.1178 -68.3896 -39.8349 -37.7066 -60.6564 -49.6128 -35.0206 -59.6135 -14.3695 -32.0541 -44.434 -55.5342
10663.299805 -22.9396 -61.7501 -58.2955 -31.3461 -54.6142 -57.887 -39.3661 -66.1035 -48.2256 -23.002 -65.2588 -68.5857 -40.5042 -38.007 -59.7584 -49.7205 -35.3687 -59.9322 -12.9 -32.3273 -44.716 -55.8091
10664.304688 -23.269 -61.8515 -58.3668 -31.6817 -54.8494 -58.1352 -39.5884 -66.2881 -48.4792 -23.3666 -65.3954 -68.7785 -41.1295 -38.3075 -58.7849 -49.8312 -35.7152 -60.2484 -13.8461 -32.6006 -44.9973 -56.0831
10665.310547 -23.596 -61.9524 -58.4381 -32.0174 -55.0841 -58.3824 -39.8086 -66.4707 -48.7326 -23.7224 -65.5259 -68.9682 -41.7239 -38.608 -57.7839 -49.9448 -36.0601 -60.562 -14.51 -32.8741 -45.278 -56.3561
10666.314453 -23.921 -62.0529 -58.5093 -32.3534 -55.3182 -58.6286 -40.0268 -66.6512 -48.9857 -24.0703 -65.6476 -69.1547 -42.281 -38.9085 -56.7967 -50.0611 -36.4034 -60.873 -15.1652 -33.1477 -45.5581 -56.6282
10667.320312 -24.2443 -62.153 -58.5805 -32.6895 -55.5516 -58.8737 -40.2434 -66.8296 -49.2385 -24.4116 -65.7566 -69.3381 -42.8041 -39.209 -55.8564 -50.18 -36.7453 -61.1814 -15.8053 -33.4214 -45.8376 -56.8992
10668.325195 -24.5664 -62.2526 -58.6517 -33.0258 -55.7845 -59.1177 -40.4584 -67.0058 -49.491 -24.7472 -65.8472 -69.5182 -43.2999 -39.5094 -54.9849 -50.3014 -37.0857 -61.4871 -16.4208 -33.6953 -46.1164 -57.1693
10669.330078 -24.8873 -62.3519 -58.7228 -33.3622 -56.0167 -59.3606 -40.6721 -67.1798 -49.7433 -25.0778 -65.9121 -69.6952 -43.7734 -39.8097 -54.1936 -50.425 -37.4248 -61.79 -17.0551 -33.9693 -46.3946 -57.4383
10670.334961 -25.2073 -62.4507 -58.7938 -33.6986 -56.2482 -59.6023 -40.8846 -67.3517 -49.9952 -25.4043 -65.9424 -69.869 -44.2265 -40.11 -53.4868 -50.5509 -37.7624 -62.0901 -17.7504 -34.2436 -46.6721 -57.7062
10671.339844 -25.5267 -62.5491 -58.8648 -34.0351 -56.4791 -59.8428 -41.096 -67.5214 -50.2468 -25.7273 -65.9289 -70.0397 -44.6601 -40.4101 -52.8652 -50.6788 -38.0988 -62.3874 -18.4535 -34.518 -46.949 -57.973
10672.344727 -25.8456 -62.6472 -58.9357 -34.3716 -56.7093 -60.0821 -41.3065 -67.6889 -50.4981 -26.0474 -65.8651 -70.2072 -45.0752 -40.7101 -52.3286 -50.8088 -38.4338 -62.6817 -19.0993 -34.7927 -47.2253 -58.2387
10673.349609 -26.1641 -62.7448 -59.0065 -34.7082 -56.9388 -60.3202 -41.5162 -67.8542 -50.7491 -26.3652 -65.749 -70.3716 -45.4732 -41.0099 -51.8755 -50.9406 -38.7675 -62.9731 -19.6759 -35.0676 -47.5009 -58.5032
10674.355469 -26.4823 -62.8421 -59.0773 -35.0447 -57.1676 -60.5569 -41.7251 -68.0173 -50.9998 -26.681 -65.5839 -70.5329 -45.8558 -41.3095 -51.5024 -51.0743 -39.0999 -63.2615 -20.1973 -35.3427 -47.7758 -58.7665
10675.360352 -26.8004 -62.9391 -59.148 -35.3811 -57.3957 -60.7924 -41.9335 -68.1781 -51.2501 -26.9953 -65.3774 -70.6911 -46.2246 -41.6088 -51.2036 -51.2097 -39.431 -63.5468 -20.6792 -35.618 -48.0501 -59.0286
10676.365234 -27.1185 -63.0356 -59.2186 -35.7174 -57.6231 -61.0265 -42.1413 -68.3367 -51.5001 -27.3082 -65.1397 -70.8463 -46.5809 -41.9079 -50.9717 -51.3467 -39.7609 -63.8289 -21.1329 -35.8935 -48.3238 -59.2893
10677.370117 -27.4366 -63.1319 -59.2891 -36.0536 -57.8496 -61.2591 -42.3487 -68.4931 -51.7497 -27.6202 -64.8814 -70.9983 -46.9257 -42.2067 -50.7979 -51.4854 -40.0895 -64.1079 -21.5655 -36.1692 -48.5968 -59.5488
10678.375000 -27.7548 -63.2278 -59.3596 -36.3897 -58.0754 -61.4904 -42.5558 -68.6472 -51.999 -27.9314 -64.612 -71.1474 -47.2598 -42.5052 -50.6732 -51.6255 -40.4168 -64.3837 -21.9813 -36.4452 -48.8692 -59.8069
10679.379883 -28.0732 -63.3234 -59.4299 -36.7256 -58.3004 -61.7202 -42.7625 -68.799 -52.2479 -28.242 -64.3386 -71.2934 -47.5838 -42.8034 -50.5888 -51.7671 -40.7429 -64.6562 -22.3833 -36.7213 -49.1409 -60.0636
10680.384766 -28.3917 -63.4187 -59.5001 -37.0613 -58.5245 -61.9485 -42.9691 -68.9485 -52.4965 -28.5522 -64.0656 -71.4365 -47.8983 -43.1012 -50.5365 -51.9101 -41.0677 -64.9254 -22.7733 -36.9977 -49.4119 -60.3189
10681.389648 -28.7105 -63.5137 -59.5702 -37.3968 -58.7478 -62.1752 -43.1755 -69.0955 -52.7446 -28.862 -63.7953 -71.5766 -48.2039 -43.3987 -50.5087 -52.0545 -41.3913 -65.1912 -23.1528 -37.2742 -49.6823 -60.5727
10682.394531 -29.0295 -63.6084 -59.6402 -37.7321 -58.9703 -62.4004 -43.3818 -69.2398 -52.9924 -29.1716 -63.5278 -71.7138 -48.501 -43.6958 -50.499 -52.2001 -41.7136 -65.4537 -23.523 -37.551 -49.9521 -60.825
10683.400391 -29.3488 -63.7028 -59.71 -38.0671 -59.1918 -62.624 -43.588 -69.3806 -53.2398 -29.481 -63.2624 -71.8481 -48.79 -43.9924 -50.502 -52.3469 -42.0346 -65.7127 -23.8847 -37.8279 -50.2212 -61.0757
10684.405273 -29.6683 -63.7969 -59.7798 -38.4017 -59.4124 -62.8459 -43.7942 -69.5156 -53.4868 -29.7903 -62.998 -71.9796 -49.0714 -44.2887 -50.5134 -52.4949 -42.3543 -65.9682 -24.239 -38.1049 -50.4896 -61.3249
10685.410156 -29.9882 -63.8908 -59.8494 -38.7361 -59.6321 -63.0662 -44.0005 -69.6383 -53.7333 -30.0996 -62.7334 -72.1082 -49.3454 -44.5845 -50.5301 -52.644 -42.6727 -66.2202 -24.5866 -38.3821 -50.7574 -61.5724
10686.415039 -30.3084 -63.9844 -59.9189 -39.0701 -59.8508 -63.2847 -44.2069 -69.7307 -53.9795 -30.4089 -62.4676 -72.234 -49.6124 -44.8798 -50.5497 -52.7942 -42.9899 -66.4687 -24.9282 -38.6595 -51.0245 -61.8182
10687.419922 -30.6288 -64.0777 -59.9882 -39.4037 -60.0685 -63.5015 -44.4134 -69.7415 -54.2252 -30.7183 -62.2001 -72.357 -49.8727 -45.1746 -50.5703 -52.9454 -43.3057 -66.7136 -25.2643 -38.9369 -51.2909 -62.0623
10688.424805 -30.9495 -64.1708 -60.0574 -39.737 -60.2852 -63.7165 -44.62 -69.5234 -54.4704 -31.0278 -61.9308 -72.477 -50.1265 -45.469 -50.5905 -53.0977 -43.6203 -66.9549 -25.5955 -39.2144 -51.5567 -62.3047
10689.429688 -31.2706 -64.2637 -60.1265 -40.0699 -60.5008 -63.9297 -44.8268 -68.6169 -54.7152 -31.3373 -61.6597 -72.5933 -50.3741 -45.7628 -50.6084 -53.2508 -43.9335 -67.1926 -25.9224 -39.492 -51.8218 -62.5452
10690.435547 -31.5918 -64.3562 -60.1954 -40.4023 -60.7154 -64.141 -45.0338 -65.7381 -54.9594 -31.647 -61.3869 -72.7027 -50.6156 -46.0561 -50.6219 -53.4049 -44.2455 -67.4266 -26.2453 -39.7697 -52.0863 -62.7839
10691.439453 -31.9134 -64.4486 -60.2641 -40.7342 -60.9289 -64.3505 -45.2411 -56.8007 -55.2032 -31.9569 -61.1127 -72.7914 -50.8511 -46.3489 -50.6286 -53.5598 -44.5561 -67.657 -26.5648 -40.0474 -52.35 -63.0207
10692.445312 -32.2351 -64.5407 -60.3327 -41.0657 -61.1412 -64.558 -45.4486 -30.3535 -55.4465 -32.2669 -60.8375 -72.7931 -51.0809 -46.6411 -50.6264 -53.7156 -44.8654 -67.8837 -26.881 -40.325 -52.6131 -63.2556
10693.450195 -32.5571 -64.6325 -60.4011 -41.3966 -61.3524 -64.7636 -45.6563 -17.2485 -55.6893 -32.5771 -60.5618 -72.3842 -51.3049 -46.9327 -50.614 -53.8721 -45.1733 -68.1066 -27.1945 -40.6027 -52.8755 -63.4884
10694.455078 -32.8793 -64.7241 -60.4693 -41.727 -61.5624 -64.9673 -45.8644 -16.3883 -55.9315 -32.8875 -60.286 -69.9048 -51.5231 -47.2237 -50.5913 -54.0294 -45.4799 -68.3258 -27.5054 -40.8802 -53.1373 -63.7193
10695.459961 -33.2017 -64.8155 -60.5374 -42.0569 -61.7712 -65.1689 -46.0727 -16.7256 -56.1731 -33.1981 -60.0108 -56.4208 -51.7354 -47.5141 -50.5595 -54.1874 -45.7852 -68.5414 -27.814 -41.1577 -53.3983 -63.9481
10696.464844 -33.5243 -64.9066 -60.6053 -42.3861 -61.9787 -65.3684 -46.2814 -17.1704 -56.4142 -33.5088 -59.7367 -6.58417 -51.9411 -47.8039 -50.5208 -54.3461 -46.0891 -68.7531 -28.1206 -41.4351 -53.6586 -64.1748
10697.469727 -33.8469 -64.9974 -60.673 -42.7147 -62.185 -65.566 -46.4904 -17.6191 -56.6546 -33.8198 -59.4625 -6.67778 -52.1385 -48.0931 -50.4777 -54.5055 -46.3917 -68.9612 -28.4254 -41.7123 -53.9183 -64.3994
10698.474609 -34.1697 -65.088 -60.7405 -43.0427 -62.3899 -65.7614 -46.6998 -18.0727 -56.8944 -34.131 -59.1816 -8.04219 -52.3236 -48.3816 -50.433 -54.6654 -46.6929 -69.1655 -28.7286 -41.9894 -54.1772 -64.6217
10699.480469 -34.4926 -65.1783 -60.8078 -43.3701 -62.5936 -65.9547 -46.9095 -18.5322 -57.1336 -34.4423 -58.8675 -9.47479 -52.487 -48.6695 -50.3894 -54.826 -46.9927 -69.366 -29.0302 -42.2662 -54.4354 -64.8419
10700.485352 -34.8156 -65.2684 -60.8749 -43.6968 -62.7959 -66.1459 -47.1195 -18.9859 -57.3721 -34.7538 -58.4525 -10.6935 -52.6105 -48.9567 -50.3492 -54.9871 -47.2911 -69.5628 -29.3306 -42.5429 -54.6929 -65.0598
10701.490234 -35.1386 -65.3582 -60.9418 -44.0227 -62.9968 -66.3349 -47.3299 -19.4263 -57.61 -35.0655 -57.8496 -11.7924 -52.6631 -49.2433 -50.3143 -55.1487 -47.5881 -69.7559 -29.6298 -42.8193 -54.9496 -65.2754
10702.495117 -35.4616 -65.4477 -61.0085 -44.348 -63.1963 -66.5217 -47.5407 -19.8505 -57.8471 -35.3773 -56.987 -12.7761 -52.6035 -49.5291 -50.2863 -55.3108 -47.8838 -69.9453 -29.928 -43.0955 -55.2056 -65.4887
10703.500000 -35.7846 -65.537 -61.0749 -44.6725 -63.3944 -66.7063 -47.7518 -20.2585 -58.0835 -35.6892 -55.7719 -13.6585 -52.4023 -49.8143 -50.266 -55.4733 -48.178 -70.131 -30.2252 -43.3713 -55.4608 -65.6996
10704.504883 -36.1076 -65.626 -61.1412 -44.9963 -63.5909 -66.8887 -47.9633 -20.6514 -58.3191 -36.0012 -53.9535 -14.4518 -52.0693 -50.0987 -50.2542 -55.6363 -48.4708 -70.313 -30.5215 -43.6469 -55.7153 -65.9082
10705.509766 -36.4305 -65.7147 -61.2073 -45.3193 -63.786 -67.0688 -48.1752 -21.0305 -58.5539 -36.3133 -50.7608 -15.1695 -51.653 -50.3825 -50.251 -55.7996 -48.7622 -70.4913 -30.8171 -43.9222 -55.9689 -66.1143
10706.514648 -36.7534 -65.8031 -61.2731 -45.6416 -63.9796 -67.2467 -48.3874 -21.3976 -58.7879 -36.6255 -44.4333 -15.8256 -51.2115 -50.6655 -50.2566 -55.9634 -49.0522 -70.666 -31.1121 -44.1971 -56.2218 -66.318
10707.519531 -37.0761 -65.8912 -61.3386 -45.963 -64.1716 -67.4223 -48.6001 -21.7542 -59.021 -36.9376 -35.9087 -16.4315 -50.7896 -50.9477 -50.2707 -56.1274 -49.3407 -70.8371 -31.4064 -44.4717 -56.4738 -66.5191
10708.525391 -37.3988 -65.9789 -61.404 -46.2837 -64.3621 -67.5956 -48.8131 -22.1016 -59.2533 -37.2498 -31.7933 -16.9969 -50.4124 -51.2292 -50.293 -56.2918 -49.6277 -71.0046 -31.7002 -44.7459 -56.725 -66.7178
10709.530273 -37.7213 -66.0664 -61.4691 -46.6035 -64.5509 -67.7667 -49.0264 -22.4411 -59.4846 -37.562 -31.559 -17.529 -50.0896 -51.5099 -50.3231 -56.4564 -49.9132 -71.1684 -31.9935 -45.0197 -56.9753 -66.914
10710.535156 -38.0436 -66.1535 -61.534 -46.9224 -64.7381 -67.9354 -49.2401 -22.7735 -59.7151 -37.874 -32.1712 -18.0335 -49.822 -51.7899 -50.3605 -56.6213 -50.1972 -71.3288 -32.2864 -45.2931 -57.2248 -67.1076
10711.540039 -38.3657 -66.2403 -61.5986 -47.2405 -64.9236 -68.1017 -49.4542 -23.0996 -59.9445 -38.186 -32.8182 -18.5148 -49.6057 -52.0691 -50.4047 -56.7864 -50.4795 -71.4856 -32.5788 -45.5661 -57.4733 -67.2986
10712.544922 -38.6876 -66.3267 -61.663 -47.5578 -65.1074 -68.2658 -49.6686 -23.4201 -60.173 -38.4978 -33.405 -18.9764 -49.4351 -52.3474 -50.4552 -56.9518 -50.7601 -71.639 -32.8709 -45.8387 -57.721 -67.487
10713.549805 -39.0093 -66.4124 -61.7271 -47.8741 -65.2894 -68.4275 -49.8834 -23.7356 -60.4004 -38.8094 -33.9476 -19.4211 -49.3044 -52.625 -50.5114 -57.1172 -51.039 -71.789 -33.1627 -46.1108 -57.9677 -67.6728
10714.554688 -39.3307 -66.4972 -61.7909 -48.1896 -65.4694 -68.5868 -50.0985 -24.0466 -60.6267 -39.1208 -34.4639 -19.8514 -49.2083 -52.9017 -50.573 -57.2828 -51.3159 -71.9355 -33.4541 -46.3824 -58.2134 -67.856
10715.560547 -39.6519 -66.5795 -61.8545 -48.5042 -65.6472 -68.7438 -50.3139 -24.3535 -60.8519 -39.4319 -34.9587 -20.2694 -49.1421 -53.1776 -50.6394 -57.4485 -51.5908 -72.0787 -33.7453 -46.6536 -58.4582 -68.0366
10716.564453 -39.9727 -66.6555 -61.9178 -48.8178 -65.8224 -68.8983 -50.5297 -24.6569 -61.0761 -39.7428 -35.4314 -20.6768 -49.1017 -53.4526 -50.7102 -57.6143 -51.8635 -72.2185 -34.0362 -46.9243 -58.7019 -68.2145
10717.570312 -40.2933 -66.7141 -61.9809 -49.1306 -65.9943 -69.0504 -50.7458 -24.957 -61.299 -40.0533 -35.8804 -21.0752 -49.0836 -53.7268 -50.7851 -57.7802 -52.1339 -72.3551 -34.3269 -47.1946 -58.9446 -68.3897
10718.575195 -40.6134 -66.7276 -62.0436 -49.4424 -66.162 -69.1998 -50.9622 -25.2542 -61.5207 -40.3634 -36.3052 -21.4658 -49.0849 -54 -50.8636 -57.946 -52.4018 -72.4884 -34.6174 -47.4643 -59.1863 -68.5623
10719.580078 -40.9332 -66.6214 -62.1061 -49.7532 -66.3238 -69.3462 -51.1789 -25.5489 -61.7412 -40.6731 -36.7065 -21.8498 -49.103 -54.2724 -50.9456 -58.1119 -52.6671 -72.6186 -34.9076 -47.7335 -59.4268 -68.7322
10720.584961 -41.2526 -66.1952 -62.1682 -50.0631 -66.4781 -69.4885 -51.3958 -25.8413 -61.9604 -40.9823 -37.0855 -22.2281 -49.1359 -54.5438 -51.0306 -58.2778 -52.9296 -72.7456 -35.1977 -48.0022 -59.6663 -68.8994
10721.589844 -41.5715 -64.9599 -62.2301 -50.3721 -66.6222 -69.6242 -51.6131 -26.1316 -62.1783 -41.291 -37.4441 -22.6016 -49.1817 -54.8143 -51.1184 -58.4435 -53.1893 -72.8695 -35.4875 -48.2703 -59.9045 -69.0639
10722.594727 -41.89 -61.9725 -62.2915 -50.6801 -66.7534 -69.7465 -51.8306 -26.4201 -62.3949 -41.599 -37.7842 -22.971 -49.2389 -55.0838 -51.2087 -58.6093 -53.4459 -72.9903 -35.7772 -48.538 -60.1416 -69.2257
10723.599609 -42.2081 -55.4686 -62.3524 -50.9871 -66.8687 -69.837 -52.0484 -26.7071 -62.6101 -41.9065 -38.1077 -23.3368 -49.3061 -55.3523 -51.3011 -58.7748 -53.6994 -73.1082 -36.0667 -48.8051 -60.3775 -69.3849
10724.605469 -42.5256 -46.0364 -62.4128 -51.2932 -66.9653 -69.8431 -52.2664 -26.9925 -62.8239 -42.2133 -38.4163 -23.6997 -49.3821 -55.6199 -51.3944 -58.9403 -53.9498 -73.2231 -36.356 -49.0716 -60.6122 -69.5413
10725.610352 -42.8426 -29.9656 -62.4725 -51.5982 -67.041 -69.6067 -52.4846 -27.2768 -63.0362 -42.5194 -38.7115 -24.0601 -49.4661 -55.8864 -51.4861 -59.1056 -54.1969 -73.3351 -36.6451 -49.3376 -60.8456 -69.6951
10726.615234 -43.1591 -23.5591 -62.5313 -51.9022 -67.0947 -68.6589 -52.703 -27.5599 -63.247 -42.8247 -38.9946 -24.4183 -49.557 -56.1518 -51.5711 -59.2707 -54.4408 -73.4442 -36.934 -49.603 -61.0777 -69.846
10727.620117 -43.475 -21.9801 -62.589 -52.2052 -67.126 -65.553 -52.9217 -27.842 -63.4564 -43.1293 -39.267 -24.7748 -49.6543 -56.4162 -51.6419 -59.4356 -54.6815 -73.5506 -37.2228 -49.8679 -61.3084 -69.9936
10728.625000 -43.7903 -22.0184 -62.6455 -52.5072 -67.1347 -55.7529 -53.1405 -28.1233 -63.6641 -43.433 -39.5298 -25.1299 -49.7573 -56.6795 -51.6891 -59.6003 -54.9188 -73.6542 -37.5114 -50.1322 -61.5378 -70.137
10729.629883 -44.105 -22.5094 -62.7005 -52.8082 -67.1205 -28.0883 -53.3595 -28.4038 -63.8703 -43.736 -39.7838 -25.4837 -49.8653 -56.9417 -51.7044 -59.7646 -55.153 -73.7551 -37.7998 -50.396 -61.7658 -70.2743
10730.634766 -44.4191 -23.2266 -62.7538 -53.1081 -67.0823 -15.8133 -53.5786 -28.6837 -64.0748 -44.038 -40.03 -25.8366 -49.9779 -57.2027 -51.6817 -59.9287 -55.3839 -73.8533 -38.0881 -50.6591 -61.9923 -70.4033
10731.639648 -44.7326 -24.01 -62.805 -53.4069 -67.0177 -15.7613 -53.7979 -28.963 -64.2777 -44.3392 -40.2692 -26.1888 -50.0946 -57.4626 -51.6191 -60.0925 -55.6116 -73.9488 -38.3761 -50.9217 -62.2174 -70.5209
10732.644531 -45.0454 -24.8226 -62.854 -53.7047 -66.922 -16.4406 -54.0173 -29.2419 -64.4789 -44.6394 -40.5023 -26.5403 -50.2152 -57.7212 -51.519 -60.2559 -55.8362 -74.0413 -38.664 -51.1837 -62.4409 -70.6198
10733.650391 -45.3576 -25.6271 -62.9006 -54.0014 -66.7876 -17.0782 -54.2368 -29.5203 -64.6784 -44.9386 -40.7297 -26.8915 -50.3392 -57.9786 -51.3871 -60.4189 -56.0577 -74.129 -38.9516 -51.4451 -62.6629 -70.6761
10734.655273 -45.6691 -26.3987 -62.9445 -54.2969 -66.6048 -17.7078 -54.4564 -29.7984 -64.8762 -45.2369 -40.9522 -27.2423 -50.4663 -58.2348 -51.2314 -60.5815 -56.2762 -74.2042 -39.2391 -51.7059 -62.8834 -70.6212
10735.660156 -45.9798 -27.1224 -62.9856 -54.5913 -66.3576 -18.3135 -54.676 -30.0762 -65.0721 -45.5342 -41.1703 -27.593 -50.5963 -58.4897 -51.0609 -60.7437 -56.4917 -74.2307 -39.5264 -51.966 -63.1022 -70.2883
10736.665039 -46.2899 -27.7962 -63.0237 -54.8846 -66.0165 -18.8814 -54.8956 -30.3538 -65.2663 -45.8305 -41.3843 -27.9435 -50.729 -58.7432 -50.8839 -60.9054 -56.7044 -74.0354 -39.8135 -52.2256 -63.3194 -69.3341
10737.669922 -46.5992 -28.4237 -63.0587 -55.1768 -65.5347 -19.4088 -55.1153 -30.6312 -65.4586 -46.1258 -41.5948 -28.294 -50.8641 -58.9954 -50.7076 -61.0665 -56.9143 -72.8105 -40.1003 -52.4846 -63.535 -66.6193
10738.674805 -46.9077 -29.0123 -63.0905 -55.4677 -64.8421 -19.9069 -55.335 -30.9085 -65.649 -46.42 -41.8021 -28.6445 -51.0015 -59.2463 -50.5377 -61.2271 -57.1215 -66.0487 -40.3869 -52.7429 -63.7488 -56.5976
10739.679688 -47.2156 -29.5693 -63.119 -55.7574 -63.8373 -20.3805 -55.5546 -31.1856 -65.8375 -46.7132 -42.0065 -28.9952 -51.141 -59.4957 -50.3782 -61.387 -57.3261 -33.5102 -40.6733 -53.0006 -63.9609 -23.9694
10740.685547 -47.5226 -30.1012 -63.1443 -56.046 -62.3249 -20.8309 -55.7742 -31.4627 -66.0241 -47.0052 -42.2083 -29.3459 -51.2823 -59.7437 -50.2317 -61.5462 -57.5281 -0.939464 -40.9594 -53.2577 -64.1712 -12.9851
10741.689453 -47.8288 -30.6125 -63.1663 -56.3332 -59.9528 -21.2603 -55.9937 -31.7397 -66.2088 -47.2962 -42.4077 -29.6969 -51.4255 -59.9902 -50.0997 -61.7046 -57.7276 -2.00098 -41.2453 -53.5141 -64.3797 -12.9462
10742.695312 -48.1343 -31.1062 -63.185 -56.6192 -56.1211 -21.6715 -56.2131 -32.0166 -66.3915 -47.5862 -42.6051 -30.048 -51.5704 -60.2352 -49.9829 -61.8621 -57.9247 -3.87753 -41.5309 -53.7699 -64.5863 -13.1936
10743.700195 -48.439 -31.5848 -63.2005 -56.9039 -49.8596 -22.0666 -56.4324 -32.2936 -66.5722 -47.875 -42.8007 -30.3993 -51.7167 -60.4786 -49.8811 -62.0185 -58.1195 -5.59073 -41.8161 -54.025 -64.7911 -13.1712
10744.705078 -48.7428 -32.0502 -63.2128 -57.1872 -40.9823 -22.4476 -56.6516 -32.5705 -66.7509 -48.1627 -42.9945 -30.7508 -51.8645 -60.7205 -49.7941 -62.1736 -58.3121 -7.05332 -42.1011 -54.2794 -64.994 -13.4486
10745.709961 -49.0458 -32.5038 -63.222 -57.4692 -31.362 -22.8161 -56.8705 -32.8474 -66.9275 -48.4493 -43.1869 -31.1026 -52.0137 -60.9608 -49.7212 -62.3271 -58.5025 -8.29635 -42.3858 -54.5331 -65.195 -14.0147
10746.714844 -49.348 -32.9469 -63.2283 -57.7499 -28.0049 -23.1733 -57.0893 -33.1243 -67.1021 -48.7348 -43.3779 -31.4546 -52.1641 -61.1994 -49.6617 -62.4788 -58.6908 -9.36958 -42.6701 -54.7862 -65.394 -14.6963
10747.719727 -49.6493 -33.3804 -63.2317 -58.029 -28.3433 -23.5206 -57.3078 -33.4013 -67.2746 -49.0191 -43.5678 -31.8067 -52.3157 -61.4364 -49.6145 -62.6281 -58.877 -10.3149 -42.9541 -55.0385 -65.591 -15.3936
10748.724609 -49.9498 -33.8051 -63.2325 -58.3068 -28.5819 -23.8591 -57.5261 -33.6783 -67.445 -49.3024 -43.7566 -32.1591 -52.4684 -61.6716 -49.579 -62.7746 -59.0613 -11.1563 -43.2378 -55.2901 -65.786 -16.0641
10749.730469 -50.2494 -34.2215 -63.2306 -58.583 -28.8836 -24.1898 -57.7441 -33.9553 -67.6133 -49.5845 -43.9444 -32.5117 -52.6221 -61.9051 -49.5543 -62.9176 -59.2437 -11.9092 -43.5211 -55.541 -65.979 -16.6943
10750.735352 -50.5481 -34.6301 -63.2263 -58.8578 -29.2028 -24.5138 -57.9617 -34.2323 -67.7795 -49.8655 -44.1315 -32.8645 -52.7767 -62.1369 -49.5394 -63.0565 -59.4243 -12.5881 -43.8041 -55.7911 -66.1699 -17.283
10751.740234 -50.846 -35.0313 -63.2198 -59.1309 -29.5363 -24.8317 -58.179 -34.5094 -67.9436 -50.1454 -44.3178 -33.2174 -52.9322 -62.3668 -49.5339 -63.1905 -59.6031 -13.2072 -44.0866 -56.0405 -66.3587 -17.8335
10752.745117 -51.1429 -35.4255 -63.2112 -59.4025 -29.8436 -25.1443 -58.3959 -34.7865 -68.1054 -50.4241 -44.5035 -33.5704 -53.0886 -62.5949 -49.5368 -63.3185 -59.7803 -13.7789 -44.3688 -56.2891 -66.5454 -18.3505
10753.750000 -51.439 -35.813 -63.2007 -59.6725 -30.149 -25.4523 -58.6124 -35.0636 -68.2651 -50.7018 -44.6886 -33.9236 -53.2458 -62.8211 -49.5476 -63.4393 -59.9557 -14.3132 -44.6506 -56.5368 -66.73 -18.8386
10754.754883 -51.7341 -36.1939 -63.1884 -59.9408 -30.4386 -25.7563 -58.8285 -35.3407 -68.4224 -50.9782 -44.8733 -34.2768 -53.4036 -63.0454 -49.5658 -63.5515 -60.1296 -14.8176 -44.932 -56.7838 -66.9124 -19.3018
10755.759766 -52.0283 -36.5687 -63.1746 -60.2074 -30.6964 -26.0567 -59.0441 -35.6179 -68.5772 -51.2536 -45.0575 -34.6302 -53.5622 -63.2677 -49.5907 -63.6538 -60.3019 -15.2982 -45.213 -57.0299 -67.0926 -19.7437
10756.764648 -52.3216 -36.9374 -63.1594 -60.4722 -30.9266 -26.354 -59.2591 -35.8951 -68.7289 -51.5279 -45.2414 -34.9835 -53.7214 -63.4881 -49.622 -63.7455 -60.4727 -15.7594 -45.4935 -57.2752 -67.2707 -20.1672
10757.769531 -52.614 -37.3004 -63.1431 -60.7353 -31.1368 -26.6486 -59.4737 -36.1722 -68.8763 -51.801 -45.4249 -35.3369 -53.8811 -63.7065 -49.6592 -63.8265 -60.6421 -16.2049 -45.7736 -57.5196 -67.4465 -20.575
10758.775391 -52.9054 -37.6578 -63.1257 -60.9965 -31.3257 -26.9408 -59.6876 -36.4494 -69.0164 -52.073 -45.6082 -35.6903 -54.0414 -63.9229 -49.7019 -63.8973 -60.81 -16.6376 -46.0533 -57.7631 -67.6201 -20.969
10759.780273 -53.1958 -38.0099 -63.1075 -61.2559 -31.5021 -27.2311 -59.9009 -36.7266 -69.1422 -52.3438 -45.7913 -36.0437 -54.2023 -64.1372 -49.7498 -63.9589 -60.9765 -17.0599 -46.3325 -58.0056 -67.7915 -21.3511
10760.785156 -53.4852 -38.3567 -63.0885 -61.5134 -31.6748 -27.5196 -60.1136 -37.0037 -69.2359 -52.6136 -45.9743 -36.397 -54.3635 -64.3494 -49.8025 -64.0125 -61.1417 -17.4736 -46.6113 -58.2473 -67.9606 -21.7229
10761.790039 -53.7737 -38.6986 -63.069 -61.7689 -31.8461 -27.8066 -60.3255 -37.2809 -69.2536 -52.8822 -46.1571 -36.7502 -54.5252 -64.5595 -49.8598 -64.0595 -61.3056 -17.8804 -46.8896 -58.4879 -68.1275 -22.0857
10762.794922 -54.0611 -39.0357 -63.049 -62.0224 -32.0148 -28.0924 -60.5367 -37.558 -69.0841 -53.1497 -46.3397 -37.1033 -54.6874 -64.7675 -49.9215 -64.1013 -61.4682 -18.2816 -47.1674 -58.7276 -68.2921 -22.4407
10763.799805 -54.3476 -39.3682 -63.0282 -62.2739 -32.1815 -28.3771 -60.7471 -37.835 -68.4364 -53.416 -46.5223 -37.4562 -54.8498 -64.9733 -49.9871 -64.1392 -61.6295 -18.6783 -47.4448 -58.9662 -68.4544 -22.7888
10764.804688 -54.633 -39.6962 -63.0053 -62.5233 -32.3465 -28.6609 -60.9565 -38.112 -66.5249 -53.6813 -46.7049 -37.809 -55.0126 -65.1769 -50.0567 -64.1743 -61.7896 -19.0715 -47.7216 -59.2038 -68.6144 -23.131
10765.810547 -54.9173 -40.0199 -62.975 -62.7706 -32.5101 -28.944 -61.1648 -38.389 -61.268 -53.9453 -46.8874 -38.1615 -55.1757 -65.3783 -50.1298 -64.2079 -61.9484 -19.4619 -47.998 -59.4404 -68.7721 -23.468
10766.814453 -55.2005 -40.3395 -62.9239 -63.0158 -32.6728 -29.2265 -61.3719 -38.6659 -47.9924 -54.2083 -47.0699 -38.5139 -55.339 -65.5775 -50.2064 -64.2406 -62.1061 -19.8502 -48.2738 -59.6758 -68.9276 -23.8005
10767.820312 -55.4827 -40.6551 -62.8256 -63.2587 -32.8354 -29.5086 -61.5775 -38.9427 -25.5036 -54.4701 -47.2525 -38.8659 -55.5026 -65.7744 -50.2864 -64.2734 -62.2625 -20.237 -48.5492 -59.9101 -69.0807 -24.1291
10768.825195 -55.7638 -40.9669 -62.6431 -63.4995 -32.9987 -29.7902 -61.7811 -39.2195 -19.3386 -54.7307 -47.435 -39.2177 -55.6664 -65.969 -50.3694 -64.3067 -62.4178 -20.6227 -48.824 -60.1432 -69.2315 -24.4542
10769.830078 -56.0437 -41.2749 -62.3352 -63.7379 -33.1632 -30.0716 -61.9826 -39.4962 -18.1902 -54.9902 -47.6176 -39.5692 -55.8304 -66.1614 -50.4554 -64.3411 -62.5719 -21.0079 -49.0983 -60.3751 -69.3801 -24.7764
10770.834961 -56.3224 -41.5794 -61.8631 -63.974 -33.3295 -30.3529 -62.1813 -39.7727 -18.6267 -55.2486 -47.8002 -39.9204 -55.9945 -66.3514 -50.5443 -64.377 -62.7249 -21.3928 -49.3721 -60.6058 -69.5263 -25.096
10771.839844 -56.6 -41.8804 -61.1968 -64.2078 -33.4978 -30.634 -62.3769 -40.0492 -19.2616 -55.5057 -47.9829 -40.2712 -56.1588 -66.5391 -50.6359 -64.4146 -62.8768 -21.7777 -49.6454 -60.8353 -69.6702 -25.4134
10772.844727 -56.8764 -42.1782 -60.3209 -64.4392 -33.6683 -30.915 -62.5689 -40.3256 -19.7908 -55.7617 -48.1657 -40.6216 -56.3231 -66.7244 -50.7301 -64.4542 -63.0275 -22.1629 -49.9181 -61.0635 -69.8118 -25.7289
10773.849609 -57.1515 -42.4727 -59.2378 -64.6681 -33.841 -31.1961 -62.757 -40.6018 -20.2801 -56.0166 -48.3485 -40.9716 -56.4875 -66.9074 -50.8268 -64.4958 -63.1771 -22.5485 -50.1903 -61.2903 -69.9512 -26.0428
10774.855469 -57.4254 -42.7641 -57.972 -64.8946 -34.0159 -31.4772 -62.9408 -40.8778 -20.7653 -56.2702 -48.5314 -41.3211 -56.652 -67.0881 -50.9259 -64.5396 -63.3256 -22.9349 -50.462 -61.5159 -70.0882 -26.3553
10775.860352 -57.698 -43.0525 -56.5687 -65.1186 -34.1929 -31.7584 -63.1201 -41.1537 -21.2327 -56.5226 -48.7145 -41.6701 -56.8165 -67.2663 -51.0272 -64.5854 -63.473 -23.322 -50.733 -61.74 -70.2231 -26.6665
10776.865234 -57.9693 -43.338 -55.0801 -65.34 -34.3721 -32.0398 -63.2944 -41.4294 -21.6796 -56.7738 -48.8976 -42.0186 -56.981 -67.4422 -51.1308 -64.6324 -63.6192 -23.71 -51.0036 -61.9627 -70.3558 -26.9768
10777.870117 -58.2392 -43.6208 -53.5602 -65.5589 -34.5533 -32.3212 -63.4636 -41.7048 -22.106 -57.0237 -49.0807 -42.3665 -57.1454 -67.6156 -51.2364 -64.6788 -63.7644 -24.099 -51.2735 -62.184 -70.487 -27.2862
10778.875000 -58.5078 -43.9008 -52.0657 -65.7752 -34.7366 -32.6029 -63.6275 -41.9801 -22.5136 -57.2725 -49.264 -42.7139 -57.3098 -67.7867 -51.3441 -64.7206 -63.9085 -24.489 -51.5429 -62.4038 -70.6184 -27.595
10779.879883 -58.7749 -44.1782 -50.6541 -65.9889 -34.922 -32.8847 -63.7858 -42.2552 -22.9037 -57.5199 -49.4474 -43.0607 -57.4741 -67.9554 -51.4537 -64.7487 -64.0515 -24.8801 -51.8117 -62.6221 -70.7553 -27.9031
10780.884766 -59.0406 -44.4531 -49.3789 -66.1999 -35.1097 -33.1667 -63.9383 -42.53 -23.2776 -57.7661 -49.6309 -43.4068 -57.6383 -68.1216 -51.5652 -64.7457 -64.1934 -25.2723 -52.08 -62.8388 -70.9063 -28.2108
10781.889648 -59.3049 -44.7255 -48.2838 -66.4083 -35.2997 -33.4489 -64.0847 -42.8046 -23.637 -58.011 -49.8145 -43.7523 -57.8024 -68.2854 -51.6784 -64.6797 -64.3342 -25.6657 -52.3476 -63.054 -71.0223 -28.5181
10782.894531 -59.5676 -44.9956 -47.3949 -66.6139 -35.4919 -33.7313 -64.2249 -43.0789 -23.9835 -58.2547 -49.9982 -44.0971 -57.9662 -68.4468 -51.7934 -64.493 -64.4739 -26.0601 -52.6146 -63.2676 -71.0444 -28.825
10783.900391 -59.8288 -45.2633 -46.7127 -66.8168 -35.6863 -34.0139 -64.3587 -43.353 -24.3184 -58.4969 -50.1819 -44.4412 -58.1298 -68.6058 -51.91 -64.0829 -64.6126 -26.4557 -52.8811 -63.4795 -70.9584 -29.1318
10784.905273 -60.0884 -45.5288 -46.2158 -67.017 -35.8828 -34.2966 -64.4859 -43.6267 -24.6431 -58.7379 -50.3658 -44.7845 -58.2932 -68.7624 -52.0282 -63.3355 -64.7501 -26.8524 -53.1469 -63.6897 -70.6879 -29.4384
10785.910156 -60.3464 -45.7922 -45.872 -67.2144 -36.0811 -34.5796 -64.6062 -43.9002 -24.9587 -58.9775 -50.5497 -45.1271 -58.4562 -68.9165 -52.148 -62.1672 -64.8866 -27.2501 -53.412 -63.8983 -70.0847 -29.7448
10786.915039 -60.6027 -46.0535 -45.6498 -67.409 -36.2812 -34.8628 -64.7189 -44.1734 -25.2663 -59.2157 -50.7338 -45.469 -58.6188 -69.0683 -52.2692 -60.4742 -65.0219 -27.6488 -53.6766 -64.1051 -68.6047 -30.0512
10787.919922 -60.8574 -46.3127 -45.5226 -67.6009 -36.4828 -35.1462 -64.8233 -44.4462 -25.5668 -59.4525 -50.9179 -45.81 -58.781 -69.2176 -52.3918 -58.0851 -65.1562 -28.0484 -53.9405 -64.3101 -63.9248 -30.3575
10788.924805 -61.1103 -46.57 -45.4689 -67.7899 -36.6857 -35.4297 -64.918 -44.7187 -25.8611 -59.688 -51.1021 -46.1502 -58.9425 -69.3644 -52.5158 -54.7524 -65.2894 -28.449 -54.2037 -64.5133 -56.1099 -30.6639
10789.929688 -61.3615 -46.8253 -45.4717 -67.9761 -36.8898 -35.7134 -65.0015 -44.9909 -26.1498 -59.9219 -51.2863 -46.4896 -59.1033 -69.5085 -52.6411 -50.2237 -65.4214 -28.8504 -54.4663 -64.7148 -21.1426 -30.9702
10790.935547 -61.6108 -47.0788 -45.5172 -68.1595 -37.0949 -35.9973 -65.0716 -45.2627 -26.4337 -60.1545 -51.4707 -46.8281 -59.2632 -69.649 -52.7676 -44.7129 -65.5524 -29.2527 -54.7281 -64.9143 -9.41077 -31.2766
10791.939453 -61.8583 -47.3305 -45.5944 -68.34 -37.3007 -36.2813 -65.1262 -45.5342 -26.7134 -60.3855 -51.655 -47.1658 -59.4221 -69.7831 -52.8954 -39.3227 -65.6823 -29.6556 -54.9893 -65.112 -10.1592 -31.583
10792.945312 -62.1039 -47.5804 -45.6945 -68.5177 -37.5073 -36.5654 -65.1631 -45.8052 -26.9894 -60.615 -51.8395 -47.5026 -59.5796 -69.9005 -53.0243 -36.7667 -65.8111 -30.0593 -55.2497 -65.3078 -9.92998 -31.8894
10793.950195 -62.3476 -47.8286 -45.8106 -68.6926 -37.7145 -36.8496 -65.1803 -46.0759 -27.2621 -60.843 -52.024 -47.8384 -59.7354 -69.9663 -53.1543 -36.6393 -65.9388 -30.4635 -55.5094 -65.5016 -10.7617 -32.196
10794.955078 -62.5894 -48.0751 -45.9378 -68.8646 -37.9222 -37.1339 -65.1761 -46.3463 -27.5319 -61.0695 -52.2085 -48.1734 -59.889 -69.8653 -53.2854 -37.258 -66.0654 -30.8683 -55.7684 -65.6935 -11.8928 -32.5026
10795.959961 -62.8291 -48.3201 -46.072 -69.0337 -38.1304 -37.4183 -65.1497 -46.6162 -27.7993 -61.2944 -52.3931 -48.5074 -60.0396 -69.2434 -53.4175 -38.0682 -66.1908 -31.2736 -56.0266 -65.8833 -12.98 -32.8092
10796.964844 -63.0668 -48.5634 -46.2105 -69.2 -38.3389 -37.7027 -65.1008 -46.8856 -28.0645 -61.5177 -52.5777 -48.8404 -60.1864 -67.0409 -53.5505 -38.8971 -66.3152 -31.6793 -56.284 -66.0712 -13.9835 -33.116
10797.969727 -63.3024 -48.8052 -46.3512 -69.3635 -38.5477 -37.9872 -65.0301 -47.1547 -28.3279 -61.7394 -52.7623 -49.1725 -60.3286 -60.4204 -53.6845 -39.6521 -66.4385 -32.0853 -56.5406 -66.257 -14.8967 -33.4228
10798.974609 -63.5359 -49.0455 -46.4927 -69.5241 -38.7568 -38.2717 -64.9388 -47.4234 -28.5897 -61.9594 -52.9469 -49.5036 -60.4652 -45.7847 -53.8194 -40.3179 -66.5606 -32.4916 -56.7963 -66.4408 -15.721 -33.7296
10799.980469 -63.7673 -49.2844 -46.634 -69.6819 -38.966 -38.5563 -64.829 -47.6916 -28.8501 -62.1778 -53.1315 -49.8336 -60.5955 -24.714 -53.9552 -40.9113 -66.6817 -32.8981 -57.0512 -66.6225 -16.4666 -34.0365
10800.985352 -63.9964 -49.5218 -46.7743 -69.8369 -39.1754 -38.8408 -64.7029 -47.9593 -29.1094 -62.3945 -53.3161 -50.1627 -60.7189 -17.6922 -54.0918 -41.4573 -66.8016 -33.3048 -57.3052 -66.8021 -17.146 -34.3435
10801.990234 -64.2234 -49.7579 -46.9132 -69.989 -39.385 -39.1254 -64.5632 -48.2266 -29.3676 -62.6094 -53.5007 -50.4908 -60.8353 -18.5105 -54.2291 -41.9687 -66.9204 -33.7115 -57.5583 -66.9796 -17.7707 -34.6505
10802.995117 -64.448 -49.9925 -47.0505 -70.1384 -39.5946 -39.4099 -64.4125 -48.4935 -29.625 -62.8226 -53.6853 -50.8178 -60.9445 -18.7216 -54.3672 -42.4541 -67.0381 -34.1183 -57.8105 -67.155 -18.3501 -34.9575
10804.000000 -64.6704 -50.2259 -47.1859 -70.285 -39.8043 -39.6943 -64.2534 -48.7599 -29.8818 -63.0341 -53.8698 -51.1437 -61.0467 -19.0129 -54.5059 -42.9189 -67.1547 -34.525 -58.0617 -67.3282 -18.8915 -35.2645
10805.004883 -64.8905 -50.458 -47.3193 -70.4288 -40.014 -39.9787 -64.0883 -49.0258 -30.138 -63.2438 -54.0543 -51.4686 -61.1424 -19.3275 -54.6454 -43.3663 -67.2702 -34.9315 -58.3119 -67.4992 -19.4011 -35.5716
10806.009766 -65.1082 -50.6888 -47.4505 -70.5699 -40.2238 -40.2631 -63.9195 -49.2912 -30.3937 -63.4516 -54.2388 -51.7924 -61.2319 -19.7188 -54.7855 -43.7984 -67.3845 -35.338 -58.5612 -67.6681 -19.8834 -35.8786
10807.014648 -65.3235 -50.9183 -47.5795 -70.7082 -40.4335 -40.5473 -63.7489 -49.5561 -30.6491 -63.6577 -54.4232 -52.1151 -61.3159 -20.1623 -54.9261 -44.2161 -67.4978 -35.7442 -58.8093 -67.8348 -20.3425 -36.1856
10808.019531 -65.5363 -51.1467 -47.7055 -70.8438 -40.6433 -40.8313 -63.5782 -49.8206 -30.9042 -63.8619 -54.6075 -52.4367 -61.3951 -20.6161 -55.0673 -44.6201 -67.6099 -36.1501 -59.0564 -67.9993 -20.7815 -36.4926
10809.025391 -65.7468 -51.3739 -47.8271 -70.9768 -40.853 -41.1152 -63.409 -50.0845 -31.1591 -64.0642 -54.7917 -52.7572 -61.4701 -21.0627 -55.2091 -45.011 -67.7209 -36.5556 -59.3024 -68.1616 -21.2031 -36.7995
10810.030273 -65.9547 -51.5998 -47.9411 -71.107 -41.0626 -41.399 -63.2429 -50.3479 -31.4139 -64.2646 -54.9758 -53.0765 -61.5415 -21.4951 -55.3513 -45.3898 -67.8307 -36.9608 -59.5473 -68.3216 -21.6095 -37.1064
10811.035156 -66.1602 -51.8247 -48.0425 -71.2347 -41.2723 -41.6825 -63.0817 -50.6108 -31.6687 -64.4631 -55.1598 -53.3946 -61.6101 -21.9124 -55.494 -45.7573 -67.9394 -37.3656 -59.791 -68.4795 -22.0027 -37.4132
10812.040039 -66.3631 -52.0484 -48.1253 -71.3597 -41.4818 -41.9659 -62.9273 -50.8732 -31.9234 -64.6596 -55.3436 -53.7116 -61.6764 -22.3153 -55.6371 -46.1146 -68.0469 -37.7698 -60.0335 -68.6352 -22.3843 -37.7199
10813.044922 -66.5635 -52.2711 -48.1845 -71.4822 -41.6913 -42.249 -62.7821 -51.1351 -32.1782 -64.8542 -55.5274 -54.0274 -61.7409 -22.7043 -55.7806 -46.4624 -68.1532 -38.1735 -60.2747 -68.7888 -22.7558 -38.0265
10814.049805 -66.7613 -52.4926 -48.2179 -71.602 -41.9007 -42.5318 -62.6483 -51.3964 -32.433 -65.0468 -55.7109 -54.3419 -61.8043 -23.0795 -55.9245 -46.8016 -68.2582 -38.5767 -60.5147 -68.9405 -23.1183 -38.333
10815.054688 -66.9565 -52.7131 -48.2264 -71.7194 -42.11 -42.8144 -62.5281 -51.6572 -32.688 -65.2374 -55.8944 -54.6552 -61.8669 -23.4416 -56.0687 -47.1328 -68.3618 -38.9792 -60.7534 -69.0901 -23.473 -38.6393
10816.060547 -67.1491 -52.9325 -48.2131 -71.8342 -42.3193 -43.0968 -62.4232 -51.9175 -32.9431 -65.426 -56.0776 -54.9672 -61.9291 -23.7916 -56.2132 -47.4566 -68.4632 -39.381 -60.9907 -69.2366 -23.8207 -38.9455
10817.064453 -67.3391 -53.1509 -48.183 -71.9466 -42.5285 -43.3788 -62.335 -52.1772 -33.1983 -65.6126 -56.2606 -55.278 -61.9913 -24.1309 -56.3579 -47.7735 -68.5611 -39.7821 -61.2267 -69.3743 -24.1624 -39.2516
10818.070312 -67.5264 -53.3683 -48.1416 -72.0565 -42.7375 -43.6605 -62.2639 -52.4363 -33.4538 -65.7971 -56.4435 -55.5874 -62.0539 -24.4609 -56.5029 -48.084 -68.6506 -40.1825 -61.4612 -69.4788 -24.4986 -39.5575
10819.075195 -67.7111 -53.5846 -48.0941 -72.1639 -42.9465 -43.9419 -62.2097 -52.6948 -33.7095 -65.9796 -56.6261 -55.8954 -62.117 -24.7829 -56.6481 -48.3884 -68.7146 -40.5821 -61.6943 -69.4601 -24.8302 -39.8632
10820.080078 -67.8931 -53.8 -48.0453 -72.2683 -43.1554 -44.2229 -62.1718 -52.9528 -33.9653 -66.16 -56.8084 -56.2021 -62.1809 -25.0981 -56.7935 -48.6871 -68.6922 -40.9808 -61.9259 -69.0179 -25.1575 -40.1687
10821.084961 -68.0724 -54.0144 -47.999 -72.3677 -43.3641 -44.5036 -62.1489 -53.2102 -34.2214 -66.3383 -56.9906 -56.5074 -62.2458 -25.4075 -56.939 -48.9802 -68.3554 -41.3786 -62.1559 -67.1896 -25.4812 -40.474
10822.089844 -68.249 -54.2278 -47.9579 -72.4504 -43.5727 -44.7839 -62.1391 -53.4669 -34.4778 -66.5145 -57.1724 -56.8112 -62.3117 -25.712 -57.0846 -49.2678 -66.9121 -41.7755 -62.3844 -61.1119 -25.8016 -40.7791
10823.094727 -68.423 -54.4403 -47.9241 -72.4549 -43.7812 -45.0639 -62.14 -53.7231 -34.7344 -66.6886 -57.3539 -57.1136 -62.3789 -26.0122 -57.2304 -49.5495 -62.2142 -42.1714 -62.6113 -44.281 -26.1192 -41.0838
10824.099609 -68.5942 -54.6518 -47.8988 -72.0444 -43.9895 -45.3434 -62.1479 -53.9786 -34.9912 -66.8605 -57.5352 -57.4145 -62.4473 -26.3089 -57.3761 -49.8241 -51.7684 -42.5663 -62.8365 -22.2529 -26.4342 -41.3884
10825.105469 -68.7628 -54.8624 -47.8826 -69.0862 -44.1977 -45.6225 -62.1582 -54.2335 -35.2483 -67.0304 -57.7161 -57.7138 -62.517 -26.6027 -57.5219 -50.0886 -33.4175 -42.9602 -63.0601 -16.5229 -26.747 -41.6926
10826.110352 -68.9286 -55.072 -47.8757 -51.5068 -44.4057 -45.9012 -62.1635 -54.4877 -35.5057 -67.1981 -57.8967 -58.0116 -62.5881 -26.894 -57.6678 -50.3357 -21.8828 -43.353 -63.2819 -16.4424 -27.0578 -41.9964
10827.115234 -69.0918 -55.2807 -47.878 -9.43994 -44.6135 -46.1794 -62.1525 -54.7413 -35.7633 -67.3636 -58.0769 -58.3077 -62.6606 -27.1834 -57.8135 -50.5517 -20.6176 -43.7446 -63.502 -16.958 -27.3669 -42.3
10828.120117 -69.2522 -55.4884 -47.8891 -7.1531 -44.8211 -46.4572 -62.1058 -54.9941 -36.0212 -67.527 -58.2567 -58.6022 -62.7344 -27.4713 -57.9593 -50.7141 -20.5837 -44.1351 -63.7203 -17.4459 -27.6745 -42.6032
10829.125000 -69.41 -55.6952 -47.9085 -8.00984 -45.0285 -46.7346 -61.9909 -55.2463 -36.2793 -67.6883 -58.4362 -58.895 -62.8095 -27.758 -58.1049 -50.7918 -20.4863 -44.5244 -63.9368 -17.9934 -27.9807 -42.906
10830.129883 -69.5651 -55.9011 -47.9357 -9.3385 -45.2357 -47.0114 -61.7504 -55.4978 -36.5377 -67.8474 -58.6152 -59.1861 -62.8859 -28.0439 -58.2504 -50.7435 -20.7663 -44.9125 -64.1514 -18.5291 -28.2857 -43.2085
10831.134766 -69.7175 -56.1061 -47.9701 -10.4109 -45.4427 -47.2878 -61.2797 -55.7486 -36.7963 -68.0043 -58.7938 -59.4754 -62.9636 -28.3292 -58.3958 -50.5238 -21.215 -45.2993 -64.3641 -19.0493 -28.5897 -43.5105
10832.139648 -69.8672 -56.3102 -48.011 -11.4171 -45.6494 -47.5637 -60.3871 -55.9986 -37.0551 -68.159 -58.9719 -59.7629 -63.0425 -28.6142 -58.5411 -50.1113 -21.6829 -45.6849 -64.5749 -19.5491 -28.8928 -43.8121
10833.144531 -70.0142 -56.5133 -48.058 -12.355 -45.8559 -47.8391 -58.8013 -56.2478 -37.3142 -68.3116 -59.1496 -60.0485 -63.1225 -28.899 -58.6861 -49.5438 -22.1185 -46.0692 -64.7837 -20.0245 -29.1951 -44.1133
10834.150391 -70.1586 -56.7156 -48.1105 -13.2093 -46.0622 -48.1139 -56.3786 -56.4962 -37.5735 -68.462 -59.3267 -60.3322 -63.2036 -29.184 -58.8309 -48.9123 -22.5403 -46.4521 -64.9905 -20.4763 -29.4967 -44.4141
10835.155273 -70.3004 -56.9169 -48.1679 -13.9803 -46.2682 -48.3883 -52.9819 -56.7439 -37.8331 -68.6103 -59.5033 -60.614 -63.2857 -29.4691 -58.9755 -48.2983 -22.9617 -46.8337 -65.1953 -20.9062 -29.7977 -44.7144
10836.160156 -70.4396 -57.1172 -48.2298 -14.6769 -46.4739 -48.6621 -48.1618 -56.9907 -38.0928 -68.7564 -59.6794 -60.8938 -63.3687 -29.7544 -59.1198 -47.7392 -23.3874 -47.2139 -65.398 -21.3166 -30.0981 -45.0142
10837.165039 -70.5761 -57.3167 -48.2958 -15.3115 -46.6794 -48.9354 -41.9131 -57.2366 -38.3527 -68.9003 -59.855 -61.1715 -63.4526 -30.0402 -59.2638 -47.2422 -23.8185 -47.5927 -65.5987 -21.7096 -30.3981 -45.3136
10838.169922 -70.7101 -57.5152 -48.3655 -15.896 -46.8846 -49.2081 -36.0982 -57.4817 -38.6129 -69.0421 -60.0299 -61.4472 -63.5373 -30.3264 -59.4075 -46.8041 -24.2534 -47.9701 -65.7972 -22.0872 -30.6976 -45.6124
10839.174805 -70.8415 -57.7128 -48.4385 -16.4398 -47.0895 -49.4803 -32.4733 -57.7259 -38.8732 -69.1817 -60.2042 -61.7207 -63.6226 -30.6131 -59.5508 -46.4206 -24.6889 -48.3461 -65.9935 -22.4511 -30.9968 -45.9107
10840.179688 -70.9704 -57.9095 -48.5144 -16.9501 -47.2941 -49.752 -31.1475 -57.9692 -39.1337 -69.3192 -60.3779 -61.992 -63.7086 -30.9003 -59.6938 -46.0885 -25.1221 -48.7206 -66.1877 -22.803 -31.2956 -46.2085
10841.185547 -71.0967 -58.1052 -48.5931 -17.4322 -47.4984 -50.023 -30.8988 -58.2115 -39.3943 -69.4545 -60.551 -62.2612 -63.7952 -31.1881 -59.8363 -45.8044 -25.5511 -49.0936 -66.3797 -23.1441 -31.5941 -46.5058
10842.189453 -71.2205 -58.3 -48.6742 -17.8903 -47.7024 -50.2935 -31.0141 -58.4529 -39.6551 -69.5875 -60.7234 -62.528 -63.8823 -31.4764 -59.9785 -45.565 -25.9753 -49.4651 -66.5695 -23.4758 -31.8924 -46.8025
10843.195312 -71.3418 -58.4938 -48.7576 -18.3277 -47.9062 -50.5635 -31.2868 -58.6932 -39.9161 -69.7178 -60.895 -62.7925 -63.9698 -31.7652 -60.1202 -45.3665 -26.3958 -49.8351 -66.757 -23.7992 -32.1904 -47.0987
10844.200195 -71.4607 -58.6867 -48.8429 -18.7472 -48.1096 -50.8328 -31.6378 -58.9325 -40.1771 -69.8433 -61.066 -63.0547 -64.0577 -32.0546 -60.2614 -45.2053 -26.8137 -50.2036 -66.9423 -24.1153 -32.4882 -47.3943
10845.205078 -71.5768 -58.8786 -48.93 -19.1512 -48.3128 -51.1015 -32.0301 -59.1707 -40.4383 -69.9565 -61.2362 -63.3144 -64.1459 -32.3445 -60.4021 -45.0775 -27.2301 -50.5706 -67.1253 -24.4248 -32.7858 -47.6893
10846.209961 -71.6897 -59.0695 -49.0187 -19.5417 -48.5157 -51.3697 -32.4327 -59.4079 -40.6996 -70.028 -61.4057 -63.5717 -64.2344 -32.6349 -60.5423 -44.9796 -27.6455 -50.9359 -67.3062 -24.7286 -33.0832 -47.9837
10847.214844 -71.7966 -59.2594 -49.109 -19.9205 -48.7183 -51.6372 -32.8321 -59.6439 -40.9609 -69.9488 -61.5743 -63.8265 -64.3231 -32.9258 -60.682 -44.9082 -28.0599 -51.2997 -67.485 -25.0274 -33.3805 -48.2775
10848.219727 -71.8866 -59.4483 -49.2006 -20.2891 -48.9206 -51.9042 -33.2228 -59.8788 -41.2223 -69.3344 -61.7421 -64.0787 -64.4119 -33.2172 -60.821 -44.8602 -28.473 -51.6619 -67.6618 -25.3218 -33.6776 -48.5707
10849.224609 -71.9125 -59.6361 -49.2933 -20.6488 -49.1226 -52.1705 -33.6013 -60.1125 -41.4838 -67.0525 -61.9091 -64.3284 -64.5008 -33.509 -60.9596 -44.8328 -28.8845 -52.0225 -67.8355 -25.6123 -33.9745 -48.8633
10850.230469 -71.6682 -59.8229 -49.3872 -21.0008 -49.3244 -52.4362 -33.9654 -60.345 -41.7452 -60.5176 -62.0753 -64.5754 -64.5894 -33.8012 -61.0975 -44.8235 -29.2939 -52.3815 -68.0036 -25.8993 -34.2712 -49.1553
10851.235352 -70.3364 -60.0084 -49.4821 -21.3461 -49.5258 -52.7012 -34.3142 -60.5762 -42.0067 -44.3416 -62.2405 -64.8197 -64.6773 -34.0939 -61.2347 -44.8301 -29.7008 -52.7388 -68.1648 -26.1834 -34.5678 -49.4466
10852.240234 -65.6868 -60.1926 -49.5778 -21.6856 -49.727 -52.9656 -34.6479 -60.8062 -42.2682 -20.3823 -62.4049 -65.0614 -64.7637 -34.3869 -61.3713 -44.8508 -30.1051 -53.0944 -68.3189 -26.4648 -34.8643 -49.7373
10853.245117 -45.2985 -60.3753 -49.6744 -22.0201 -49.928 -53.2293 -34.9673 -61.0348 -42.5297 -17.146 -62.5683 -65.3003 -64.8473 -34.6803 -61.5073 -44.884 -30.5065 -53.4483 -68.4662 -26.744 -35.1606 -50.0274
10854.250000 -10.8942 -60.556 -49.7717 -22.3503 -50.1286 -53.4924 -35.2732 -61.2621 -42.7912 -16.5664 -62.7308 -65.5364 -64.9258 -34.974 -61.6425 -44.9283 -30.9048 -53.8006 -68.6072 -27.0212 -35.4567 -50.3168
10855.254883 -7.99187 -60.7343 -49.8697 -22.6768 -50.329 -53.7548 -35.5667 -61.4881 -43.0526 -16.6019 -62.8923 -65.7697 -64.9955 -35.2681 -61.777 -44.9825 -31.2999 -54.151 -68.7425 -27.2966 -35.7527 -50.6056
10856.259766 -9.12297 -60.9097 -49.9683 -23.0001 -50.5292 -54.0165 -35.8487 -61.7126 -43.3139 -17.0244 -63.0527 -66.0001 -65.0503 -35.5624 -61.9106 -45.0455 -31.6917 -54.4998 -68.8725 -27.5706 -36.0485 -50.8936
10857.264648 -10.2576 -61.0814 -50.0675 -23.3207 -50.7291 -54.2775 -36.1204 -61.9356 -43.5752 -17.6288 -63.2122 -66.2277 -65.0801 -35.857 -62.0432 -45.1166 -32.08 -54.8467 -68.9979 -27.8433 -36.3441 -51.181
10858.269531 -11.419 -61.2489 -50.1671 -23.6391 -50.9287 -54.5378 -36.3827 -62.1572 -43.8364 -18.279 -63.3706 -66.4524 -65.0696 -36.1518 -62.174 -45.1949 -32.4646 -55.1918 -69.1194 -28.1149 -36.6396 -51.4677
10859.275391 -12.4689 -61.4115 -50.2672 -23.9555 -51.1281 -54.7973 -36.6365 -62.3772 -44.0975 -18.9218 -63.528 -66.6741 -64.9964 -36.4468 -62.3015 -45.2797 -32.8455 -55.535 -69.2373 -28.3856 -36.9348 -51.7538
10860.280273 -13.4058 -61.5687 -50.3676 -24.2704 -51.3273 -55.0561 -36.8827 -62.5957 -44.3586 -19.5338 -63.6842 -66.8928 -64.8286 -36.742 -62.4226 -45.3706 -33.2227 -55.8764 -69.351 -28.6555 -37.2299 -52.0391
10861.285156 -14.2392 -61.7201 -50.4685 -24.584 -51.5262 -55.3142 -37.122 -62.8127 -44.6194 -20.1053 -63.8394 -67.1086 -64.518 -37.0374 -62.5307 -45.4669 -33.5961 -56.2159 -69.4603 -28.9248 -37.5248 -52.3237
10862.290039 -14.9845 -61.8653 -50.5696 -24.8965 -51.7249 -55.5714 -37.3552 -63.028 -44.8802 -20.6379 -63.9934 -67.3214 -63.9947 -37.3329 -62.6138 -45.5682 -33.9657 -56.5534 -69.565 -29.1935 -37.8195 -52.6076
10863.294922 -15.6576 -62.0045 -50.6711 -25.2082 -51.9234 -55.8279 -37.5828 -63.2416 -45.1408 -21.1384 -64.1463 -67.5311 -63.1855 -37.6285 -62.6502 -45.6741 -34.3317 -56.889 -69.6631 -29.4618 -38.114 -52.8907
10864.299805 -16.2716 -62.1374 -50.7727 -25.5193 -52.1217 -56.0836 -37.8054 -63.4536 -45.4013 -21.6134 -64.298 -67.7378 -62.0456 -37.9242 -62.6069 -45.7843 -34.6942 -57.2225 -69.7506 -29.7298 -38.4082 -53.1731
10865.304688 -16.8367 -62.2644 -50.8746 -25.8299 -52.3197 -56.3384 -38.0236 -63.6638 -45.6615 -22.0674 -64.4485 -67.9414 -60.5156 -38.22 -62.444 -45.8985 -35.0532 -57.554 -69.819 -29.9975 -38.7022 -53.4548
10866.310547 -17.3613 -62.3855 -50.9768 -26.1402 -52.5175 -56.5924 -38.2379 -63.8723 -45.9216 -22.503 -64.5978 -68.1419 -58.4097 -38.5158 -62.1276 -46.0163 -35.409 -57.8834 -69.849 -30.265 -38.996 -53.7357
10867.314453 -17.8525 -62.5013 -51.079 -26.4503 -52.7151 -56.8455 -38.4487 -64.079 -46.1815 -22.9219 -64.7458 -68.3394 -55.3615 -38.8116 -61.6446 -46.1375 -35.7616 -58.2107 -69.7953 -30.5324 -39.2895 -54.0158
10868.320312 -18.3159 -62.612 -51.1814 -26.7603 -52.9125 -57.0977 -38.6563 -64.2839 -46.4412 -23.3255 -64.8924 -68.5338 -51.0094 -39.1074 -61.008 -46.262 -36.1114 -58.5357 -69.5415 -30.7997 -39.5828 -54.2951
10869.325195 -18.7559 -62.7181 -51.284 -27.0704 -53.1097 -57.349 -38.8611 -64.487 -46.7007 -23.7154 -65.0375 -68.725 -45.5926 -39.4032 -60.25 -46.3894 -36.4583 -58.8586 -68.7529 -31.067 -39.8759 -54.5735
10870.330078 -19.1762 -62.82 -51.3866 -27.3805 -53.3067 -57.5993 -39.0635 -64.6882 -46.96 -24.0934 -65.1808 -68.9132 -40.6217 -39.6989 -59.4123 -46.5196 -36.8027 -59.1792 -66.411 -31.3343 -40.1686 -54.8512
10871.334961 -19.5798 -62.918 -51.4894 -27.6907 -53.5034 -57.8487 -39.2637 -64.8875 -47.219 -24.4608 -65.3221 -69.0983 -37.9746 -39.9945 -58.5376 -46.6525 -37.1446 -59.4975 -59.2809 -31.6017 -40.4611 -55.128
10872.339844 -19.969 -63.0128 -51.5922 -28.0012 -53.7 -58.0971 -39.4621 -65.0848 -47.4778 -24.8189 -65.4609 -69.2802 -37.5362 -40.2901 -57.6619 -46.7878 -37.4842 -59.8134 -39.6936 -31.8691 -40.7532 -55.4039
10873.344727 -20.346 -63.1046 -51.695 -28.3119 -53.8964 -58.3444 -39.6587 -65.2802 -47.7363 -25.169 -65.5963 -69.4591 -38.2059 -40.5855 -56.8131 -46.9255 -37.8215 -60.1269 -14.0698 -32.1367 -41.0451 -55.679
10874.349609 -20.7124 -63.1939 -51.7979 -28.6229 -54.0925 -58.5908 -39.8539 -65.4736 -47.9946 -25.5121 -65.7273 -69.6348 -38.9676 -40.8807 -56.0113 -47.0654 -38.1568 -60.4379 -13.7744 -32.4045 -41.3366 -55.9531
10875.355469 -21.0698 -63.281 -51.9008 -28.9342 -54.2884 -58.836 -40.0479 -65.6651 -48.2525 -25.8489 -65.8522 -69.8075 -39.697 -41.1758 -55.2699 -47.2074 -38.4901 -60.7464 -14.6347 -32.6724 -41.6277 -56.2264
10876.360352 -21.4194 -63.3663 -52.0037 -29.2458 -54.4842 -59.0801 -40.2408 -65.8544 -48.5102 -26.1803 -65.9682 -69.977 -40.3915 -41.4706 -54.5957 -47.3514 -38.8216 -61.0524 -15.2485 -32.9405 -41.9185 -56.4986
10877.365234 -21.7623 -63.45 -52.1066 -29.5577 -54.6797 -59.3231 -40.4328 -66.0418 -48.7677 -26.5072 -66.0716 -70.1435 -41.0265 -41.7653 -53.9914 -47.4973 -39.1512 -61.3557 -15.8555 -33.2088 -42.2089 -56.7699
10878.370117 -22.0995 -63.5324 -52.2095 -29.8701 -54.8749 -59.5649 -40.624 -66.227 -49.0248 -26.8301 -66.1567 -70.3069 -41.6051 -42.0596 -53.457 -47.645 -39.4792 -61.6564 -16.4507 -33.4773 -42.4989 -57.0402
10879.375000 -22.4317 -63.6137 -52.3123 -30.1827 -55.07 -59.8055 -40.8147 -66.4101 -49.2816 -27.1497 -66.2158 -70.4673 -42.1459 -42.3537 -52.9912 -47.7944 -39.8055 -61.9544 -17.0246 -33.7461 -42.7885 -57.3094
10880.379883 -22.7597 -63.6942 -52.4151 -30.4958 -55.2648 -60.0449 -41.0048 -66.5912 -49.5381 -27.4664 -66.2387 -70.6247 -42.6644 -42.6475 -52.5924 -47.9454 -40.1301 -62.2496 -17.6239 -34.0151 -43.0777 -57.5776
10881.384766 -23.0841 -63.7739 -52.5179 -30.8091 -55.4594 -60.283 -41.1945 -66.7701 -49.7943 -27.781 -66.2151 -70.779 -43.1653 -42.941 -52.258 -48.098 -40.4533 -62.5419 -18.2892 -34.2844 -43.3664 -57.8447
10882.389648 -23.4054 -63.853 -52.6206 -31.1229 -55.6538 -60.5198 -41.384 -66.9468 -50.0502 -28.0936 -66.1371 -70.9304 -43.6481 -43.2341 -51.9845 -48.252 -40.7749 -62.8314 -18.9657 -34.554 -43.6548 -58.1107
10883.394531 -23.7242 -63.9317 -52.7232 -31.4369 -55.8479 -60.7553 -41.5732 -67.1214 -50.3057 -28.4047 -66.0019 -71.0788 -44.1121 -43.5269 -51.7669 -48.4075 -41.0951 -63.118 -19.5888 -34.8238 -43.9426 -58.3755
10884.400391 -24.0407 -64.0099 -52.8257 -31.7513 -56.0418 -60.9894 -41.7624 -67.2937 -50.5609 -28.7147 -65.8121 -71.2242 -44.558 -43.8193 -51.5991 -48.5644 -41.4138 -63.4016 -20.1463 -35.0939 -44.23 -58.6391
10885.405273 -24.3554 -64.0878 -52.9282 -32.066 -56.2354 -61.2221 -41.9514 -67.4639 -50.8157 -29.0236 -65.575 -71.3667 -44.9869 -44.1114 -51.4745 -48.7225 -41.7311 -63.6821 -20.6513 -35.3643 -44.517 -58.9015
10886.410156 -24.6686 -64.1655 -53.0306 -32.381 -56.4288 -61.4534 -42.1406 -67.6319 -51.0702 -29.3319 -65.3012 -71.5063 -45.4002 -44.403 -51.386 -48.8819 -42.047 -63.9596 -21.1188 -35.6349 -44.8034 -59.1626
10887.415039 -24.9806 -64.2428 -53.1328 -32.6963 -56.6218 -61.6832 -42.3298 -67.7976 -51.3243 -29.6396 -65.0024 -71.643 -45.7987 -44.6942 -51.327 -49.0425 -42.3615 -64.234 -21.5596 -35.9059 -45.0894 -59.4225
10888.419922 -25.2916 -64.3199 -53.235 -33.0118 -56.8146 -61.9115 -42.5191 -67.9612 -51.5781 -29.9468 -64.6896 -71.7769 -46.1833 -44.9849 -51.291 -49.2042 -42.6747 -64.5052 -21.9804 -36.1771 -45.3749 -59.681
10889.424805 -25.6017 -64.3968 -53.337 -33.3276 -57.0071 -62.1383 -42.7087 -68.1224 -51.8314 -30.2538 -64.3712 -71.908 -46.5547 -45.2752 -51.2723 -49.3671 -42.9865 -64.7732 -22.3854 -36.4485 -45.6598 -59.9381
10890.429688 -25.9113 -64.4734 -53.4389 -33.6435 -57.1993 -62.3634 -42.8985 -68.2814 -52.0844 -30.5605 -64.0528 -72.0363 -46.9135 -45.565 -51.2658 -49.531 -43.297 -65.0379 -22.7772 -36.7203 -45.9442 -60.1939
10891.435547 -26.2204 -64.5498 -53.5407 -33.9597 -57.3911 -62.587 -43.0885 -68.4381 -52.337 -30.867 -63.7368 -72.1619 -47.2604 -45.8543 -51.2677 -49.6958 -43.6062 -65.2993 -23.1577 -36.9923 -46.2281 -60.4482
10892.439453 -26.5291 -64.6259 -53.6424 -34.276 -57.5826 -62.8089 -43.2789 -68.5925 -52.5892 -31.1734 -63.4234 -72.2847 -47.5962 -46.1431 -51.2748 -49.8617 -43.914 -65.5574 -23.5282 -37.2645 -46.5114 -60.701
10893.445312 -26.8376 -64.7017 -53.7439 -34.5925 -57.7738 -63.0291 -43.4697 -68.7446 -52.8409 -31.4797 -63.1112 -72.4049 -47.9213 -46.4314 -51.2849 -50.0285 -44.2205 -65.8121 -23.8898 -37.5369 -46.7942 -60.9522
10894.450195 -27.146 -64.7772 -53.8452 -34.9091 -57.9646 -63.2477 -43.6609 -68.8941 -53.0923 -31.786 -62.7982 -72.5224 -48.2364 -46.7192 -51.2962 -50.1961 -44.5258 -66.0634 -24.2434 -37.8096 -47.0765 -61.2019
10895.455078 -27.4544 -64.8523 -53.9464 -35.2257 -58.1551 -63.4644 -43.8525 -69.0406 -53.3432 -32.0923 -62.482 -72.6373 -48.5419 -47.0064 -51.3071 -50.3646 -44.8297 -66.3112 -24.5899 -38.0825 -47.3581 -61.45
10896.459961 -27.7628 -64.9272 -54.0475 -35.5425 -58.3452 -63.6794 -44.0445 -69.1835 -53.5936 -32.3986 -62.1603 -72.7495 -48.8383 -47.293 -51.3157 -50.534 -45.1323 -66.5555 -24.9299 -38.3556 -47.6392 -61.6964
10897.464844 -28.0713 -65.0016 -54.1484 -35.8593 -58.5348 -63.8925 -44.2371 -69.3201 -53.8436 -32.7049 -61.8305 -72.8589 -49.1258 -47.5791 -51.32 -50.7041 -45.4336 -66.7964 -25.264 -38.6288 -47.9197 -61.9412
10898.469727 -28.3799 -65.0756 -54.2491 -36.1762 -58.7241 -64.1038 -44.4301 -69.4436 -54.0931 -33.0112 -61.4898 -72.9643 -49.4047 -47.8646 -51.3175 -50.8749 -45.7336 -67.0336 -25.5929 -38.9022 -48.1996 -62.1841
10899.474609 -28.6887 -65.1493 -54.3496 -36.493 -58.9129 -64.3132 -44.6236 -69.5354 -54.3422 -33.3175 -61.1347 -73.0607 -49.6753 -48.1495 -51.3061 -51.0465 -46.0322 -67.2674 -25.9171 -39.1757 -48.479 -62.4253
10900.480469 -28.9977 -65.2225 -54.45 -36.8098 -59.1012 -64.5207 -44.8176 -69.5457 -54.5907 -33.6239 -60.7611 -73.1215 -49.9377 -48.4339 -51.2846 -51.2188 -46.3296 -67.4975 -26.2371 -39.4493 -48.7577 -62.6647
10901.485352 -29.3069 -65.2953 -54.5502 -37.1266 -59.2891 -64.7263 -45.0122 -69.3425 -54.8387 -33.9303 -60.3624 -73.004 -50.1919 -48.7175 -51.2531 -51.3917 -46.6257 -67.724 -26.5532 -39.7231 -49.0358 -62.9022
10902.490234 -29.6164 -65.3676 -54.6502 -37.4433 -59.4765 -64.9298 -45.2074 -68.5377 -55.0863 -34.2368 -59.9236 -71.9197 -50.438 -49.0006 -51.2128 -51.5652 -46.9205 -67.9469 -26.8659 -39.9968 -49.3134 -63.1378
10903.495117 -29.9261 -65.4395 -54.75 -37.76 -59.6634 -65.1314 -45.403 -66.055 -55.3332 -34.5433 -59.4101 -65.1915 -50.6758 -49.283 -51.1657 -51.7393 -47.214 -68.1662 -27.1755 -40.2707 -49.5903 -63.3714
10904.500000 -30.236 -65.5109 -54.8496 -38.0765 -59.8498 -65.3309 -45.5993 -58.9872 -55.5796 -34.8499 -58.7461 -24.3723 -50.9051 -49.5648 -51.1146 -51.914 -47.5062 -68.3818 -27.4823 -40.5445 -49.8666 -63.6031
10905.504883 -30.5463 -65.5819 -54.949 -38.3929 -60.0356 -65.5283 -45.7961 -38.9496 -55.8254 -35.1565 -57.7941 -4.98322 -51.1252 -49.846 -51.0621 -52.0892 -47.7971 -68.5938 -27.7867 -40.8183 -50.1422 -63.8326
10906.509766 -30.8568 -65.6524 -55.0482 -38.7091 -60.2209 -65.7237 -45.9936 -18.3826 -56.0707 -35.4632 -56.3936 -6.13554 -51.335 -50.1264 -51.011 -52.265 -48.0867 -68.8021 -28.0888 -41.0921 -50.4173 -64.0602
10907.514648 -31.1675 -65.7225 -55.1472 -39.0252 -60.4056 -65.9169 -46.1916 -16.7196 -56.3153 -35.7699 -54.3705 -7.71908 -51.5315 -50.4062 -50.9635 -52.4412 -48.3749 -69.0067 -28.3889 -41.3658 -50.6917 -64.2856
10908.519531 -31.4785 -65.7921 -55.246 -39.341 -60.5897 -66.108 -46.3901 -17.109 -56.5593 -36.0766 -51.3811 -9.12144 -51.7078 -50.6853 -50.9216 -52.6179 -48.6619 -69.2077 -28.6872 -41.6394 -50.9654 -64.5088
10909.525391 -31.7898 -65.8613 -55.3446 -39.6567 -60.7732 -66.297 -46.5893 -17.5433 -56.8026 -36.3833 -46.4588 -10.361 -51.8466 -50.9637 -50.8868 -52.795 -48.9476 -69.405 -28.9839 -41.9129 -51.2385 -64.7298
10910.530273 -32.1012 -65.9301 -55.4429 -39.9721 -60.956 -66.4837 -46.789 -17.9922 -57.0452 -36.69 -37.2402 -11.4589 -51.9097 -51.2414 -50.8601 -52.9725 -49.232 -69.5986 -29.2792 -42.1862 -51.511 -64.9486
10911.535156 -32.4129 -65.9984 -55.5411 -40.2873 -61.1382 -66.6683 -46.9894 -18.4467 -57.2872 -36.9967 -26.9074 -12.4307 -51.839 -51.5184 -50.842 -53.1504 -49.515 -69.7886 -29.5731 -42.4593 -51.7828 -65.1652
10912.540039 -32.7248 -66.0664 -55.639 -40.6022 -61.3196 -66.8506 -47.1903 -18.8978 -57.5284 -37.3034 -25.6988 -13.2936 -51.6006 -51.7946 -50.833 -53.3286 -49.7968 -69.975 -29.8659 -42.7323 -52.054 -65.3794
10913.544922 -33.0368 -66.1339 -55.7366 -40.9167 -61.5004 -67.0307 -47.3918 -19.3436 -57.7688 -37.6101 -26.8725 -14.0654 -51.2228 -52.0701 -50.833 -53.5072 -50.0772 -70.1577 -30.1577 -43.005 -52.3244 -65.5913
10914.549805 -33.349 -66.2011 -55.834 -41.231 -61.6805 -67.2085 -47.5938 -19.7788 -58.0085 -37.9167 -28.1458 -14.7635 -50.7734 -52.3449 -50.8419 -53.6861 -50.3562 -70.3368 -30.4485 -43.2775 -52.5942 -65.8008
10915.554688 -33.6613 -66.268 -55.9312 -41.5448 -61.8597 -67.3841 -47.7965 -20.1997 -58.2474 -38.2232 -29.2448 -15.4027 -50.3168 -52.6189 -50.8593 -53.8653 -50.6339 -70.5123 -30.7385 -43.5497 -52.8634 -66.0079
10916.560547 -33.9738 -66.3344 -56.0282 -41.8583 -62.0383 -67.5574 -47.9997 -20.6052 -58.4854 -38.5296 -30.1848 -15.9944 -49.8937 -52.8921 -50.8848 -54.0447 -50.9103 -70.6842 -31.0278 -43.8217 -53.1318 -66.2125
10917.564453 -34.2863 -66.4006 -56.1248 -42.1714 -62.216 -67.7283 -48.2034 -20.9963 -58.7226 -38.8358 -31.0063 -16.5476 -49.5229 -53.1645 -50.9179 -54.2244 -51.1852 -70.8526 -31.3164 -44.0933 -53.3995 -66.4147
10918.570312 -34.5989 -66.4663 -56.2213 -42.484 -62.3929 -67.897 -48.4077 -21.3745 -58.9589 -39.1419 -31.7373 -17.0688 -49.209 -53.4361 -50.9581 -54.4043 -51.4586 -71.0175 -31.6044 -44.3647 -53.6666 -66.6144
10919.575195 -34.9116 -66.5317 -56.3174 -42.7962 -62.5689 -68.0633 -48.6126 -21.7415 -59.1943 -39.4478 -32.3955 -17.5635 -48.9497 -53.7069 -51.0049 -54.5843 -51.7305 -71.1789 -31.8919 -44.6357 -53.9329 -66.8116
10920.580078 -35.2243 -66.5965 -56.4134 -43.108 -62.7441 -68.2272 -48.818 -22.0987 -59.4288 -39.7535 -32.9932 -18.0357 -48.7398 -53.9768 -51.0576 -54.7646 -52.0007 -71.3368 -32.1789 -44.9064 -54.1985 -67.0063
10921.584961 -35.537 -66.6602 -56.509 -43.4192 -62.9183 -68.3888 -49.0239 -22.4475 -59.6622 -40.0589 -33.5396 -18.4887 -48.5737 -54.2459 -51.1159 -54.945 -52.2692 -71.4912 -32.4655 -45.1766 -54.4633 -67.1984
10922.589844 -35.8497 -66.721 -56.6044 -43.73 -63.0914 -68.548 -49.2303 -22.7889 -59.8947 -40.364 -34.042 -18.9255 -48.4462 -54.5141 -51.1792 -55.1255 -52.5358 -71.6423 -32.7517 -45.4466 -54.7274 -67.3879
10923.594727 -36.1624 -66.7734 -56.6995 -44.0402 -63.263 -68.7045 -49.4372 -23.1237 -60.1261 -40.6688 -34.5067 -19.3483 -48.3523 -54.7815 -51.2472 -55.3061 -52.8002 -71.79 -33.0376 -45.7161 -54.9907 -67.5748
10924.599609 -36.475 -66.8021 -56.7943 -44.3499 -63.4325 -68.8583 -49.6447 -23.4525 -60.3564 -40.9731 -34.9387 -19.7592 -48.2879 -55.0479 -51.3193 -55.4868 -53.0624 -71.9344 -33.3232 -45.9852 -55.2532 -67.7591
10925.605469 -36.7876 -66.7648 -56.8888 -44.659 -63.5987 -69.0086 -49.8526 -23.7759 -60.5856 -41.2771 -35.3425 -20.16 -48.2492 -55.3134 -51.3954 -55.6675 -53.3221 -72.0755 -33.6084 -46.2539 -55.515 -67.9407
10926.610352 -37.1 -66.5363 -56.9831 -44.9675 -63.759 -69.1543 -50.061 -24.0944 -60.8137 -41.5805 -35.7216 -20.5521 -48.233 -55.5779 -51.4749 -55.8483 -53.579 -72.2133 -33.8934 -46.5221 -55.7759 -68.1197
10927.615234 -37.4123 -65.7697 -57.0771 -45.2755 -63.9096 -69.2922 -50.2699 -24.4085 -61.0406 -41.8835 -36.0792 -20.9368 -48.2365 -55.8415 -51.5576 -56.029 -53.8331 -72.3479 -34.1782 -46.7899 -56.036 -68.2961
10928.620117 -37.7245 -63.6329 -57.1707 -45.5829 -64.0446 -69.415 -50.4793 -24.7187 -61.2663 -42.1858 -36.418 -21.3152 -48.2573 -56.104 -51.6432 -56.2098 -54.084 -72.4793 -34.4628 -47.0573 -56.2952 -68.4697
10929.625000 -38.0365 -58.137 -57.2641 -45.8896 -64.157 -69.5041 -50.689 -25.0252 -61.4907 -42.4876 -36.7402 -21.6882 -48.2933 -56.3656 -51.7315 -56.3905 -54.3317 -72.6076 -34.7472 -47.3242 -56.5536 -68.6408
10930.629883 -38.3484 -47.743 -57.3572 -46.1957 -64.2394 -69.5112 -50.8993 -25.3285 -61.7138 -42.7887 -37.0479 -22.0565 -48.3427 -56.6261 -51.8221 -56.5711 -54.576 -72.7329 -35.0314 -47.5906 -56.8111 -68.8091
10931.634766 -38.66 -28.6092 -57.4499 -46.5011 -64.2864 -69.3018 -51.1099 -25.6289 -61.9357 -43.0891 -37.3427 -22.4211 -48.4038 -56.8856 -51.9149 -56.7516 -54.8168 -72.8551 -35.3154 -47.8565 -57.0677 -68.9747
10932.639648 -38.9715 -21.0565 -57.5424 -46.8059 -64.2952 -68.5062 -51.321 -25.9266 -62.1561 -43.3888 -37.6261 -22.7823 -48.4754 -57.144 -52.0088 -56.9321 -55.0539 -72.9743 -35.5993 -48.122 -57.3234 -69.1377
10933.644531 -39.2827 -19.9501 -57.6345 -47.1099 -64.2651 -66.0743 -51.5324 -26.2219 -62.3752 -43.6878 -37.8994 -23.1408 -48.5561 -57.4012 -52.1019 -57.1124 -55.2875 -73.0906 -35.883 -48.3869 -57.5781 -69.2979
10934.650391 -39.5936 -20.2131 -57.7262 -47.4133 -64.198 -59.0302 -51.7443 -26.515 -62.5929 -43.9859 -38.1638 -23.497 -48.6451 -57.6573 -52.1895 -57.2925 -55.5173 -73.204 -36.1665 -48.6513 -57.8318 -69.455
10935.655273 -39.9043 -20.837 -57.8176 -47.716 -64.096 -39.6081 -51.9565 -26.8062 -62.809 -44.2832 -38.4202 -23.8513 -48.7414 -57.9123 -52.2641 -57.4725 -55.7434 -73.3145 -36.4499 -48.9153 -58.0845 -69.6086
10936.660156 -40.2146 -21.5924 -57.9086 -48.018 -63.9605 -17.4189 -52.169 -27.0956 -63.0237 -44.5797 -38.6694 -24.2042 -48.8441 -58.166 -52.3158 -57.6523 -55.9658 -73.4222 -36.7332 -49.1787 -58.3362 -69.7571
10937.665039 -40.5247 -22.3761 -57.9991 -48.3193 -63.7919 -17.1493 -52.3819 -27.3834 -63.2369 -44.8752 -38.9122 -24.5557 -48.9528 -58.4185 -52.3346 -57.8318 -56.1846 -73.527 -37.0164 -49.4415 -58.5868 -69.899
10938.669922 -40.8344 -23.1498 -58.089 -48.6198 -63.5907 -17.5291 -52.5952 -27.6698 -63.4485 -45.1699 -39.1494 -24.9064 -49.0666 -58.6698 -52.313 -58.011 -56.3998 -73.6287 -37.2994 -49.7039 -58.8364 -70.0322
10939.674805 -41.1437 -23.8942 -58.1783 -48.9196 -63.3566 -18.0616 -52.8087 -27.955 -63.6584 -45.4635 -39.3815 -25.2563 -49.1852 -58.9197 -52.2478 -58.19 -56.6114 -73.7257 -37.5822 -49.9657 -59.0848 -70.1548
10940.679688 -41.4527 -24.6023 -58.2669 -49.2186 -63.0868 -18.6559 -53.0226 -28.2389 -63.8668 -45.7563 -39.609 -25.6056 -49.3081 -59.1684 -52.1409 -58.3687 -56.8195 -73.8117 -37.865 -50.227 -59.3321 -70.2635
10941.685547 -41.7612 -25.2763 -58.3547 -49.5168 -62.7769 -19.2246 -53.2367 -28.5219 -64.0734 -46.048 -39.8324 -25.9546 -49.4348 -59.4157 -51.9984 -58.5471 -57.0243 -73.8609 -38.1476 -50.4877 -59.5782 -70.3494
10942.689453 -42.0693 -25.9213 -58.4414 -49.8143 -62.4229 -19.7757 -53.451 -28.8039 -64.2784 -46.3387 -40.0522 -26.3034 -49.5651 -59.6616 -51.8291 -58.7251 -57.2257 -73.7603 -38.43 -50.7479 -59.8231 -70.3881
10943.695312 -42.3769 -26.5421 -58.527 -50.111 -62.0248 -20.2933 -53.6657 -29.0852 -64.4816 -46.6284 -40.2687 -26.6521 -49.6985 -59.9061 -51.643 -58.9027 -57.424 -73.0246 -38.7123 -51.0075 -60.0668 -70.3251
10944.700195 -42.684 -27.1424 -58.6114 -50.4069 -61.5861 -20.7808 -53.8805 -29.3657 -64.683 -46.917 -40.4822 -27.0008 -49.8349 -60.1492 -51.4496 -59.08 -57.6192 -69.4589 -38.9945 -51.2666 -60.3092 -70.0504
10945.705078 -42.9907 -27.7246 -58.6943 -50.702 -61.1115 -21.2466 -54.0956 -29.6456 -64.8827 -47.2046 -40.6931 -27.3496 -49.974 -60.3908 -51.257 -59.2568 -57.8114 -53.8259 -39.2765 -51.5251 -60.5502 -69.3757
10946.709961 -43.2968 -28.2898 -58.7757 -50.9964 -60.6075 -21.6922 -54.3108 -29.9249 -65.0805 -47.4912 -40.9017 -27.6986 -50.1155 -60.6308 -51.0713 -59.4331 -58.0007 -2.62901 -39.5583 -51.783 -60.79 -67.8912
10947.714844 -43.6025 -28.8386 -58.8554 -51.2898 -60.0849 -22.1183 -54.5262 -30.2037 -65.2764 -47.7766 -41.1082 -28.0478 -50.2593 -60.8694 -50.8971 -59.609 -58.1872 -2.65141 -39.84 -52.0403 -61.0283 -63.7722
10948.719727 -43.9075 -29.3717 -58.9333 -51.5825 -59.5554 -22.5268 -54.7418 -30.4821 -65.4705 -48.061 -41.3128 -28.3973 -50.4052 -61.1063 -50.737 -59.7844 -58.3711 -4.43359 -40.1216 -52.2971 -61.2653 -48.8211
10949.724609 -44.212 -29.8893 -59.0094 -51.8743 -59.028 -22.9199 -54.9575 -30.7602 -65.6626 -48.3442 -41.5157 -28.7471 -50.553 -61.3417 -50.5928 -59.9591 -58.5525 -6.04892 -40.4029 -52.5532 -61.5008 -17.9932
10950.730469 -44.516 -30.3921 -59.0834 -52.1653 -58.5092 -23.2994 -55.1733 -31.0379 -65.8527 -48.6264 -41.7172 -29.0972 -50.7026 -61.5753 -50.465 -60.1333 -58.7314 -7.47354 -40.6841 -52.8088 -61.7348 -13.7764
10951.735352 -44.8193 -30.8806 -59.1554 -52.4554 -58.0072 -23.6668 -55.3892 -31.3153 -66.0409 -48.9075 -41.9173 -29.4478 -50.8538 -61.8074 -50.3536 -60.3069 -58.9081 -8.69072 -40.965 -53.0638 -61.9673 -13.802
10952.740234 -45.122 -31.3555 -59.2253 -52.7446 -57.5297 -24.0233 -55.6051 -31.5925 -66.2271 -49.1874 -42.1161 -29.7986 -51.0066 -62.0377 -50.2581 -60.4797 -59.0825 -9.72792 -41.2457 -53.3181 -62.1982 -13.7217
10953.745117 -45.4241 -31.8173 -59.293 -53.033 -57.0811 -24.3701 -55.8211 -31.8695 -66.4113 -49.4663 -42.3139 -30.1499 -51.1607 -62.2662 -50.1777 -60.6517 -59.2548 -10.625 -41.5262 -53.5719 -62.4275 -13.6949
10954.750000 -45.7256 -32.2668 -59.3586 -53.3205 -56.6616 -24.7083 -56.0371 -32.1463 -66.5934 -49.744 -42.5108 -30.5015 -51.3162 -62.493 -50.1116 -60.8229 -59.4251 -11.4181 -41.8065 -53.825 -62.6552 -14.0884
10955.754883 -46.0264 -32.7046 -59.422 -53.607 -56.2695 -25.0389 -56.2531 -32.423 -66.7734 -50.0206 -42.7068 -30.8535 -51.4729 -62.718 -50.0587 -60.993 -59.5935 -12.1332 -42.0865 -54.0774 -62.8813 -14.7115
10956.759766 -46.3266 -33.1313 -59.4832 -53.8927 -55.9032 -25.3627 -56.4691 -32.6995 -66.9514 -50.2961 -42.902 -31.2059 -51.6307 -62.9411 -50.0182 -61.1618 -59.7601 -12.789 -42.3662 -54.3293 -63.1056 -15.4048
10957.764648 -46.626 -33.5474 -59.5424 -54.1774 -55.5599 -25.6805 -56.685 -32.9759 -67.1272 -50.5705 -43.0966 -31.5586 -51.7896 -63.1623 -49.989 -61.3293 -59.925 -13.399 -42.6457 -54.5804 -63.3282 -16.0927
10958.769531 -46.9248 -33.9536 -59.5994 -54.4611 -55.2336 -25.9931 -56.9008 -33.2523 -67.3009 -50.8437 -43.2905 -31.9116 -51.9495 -63.3817 -49.9704 -61.495 -60.0882 -13.9722 -42.9249 -54.8309 -63.549 -16.7463
10959.775391 -47.2228 -34.3504 -59.6544 -54.7439 -54.917 -26.301 -57.1166 -33.5285 -67.4724 -51.1159 -43.484 -32.2649 -52.1103 -63.5991 -49.9614 -61.6587 -60.2499 -14.5148 -43.2038 -55.0807 -63.768 -17.3586
10960.780273 -47.5202 -34.7383 -59.7074 -55.0257 -54.6053 -26.6048 -57.3321 -33.8047 -67.6417 -51.3869 -43.6769 -32.6185 -52.2719 -63.8145 -49.9614 -61.8199 -60.4101 -15.0317 -43.4824 -55.3299 -63.9852 -17.9307
10961.785156 -47.8168 -35.1178 -59.7585 -55.3065 -54.2953 -26.9051 -57.5475 -34.0809 -67.8088 -51.6568 -43.8695 -32.9724 -52.4343 -64.028 -49.9696 -61.9782 -60.5689 -15.5269 -43.7607 -55.5783 -64.2004 -18.4668
10962.790039 -48.1127 -35.4893 -59.8077 -55.5862 -53.982 -27.2022 -57.7627 -34.357 -67.9734 -51.9256 -44.0617 -33.3265 -52.5975 -64.2394 -49.9854 -62.1332 -60.7263 -16.0038 -44.0386 -55.826 -64.4138 -18.9718
10963.794922 -48.4079 -35.8534 -59.8551 -55.8649 -53.6605 -27.4966 -57.9777 -34.633 -68.1355 -52.1933 -44.2537 -33.6808 -52.7613 -64.4487 -50.0083 -62.2843 -60.8824 -16.4653 -44.3163 -56.0729 -64.6252 -19.45
10964.799805 -48.7022 -36.2104 -59.9008 -56.1426 -53.3256 -27.7886 -58.1924 -34.909 -68.2944 -52.4599 -44.4453 -34.0352 -52.9258 -64.656 -50.0378 -62.4307 -61.0373 -16.9139 -44.5936 -56.3191 -64.8346 -19.9053
10965.804688 -48.9959 -36.5606 -59.9449 -56.4191 -52.9755 -28.0785 -58.4068 -35.185 -68.4495 -52.7253 -44.6368 -34.3899 -53.0909 -64.8612 -50.0733 -62.5716 -61.1909 -17.3516 -44.8705 -56.5645 -65.042 -20.3408
10966.810547 -49.2887 -36.9045 -59.9874 -56.6946 -52.6123 -28.3665 -58.6209 -35.4609 -68.5987 -52.9896 -44.828 -34.7446 -53.2565 -65.0642 -50.1144 -62.7062 -61.3435 -17.7802 -45.1471 -56.8092 -65.2473 -20.7593
10967.814453 -49.5808 -37.2423 -60.0285 -56.9688 -52.2376 -28.6531 -58.8347 -35.7368 -68.7384 -53.2529 -45.0191 -35.0994 -53.4225 -65.2651 -50.1609 -62.8335 -61.4949 -18.2012 -45.4234 -57.053 -65.4506 -21.1632
10968.820312 -49.8721 -37.5745 -60.0682 -57.242 -51.8517 -28.9382 -59.048 -36.0127 -68.8607 -53.515 -45.2101 -35.4542 -53.5891 -65.4638 -50.2123 -62.953 -61.6452 -18.6157 -45.6992 -57.296 -65.6518 -21.5543
10969.825195 -50.1626 -37.9012 -60.1066 -57.5139 -51.4543 -29.2222 -59.261 -36.2885 -68.949 -53.7759 -45.401 -35.8091 -53.7561 -65.6604 -50.2684 -63.0644 -61.7945 -19.0249 -45.9747 -57.5382 -65.8508 -21.9343
10970.830078 -50.4523 -38.2228 -60.1438 -57.7846 -51.0448 -29.5053 -59.4734 -36.5642 -68.9664 -54.0358 -45.5918 -36.164 -53.9234 -65.8546 -50.3289 -63.1679 -61.9428 -19.4297 -46.2498 -57.7795 -66.0476 -22.3046
10971.834961 -50.7412 -38.5395 -60.1799 -58.054 -50.626 -29.7875 -59.6854 -36.84 -68.8325 -54.2945 -45.7825 -36.5188 -54.0911 -66.0467 -50.3935 -63.2638 -62.0901 -19.8309 -46.5244 -58.0199 -66.2423 -22.6665
10972.839844 -51.0293 -38.8516 -60.2149 -58.3222 -50.2038 -30.069 -59.8969 -37.1156 -68.3643 -54.5521 -45.9732 -36.8735 -54.2592 -66.2365 -50.462 -63.353 -62.2364 -20.2292 -46.7987 -58.2593 -66.4348 -23.021
10973.844727 -51.3165 -39.1593 -60.2489 -58.589 -49.7869 -30.35 -60.1078 -37.3912 -67.1202 -54.8086 -46.1638 -37.2281 -54.4275 -66.424 -50.5341 -63.4361 -62.3817 -20.6251 -47.0725 -58.4979 -66.625 -23.369
10974.849609 -51.6029 -39.4627 -60.2821 -58.8545 -49.3864 -30.6305 -60.3181 -37.6667 -64.0242 -55.064 -46.3544 -37.5826 -54.596 -66.6092 -50.6098 -63.5142 -62.5262 -21.0192 -47.3459 -58.7355 -66.8129 -23.7114
10975.855469 -51.8885 -39.7622 -60.3144 -59.1186 -49.0133 -30.9106 -60.5277 -37.9422 -56.6718 -55.3182 -46.5451 -37.9369 -54.7648 -66.7921 -50.6888 -63.5883 -62.6697 -21.4119 -47.6189 -58.9721 -66.9986 -24.0489
10976.860352 -52.1732 -40.0578 -60.346 -59.3813 -48.678 -31.1904 -60.7367 -38.2176 -40.4259 -55.5712 -46.7357 -38.291 -54.9338 -66.9727 -50.7709 -63.659 -62.8123 -21.8037 -47.8915 -59.2077 -67.1819 -24.382
10977.865234 -52.4571 -40.3498 -60.3769 -59.6425 -48.3878 -31.4701 -60.9449 -38.4929 -23.4108 -55.8231 -46.9263 -38.6449 -55.1029 -67.151 -50.856 -63.7274 -62.954 -22.1947 -48.1636 -59.4422 -67.363 -24.7114
10978.870117 -52.7401 -40.6384 -60.4072 -59.9022 -48.1433 -31.7496 -61.1524 -38.7682 -19.8139 -56.0738 -47.117 -38.9985 -55.2722 -67.3269 -50.9439 -63.794 -63.0948 -22.5853 -48.4352 -59.6757 -67.5417 -25.0375
10979.875000 -53.0222 -40.9236 -60.437 -60.1604 -47.9367 -32.029 -61.3592 -39.0433 -19.6605 -56.3234 -47.3077 -39.3518 -55.4416 -67.5005 -51.0346 -63.8596 -63.2348 -22.9758 -48.7064 -59.908 -67.718 -25.3607
10980.879883 -53.3034 -41.2056 -60.4662 -60.417 -47.7555 -32.3083 -61.565 -39.3183 -20.1425 -56.5718 -47.4984 -39.7048 -55.6111 -67.6717 -51.1279 -63.9245 -63.3738 -23.3663 -48.9772 -60.1393 -67.892 -25.6814
10981.884766 -53.5837 -41.4846 -60.4948 -60.672 -47.5954 -32.5877 -61.7701 -39.5933 -20.6508 -56.819 -47.6892 -40.0575 -55.7806 -67.8406 -51.2237 -63.9893 -63.512 -23.757 -49.2474 -60.3694 -68.0636 -26
10982.889648 -53.8631 -41.7607 -60.5227 -60.9254 -47.4658 -32.8671 -61.9742 -39.8681 -21.1029 -57.065 -47.88 -40.4098 -55.9502 -68.007 -51.3218 -64.0543 -63.6493 -24.148 -49.5172 -60.5983 -68.2328 -26.3166
10983.894531 -54.1415 -42.034 -60.5493 -61.1771 -47.3764 -33.1465 -62.1773 -40.1428 -21.5406 -57.3097 -48.0708 -40.7616 -56.1198 -68.1711 -51.4222 -64.1197 -63.7858 -24.5395 -49.7865 -60.826 -68.3996 -26.6316
10984.900391 -54.4191 -42.3047 -60.5733 -61.4271 -47.3285 -33.4261 -62.3795 -40.4173 -21.9838 -57.5533 -48.2617 -41.113 -56.2893 -68.3328 -51.5248 -64.1859 -63.9214 -24.9315 -50.0554 -61.0524 -68.564 -26.9452
10985.905273 -54.6956 -42.5727 -60.592 -61.6753 -47.3195 -33.7057 -62.5806 -40.6917 -22.4188 -57.7956 -48.4526 -41.464 -56.4588 -68.4922 -51.6295 -64.2529 -64.0561 -25.3241 -50.3237 -61.2776 -68.726 -27.2576
10986.910156 -54.9712 -42.8383 -60.6006 -61.9217 -47.344 -33.9855 -62.7807 -40.966 -22.8401 -58.0366 -48.6435 -41.8144 -56.6283 -68.6492 -51.7362 -64.3208 -64.19 -25.7174 -50.5916 -61.5014 -68.8856 -27.569
10987.915039 -55.2458 -43.1016 -60.5917 -62.1662 -47.3959 -34.2653 -62.9795 -41.24 -23.2458 -58.2764 -48.8345 -42.1642 -56.7976 -68.8037 -51.8448 -64.3896 -64.323 -26.1113 -50.8589 -61.7239 -69.0427 -27.8794
10988.919922 -55.5194 -43.3626 -60.5561 -62.4089 -47.4694 -34.5453 -63.177 -41.5138 -23.6359 -58.5149 -49.0255 -42.5135 -56.9668 -68.956 -51.9553 -64.459 -64.4551 -26.506 -51.1257 -61.9451 -69.1974 -28.1891
10989.924805 -55.792 -43.6213 -60.4846 -62.6496 -47.5599 -34.8255 -63.3731 -41.7875 -24.0108 -58.7521 -49.2166 -42.8622 -57.1358 -69.1058 -52.0675 -64.528 -64.5863 -26.9013 -51.3921 -62.1648 -69.3497 -28.4982
10990.929688 -56.0635 -43.878 -60.371 -62.8884 -47.6641 -35.1058 -63.5675 -42.0609 -24.3716 -58.9879 -49.4077 -43.2103 -57.3047 -69.2533 -52.1815 -64.5946 -64.7167 -27.2974 -51.6579 -62.3831 -69.4997 -28.8067
10991.935547 -56.334 -44.1327 -60.2129 -63.1252 -47.7794 -35.3862 -63.7599 -42.3341 -24.7195 -59.2225 -49.5988 -43.5577 -57.4732 -69.3984 -52.2971 -64.6547 -64.8462 -27.6941 -51.9231 -62.5999 -69.6474 -29.1148
10992.939453 -56.6034 -44.3853 -60.0126 -63.3599 -47.9039 -35.6667 -63.9501 -42.6071 -25.0559 -59.4556 -49.7899 -43.9044 -57.6414 -69.5412 -52.4142 -64.7006 -64.9748 -28.0915 -52.1879 -62.8152 -69.7931 -29.4225
10993.945312 -56.8717 -44.6361 -59.7757 -63.5925 -48.0363 -35.9474 -64.1376 -42.8798 -25.3818 -59.6874 -49.9811 -44.2504 -57.8093 -69.6816 -52.5329 -64.7184 -65.1026 -28.4895 -52.4521 -63.029 -69.9377 -29.7298
10994.950195 -57.1388 -44.8851 -59.5098 -63.8231 -48.1755 -36.2282 -64.322 -43.1522 -25.6984 -59.9178 -50.1722 -44.5957 -57.9765 -69.8197 -52.653 -64.6859 -65.2294 -28.8881 -52.7157 -63.2412 -70.0835 -30.037
10995.955078 -57.4048 -45.1322 -59.2233 -64.0514 -48.3209 -36.5091 -64.5028 -43.4244 -26.0066 -60.1468 -50.3634 -44.9402 -58.1431 -69.9554 -52.7744 -64.5699 -65.3554 -29.2873 -52.9788 -63.4518 -70.2326 -30.3439
10996.959961 -57.6696 -45.3777 -58.9246 -64.2776 -48.4718 -36.7901 -64.6797 -43.6963 -26.3075 -60.3743 -50.5546 -45.2839 -58.3088 -70.0885 -52.8973 -64.3215 -65.4804 -29.687 -53.2413 -63.6608 -70.3842 -30.6506
10997.964844 -57.9331 -45.6215 -58.6212 -64.5015 -48.6279 -37.0712 -64.8523 -43.9678 -26.6019 -60.6004 -50.7458 -45.6269 -58.4733 -70.2183 -53.0214 -63.885 -65.6046 -30.0872 -53.5033 -63.8681 -70.4805 -30.9573
10998.969727 -58.1955 -45.8638 -58.3195 -64.7232 -48.7887 -37.3523 -65.0204 -44.2391 -26.8906 -60.825 -50.937 -45.969 -58.6363 -70.3416 -53.1467 -63.2378 -65.7278 -30.4878 -53.7646 -64.0737 -70.4861 -31.2638
10999.974609 -58.4565 -46.1044 -58.0247 -64.9426 -48.954 -37.6335 -65.1837 -44.5101 -27.1741 -61.0481 -51.1282 -46.3102 -58.7971 -70.4459 -53.2732 -62.4031 -65.8501 -30.8887 -54.0253 -64.2776 -70.3951 -31.5702
11000.980469 -58.7163 -46.3436 -57.7407 -65.1596 -49.1235 -37.9148 -65.342 -44.7807 -27.4531 -61.2697 -51.3194 -46.6506 -58.955 -70.4812 -53.4009 -61.4211 -65.9716 -31.29 -54.2855 -64.4797 -70.1725 -31.8766
11001.985352 -58.9748 -46.5813 -57.4706 -65.3742 -49.297 -38.1961 -65.4954 -45.051 -27.7281 -61.4897 -51.5105 -46.9901 -59.1091 -70.2612 -53.5296 -60.3249 -66.0921 -31.6915 -54.545 -64.6801 -69.7138 -32.183
11002.990234 -59.2319 -46.8176 -57.2162 -65.5865 -49.4741 -38.4775 -65.6438 -45.321 -27.9997 -61.7081 -51.7016 -47.3287 -59.2583 -69.1326 -53.6594 -59.14 -66.2116 -32.0932 -54.8039 -64.8786 -68.809 -32.4893
11003.995117 -59.4876 -47.0526 -56.9789 -65.7963 -49.6547 -38.7588 -65.7872 -45.5906 -28.2683 -61.925 -51.8927 -47.6664 -59.4016 -64.8596 -53.7902 -57.8797 -66.3303 -32.4951 -55.0621 -65.0753 -66.6795 -32.7956
11005.000000 -59.7419 -47.2862 -56.7591 -66.0037 -49.8385 -39.0401 -65.9255 -45.8598 -28.5342 -62.1402 -52.0837 -48.0032 -59.5383 -52.2432 -53.9219 -56.5484 -66.448 -32.8971 -55.3196 -65.2701 -61.3161 -33.1019
11006.004883 -59.9947 -47.5185 -56.5571 -66.2086 -50.0252 -39.3214 -66.0588 -46.1286 -28.7977 -62.3538 -52.2747 -48.339 -59.6678 -25.3566 -54.0545 -55.1517 -66.5647 -33.299 -55.5765 -65.463 -52.1349 -33.4082
11007.009766 -60.246 -47.7495 -56.3724 -66.411 -50.2145 -39.6027 -66.1871 -46.3971 -29.0593 -62.5658 -52.4656 -48.6738 -59.7897 -14.8494 -54.188 -53.7091 -66.6806 -33.701 -55.8326 -65.654 -18.4645 -33.7145
11008.014648 -60.4958 -47.9794 -56.2047 -66.6108 -50.4062 -39.8839 -66.3104 -46.6652 -29.3191 -62.776 -52.6565 -49.0076 -59.904 -16.0203 -54.3224 -52.2617 -66.7954 -34.1029 -56.088 -65.8431 -11.5469 -34.0207
11009.019531 -60.7441 -48.208 -56.0533 -66.8081 -50.6 -40.165 -66.4288 -46.9328 -29.5774 -62.9846 -52.8473 -49.3405 -60.0109 -16.4427 -54.4575 -50.8694 -66.9094 -34.5046 -56.3427 -66.0301 -11.9869 -34.3269
11010.025391 -60.9907 -48.4355 -55.9172 -67.0029 -50.7955 -40.4461 -66.5423 -47.2 -29.8344 -63.1914 -53.038 -49.6723 -60.1108 -16.8512 -54.5933 -49.6 -67.0223 -34.9062 -56.5966 -66.2152 -11.7867 -34.6332
11011.030273 -61.2357 -48.6618 -55.7957 -67.195 -50.9926 -40.727 -66.6509 -47.4669 -30.0903 -63.3965 -53.2286 -50.0031 -60.2042 -17.2651 -54.7299 -48.5119 -67.1343 -35.3075 -56.8498 -66.3983 -12.6914 -34.9393
11012.035156 -61.4791 -48.8871 -55.6879 -67.3845 -51.1909 -41.0078 -66.7549 -47.7332 -30.3452 -63.5998 -53.4191 -50.3329 -60.2917 -17.7436 -54.8671 -47.6433 -67.2454 -35.7086 -57.1021 -66.5793 -13.7859 -35.2455
11013.040039 -61.7207 -49.1113 -55.5927 -67.5714 -51.3902 -41.2884 -66.8544 -47.9992 -30.5993 -63.8013 -53.6095 -50.6616 -60.374 -18.26 -55.005 -47.0095 -67.3555 -36.1092 -57.3536 -66.7583 -14.8129 -35.5516
11014.044922 -61.9606 -49.3344 -55.5095 -67.7556 -51.5902 -41.5688 -66.9495 -48.2647 -30.8528 -64.001 -53.7997 -50.9892 -60.4517 -18.7732 -55.1435 -46.6082 -67.4646 -36.5096 -57.6042 -66.9352 -15.7622 -35.8577
11015.049805 -62.1987 -49.5565 -55.4372 -67.9372 -51.7906 -41.8491 -67.0404 -48.5298 -31.1056 -64.1988 -53.9898 -51.3158 -60.5256 -19.2681 -55.2825 -46.4224 -67.5727 -36.9094 -57.8539 -67.11 -16.637 -36.1637
11016.054688 -62.435 -49.7777 -55.3752 -68.1161 -51.9913 -42.1291 -67.1274 -48.7944 -31.358 -64.3948 -54.1798 -51.6412 -60.5963 -19.7403 -55.4221 -46.4214 -67.6799 -37.3088 -58.1028 -67.2827 -17.438 -36.4696
11017.060547 -62.6695 -49.9978 -55.3226 -68.2924 -52.1919 -42.4088 -67.2107 -49.0585 -31.61 -64.5889 -54.3697 -51.9656 -60.6644 -20.1909 -55.5622 -46.5608 -67.786 -37.7077 -58.3507 -67.4532 -18.1717 -36.7754
11018.064453 -62.9021 -50.217 -55.2786 -68.4659 -52.3923 -42.6884 -67.2905 -49.3221 -31.8617 -64.7811 -54.5593 -52.2888 -60.7306 -20.6211 -55.7027 -46.7937 -67.8912 -38.1059 -58.5976 -67.6217 -18.8476 -37.0812
11019.070312 -63.1327 -50.4353 -55.2427 -68.6368 -52.5923 -42.9676 -67.3669 -49.5853 -32.1132 -64.9715 -54.7488 -52.6109 -60.7953 -21.0323 -55.8437 -47.0821 -67.9952 -38.5036 -58.8435 -67.7879 -19.4746 -37.3868
11020.075195 -63.3614 -50.6526 -55.2142 -68.805 -52.7917 -43.2466 -67.4402 -49.848 -32.3645 -65.1598 -54.9381 -52.9318 -60.8592 -21.4257 -55.985 -47.3999 -68.098 -38.9007 -59.0884 -67.9521 -20.0607 -37.6923
11021.080078 -63.5881 -50.8691 -55.1925 -68.9705 -52.9904 -43.5253 -67.5106 -50.1102 -32.6157 -65.3463 -55.1273 -53.2515 -60.9227 -21.8032 -56.1267 -47.7309 -68.1992 -39.297 -59.3323 -68.114 -20.6121 -37.9977
11022.084961 -63.8127 -51.0847 -55.1771 -69.1333 -53.1883 -43.8036 -67.578 -50.3719 -32.8667 -65.5307 -55.3161 -53.57 -60.9861 -22.1665 -56.2688 -48.0664 -68.2975 -39.6926 -59.575 -68.2738 -21.134 -38.303
11023.089844 -64.0353 -51.2994 -55.1675 -69.2934 -53.3853 -44.0816 -67.6425 -50.6331 -33.1178 -65.7132 -55.5048 -53.8874 -61.0498 -22.5175 -56.4111 -48.4018 -68.3897 -40.0875 -59.8166 -68.4313 -21.6305 -38.6081
11024.094727 -64.2558 -51.5133 -55.1632 -69.4509 -53.5813 -44.3593 -67.7043 -50.8938 -33.3689 -65.8937 -55.6932 -54.2034 -61.1141 -22.8579 -56.5537 -48.7349 -68.4639 -40.4815 -60.0571 -68.5867 -22.1052 -38.9131
11025.099609 -64.4741 -51.7264 -55.1639 -69.6056 -53.7761 -44.6366 -67.7632 -51.154 -33.62 -66.0722 -55.8814 -54.5183 -61.1792 -23.1893 -56.6966 -49.0648 -68.4795 -40.8747 -60.2964 -68.7399 -22.5609 -39.2178
11026.105469 -64.6903 -51.9386 -55.1691 -69.7577 -53.9695 -44.9136 -67.8192 -51.4137 -33.8711 -66.2486 -56.0693 -54.8318 -61.2453 -23.513 -56.8397 -49.3908 -68.2875 -41.267 -60.5344 -68.8909 -23 -39.5224
11027.110352 -64.9043 -52.1501 -55.1785 -69.9071 -54.1611 -45.1901 -67.8724 -51.6728 -34.1224 -66.423 -56.257 -55.144 -61.3126 -23.8301 -56.9829 -49.7125 -67.3657 -41.6584 -60.7712 -69.0396 -23.4244 -39.8268
11028.115234 -65.116 -52.3608 -55.1919 -70.0539 -54.3504 -45.4662 -67.9227 -51.9313 -34.3737 -66.5954 -56.4443 -55.4549 -61.3812 -24.1415 -57.1263 -50.0295 -64.1397 -42.0488 -61.0067 -69.1862 -23.8361 -40.131
11029.120117 -65.3255 -52.5707 -55.2088 -70.198 -54.5367 -45.742 -67.9703 -52.1894 -34.6251 -66.7657 -56.6313 -55.7645 -61.4511 -24.4481 -57.2698 -50.3414 -56.2909 -42.4382 -61.2409 -69.3308 -24.2365 -40.4349
11030.125000 -65.5327 -52.7798 -55.229 -70.3395 -54.719 -46.0173 -68.0153 -52.4469 -34.8767 -66.934 -56.818 -56.0726 -61.5225 -24.7507 -57.4133 -50.6473 -41.2992 -42.8266 -61.4737 -69.4737 -24.6268 -40.7386
11031.129883 -65.7376 -52.9882 -55.2524 -70.4784 -54.8964 -46.2921 -68.0578 -52.7038 -35.1284 -67.1002 -57.0044 -56.3794 -61.5952 -25.05 -57.557 -50.9465 -25.4894 -43.2139 -61.705 -69.6155 -25.0082 -41.042
11032.134766 -65.9401 -53.1959 -55.2786 -70.6146 -55.0671 -46.5665 -68.098 -52.9601 -35.3803 -67.2643 -57.1904 -56.6847 -61.6694 -25.3464 -57.7006 -51.2371 -21.0202 -43.6001 -61.935 -69.7567 -25.3818 -41.3452
11033.139648 -66.1403 -53.4028 -55.3075 -70.7483 -55.2291 -46.8405 -68.1362 -53.2159 -35.6323 -67.4263 -57.376 -56.9885 -61.745 -25.6407 -57.8443 -51.5158 -21.2026 -43.9852 -62.1634 -69.8911 -25.7483 -41.648
11034.144531 -66.3381 -53.609 -55.3388 -70.8795 -55.3793 -47.1139 -68.1726 -53.471 -35.8845 -67.5862 -57.5612 -57.2908 -61.822 -25.9332 -57.988 -51.7751 -21.0286 -44.3691 -62.3903 -69.9737 -26.1085 -41.9505
11035.150391 -66.5335 -53.8145 -55.3725 -71.008 -55.5126 -47.3869 -68.2074 -53.7256 -36.1369 -67.744 -57.7461 -57.5916 -61.9004 -26.2243 -58.1315 -51.9995 -21.1548 -44.7518 -62.6157 -69.7856 -26.463 -42.2526
11036.155273 -66.7265 -54.0192 -55.4083 -71.1339 -55.6218 -47.6594 -68.241 -53.9795 -36.3894 -67.8998 -57.9305 -57.8908 -61.98 -26.5144 -58.275 -52.162 -21.5617 -45.1334 -62.8394 -68.4345 -26.8126 -42.5544
11037.160156 -66.917 -54.2233 -55.4461 -71.2566 -55.6962 -47.9314 -68.2734 -54.2328 -36.642 -68.0534 -58.1144 -58.1883 -62.0609 -26.8038 -58.4184 -52.2197 -22.0373 -45.5136 -63.0616 -62.6781 -27.1576 -42.8559
11038.165039 -67.105 -54.4266 -55.4857 -71.374 -55.7233 -48.2029 -68.3045 -54.4855 -36.8949 -68.2049 -58.2979 -58.4842 -62.1429 -27.0927 -58.5617 -52.1054 -22.4929 -45.8926 -63.282 -43.5578 -27.4985 -43.1569
11039.169922 -67.2905 -54.6293 -55.5271 -71.4769 -55.6906 -48.4739 -68.3336 -54.7375 -37.1479 -68.3544 -58.4809 -58.7784 -62.2261 -27.3814 -58.7048 -51.7274 -22.9201 -46.2703 -63.5008 -18.8705 -27.8358 -43.4576
11040.174805 -67.4736 -54.8313 -55.5702 -71.5262 -55.5911 -48.7444 -68.3571 -54.9888 -37.401 -68.5017 -58.6634 -59.0709 -62.3103 -27.6701 -58.8477 -51.0176 -23.3388 -46.6467 -63.7178 -13.8255 -28.1697 -43.7578
11041.179688 -67.6541 -55.0325 -55.6148 -71.3567 -55.4265 -49.0143 -68.3624 -55.2395 -37.6543 -68.6469 -58.8453 -59.3616 -62.3954 -27.9588 -58.9903 -50.0292 -23.7583 -47.0218 -63.933 -14.225 -28.5007 -44.0576
11042.185547 -67.8321 -55.2331 -55.6608 -70.2207 -55.2073 -49.2837 -68.3 -55.4895 -37.9078 -68.7901 -59.0268 -59.6505 -62.4814 -28.2478 -59.1328 -48.9483 -24.1827 -47.3955 -64.1464 -14.8475 -28.8289 -44.357
11043.189453 -68.0076 -55.433 -55.7081 -64.502 -54.9496 -49.5526 -67.9783 -55.7387 -38.1614 -68.9311 -59.2076 -59.9375 -62.5682 -28.5372 -59.2749 -47.9355 -24.6131 -47.7678 -64.3579 -15.4441 -29.1546 -44.6559
11044.195312 -68.1805 -55.6322 -55.7567 -39.163 -54.6715 -49.8209 -66.6539 -55.9872 -38.4151 -69.07 -59.3879 -60.2226 -62.6558 -28.8269 -59.4168 -47.05 -25.0475 -48.1388 -64.5676 -16.0838 -29.4782 -44.9543
11045.200195 -68.3508 -55.8307 -55.8065 -10.5901 -54.3903 -50.0886 -62.4363 -56.2349 -38.669 -69.2069 -59.5676 -60.5058 -62.744 -29.117 -59.5583 -46.2971 -25.4827 -48.5083 -64.7753 -16.706 -29.7996 -45.2523
11046.205078 -68.5187 -56.0285 -55.8574 -11.0103 -54.1208 -50.3558 -53.5423 -56.4819 -38.923 -69.3416 -59.7466 -60.7869 -62.8329 -29.4077 -59.6995 -45.6655 -25.9156 -48.8764 -64.981 -17.2927 -30.1192 -45.5497
11047.209961 -68.6839 -56.2257 -55.9094 -11.6103 -53.8736 -50.6224 -31.2244 -56.728 -39.1771 -69.4739 -59.925 -61.0661 -62.9223 -29.6989 -59.8403 -45.1407 -26.3445 -49.2431 -65.1848 -17.8437 -30.4371 -45.8467
11048.214844 -68.8466 -56.4221 -55.9624 -12.477 -53.6551 -50.8885 -12.8364 -56.9734 -39.4314 -69.6032 -60.1027 -61.3431 -63.0121 -29.9907 -59.9808 -44.7089 -26.7689 -49.6083 -65.3866 -18.3586 -30.7534 -46.1431
11049.219727 -69.0067 -56.6179 -56.0163 -13.1927 -53.4675 -51.1539 -12.8836 -57.2179 -39.6857 -69.7262 -60.2798 -61.618 -63.1025 -30.283 -60.1208 -44.3581 -27.1897 -49.972 -65.5863 -18.8409 -31.0682 -46.439
11050.224609 -69.1643 -56.8129 -56.0711 -13.9539 -53.3109 -51.4188 -13.9319 -57.4615 -39.9401 -69.8311 -60.4561 -61.8907 -63.1932 -30.5759 -60.2603 -44.0782 -27.6081 -50.3342 -65.7839 -19.2949 -31.3817 -46.7344
11051.230469 -69.3193 -57.0072 -56.1267 -14.7168 -53.1832 -51.6831 -14.9438 -57.7043 -40.1946 -69.8724 -60.6317 -62.1611 -63.2843 -30.8694 -60.3994 -43.8595 -28.025 -50.695 -65.9794 -19.7242 -31.694 -47.0292
11052.235352 -69.4717 -57.2009 -56.1831 -15.4422 -53.082 -51.9468 -15.9069 -57.9461 -40.4492 -69.6869 -60.8065 -62.4293 -63.3757 -31.1634 -60.538 -43.6933 -28.4408 -51.0542 -66.1728 -20.1322 -32.0051 -47.3234
11053.240234 -69.6216 -57.3938 -56.2402 -16.1156 -53.0043 -52.2099 -16.8136 -58.187 -40.7038 -68.7282 -60.9805 -62.6952 -63.4674 -31.458 -60.6761 -43.5718 -28.8556 -51.4118 -66.364 -20.5215 -32.3151 -47.6171
11054.245117 -69.7689 -57.586 -56.298 -16.7353 -52.9476 -52.4723 -17.6527 -58.427 -40.9585 -65.5792 -61.1537 -62.9587 -63.5593 -31.7532 -60.8136 -43.4876 -29.2691 -51.7679 -66.553 -20.8947 -32.6241 -47.9102
11055.250000 -69.9137 -57.7774 -56.3566 -17.3062 -52.9096 -52.7342 -18.4282 -58.6659 -41.2131 -57.18 -61.3261 -63.2198 -63.6512 -32.0489 -60.9506 -43.4346 -29.6808 -52.1225 -66.7399 -21.2537 -32.9322 -48.2027
11056.254883 -70.056 -57.9681 -56.4157 -17.8362 -52.8881 -52.9954 -19.1493 -58.9038 -41.4678 -37.3694 -61.4977 -63.4784 -63.743 -32.3451 -61.087 -43.408 -30.0902 -52.4755 -66.9245 -21.6004 -33.2394 -48.4946
11057.259766 -70.1958 -58.1581 -56.4754 -18.3329 -52.8814 -53.256 -19.8248 -59.1407 -41.7225 -19.5613 -61.6684 -63.7345 -63.8342 -32.6419 -61.2229 -43.404 -30.4968 -52.8268 -67.1068 -21.9362 -33.5458 -48.7859
11058.264648 -70.3331 -58.3473 -56.5357 -18.8021 -52.888 -53.5159 -20.462 -59.3765 -41.9771 -17.3682 -61.8381 -63.9881 -63.9243 -32.9391 -61.358 -43.419 -30.9003 -53.1766 -67.2869 -22.2627 -33.8513 -49.0766
11059.269531 -70.4679 -58.5358 -56.5966 -19.2482 -52.9067 -53.7751 -21.0671 -59.6112 -42.2318 -17.0095 -62.007 -64.2391 -64.0123 -33.2369 -61.4926 -43.4505 -31.3004 -53.5247 -67.4649 -22.5809 -34.1561 -49.3667
11060.275391 -70.6002 -58.7235 -56.6579 -19.6747 -52.9362 -54.0337 -21.6446 -59.8447 -42.4864 -17.1057 -62.1749 -64.4874 -64.0968 -33.535 -61.6264 -43.4962 -31.6968 -53.8711 -67.6408 -22.8918 -34.4602 -49.6561
11061.280273 -70.73 -58.9104 -56.7198 -20.0841 -52.9756 -54.2916 -22.1981 -60.0771 -42.7409 -17.5683 -62.3418 -64.7331 -64.1759 -33.8336 -61.7594 -43.5542 -32.0893 -54.2159 -67.8151 -23.1965 -34.7636 -49.945
11062.285156 -70.8572 -59.0965 -56.7821 -20.4786 -53.0239 -54.5489 -22.7302 -60.3083 -42.9954 -18.1688 -62.5078 -64.9761 -64.2468 -34.1327 -61.8913 -43.6229 -32.4779 -54.5589 -67.9863 -23.4956 -35.0664 -50.2331
11063.290039 -70.9817 -59.2818 -56.8448 -20.8602 -53.0804 -54.8054 -23.2431 -60.5382 -43.2498 -18.8032 -62.6727 -65.2163 -64.3055 -34.4321 -62.0212 -43.7011 -32.8622 -54.9002 -68.152 -23.7899 -35.3685 -50.5206
11064.294922 -71.1027 -59.4663 -56.9079 -21.2303 -53.1443 -55.0611 -23.7384 -60.7669 -43.5041 -19.4272 -62.8366 -65.4537 -64.3461 -34.7318 -62.1472 -43.7877 -33.2422 -55.2398 -68.3108 -24.08 -35.67 -50.8075
11065.299805 -71.2172 -59.65 -56.9715 -21.5905 -53.2149 -55.3162 -24.2177 -60.9942 -43.7584 -20.0211 -62.9995 -65.6883 -64.3614 -35.0319 -62.2652 -43.8817 -33.6179 -55.5776 -68.4624 -24.3665 -35.9709 -51.0937
11066.304688 -71.3156 -59.8328 -57.0353 -21.9419 -53.2916 -55.5705 -24.6823 -61.2203 -44.0125 -20.5765 -63.1613 -65.92 -64.3423 -35.3323 -62.3669 -43.9823 -33.9891 -55.9135 -68.607 -24.6498 -36.2712 -51.3793
11067.310547 -71.3618 -60.0147 -57.0996 -22.2857 -53.374 -55.824 -25.1333 -61.445 -44.2665 -21.0955 -63.3219 -66.1489 -64.2793 -35.6329 -62.4368 -44.0888 -34.3558 -56.2476 -68.7452 -24.9304 -36.5709 -51.6641
11068.314453 -71.2207 -60.1958 -57.1642 -22.6227 -53.4613 -56.0768 -25.5718 -61.6682 -44.5204 -21.5845 -63.4815 -66.3748 -64.1627 -35.9338 -62.4479 -44.2007 -34.7183 -56.5799 -68.8775 -25.2087 -36.8701 -51.9483
11069.320312 -70.3942 -60.376 -57.2291 -22.9538 -53.5534 -56.3287 -25.9985 -61.8901 -44.7741 -22.0497 -63.6399 -66.5978 -63.9843 -36.235 -62.3619 -44.3175 -35.0765 -56.9102 -69.0046 -25.485 -37.1688 -52.2318
11070.325195 -67.6342 -60.5554 -57.2943 -23.2798 -53.6496 -56.5798 -26.4145 -62.1104 -45.0277 -22.4954 -63.7971 -66.8178 -63.7374 -36.5363 -62.1379 -44.4386 -35.4306 -57.2386 -69.1272 -25.7595 -37.4669 -52.5145
11071.330078 -58.5934 -60.7338 -57.3597 -23.6012 -53.7497 -56.8301 -26.8203 -62.3293 -45.2811 -22.9237 -63.953 -67.0348 -63.4168 -36.8378 -61.7483 -44.5638 -35.7808 -57.565 -69.2459 -26.0326 -37.7645 -52.7966
11072.334961 -21.523 -60.9112 -57.4255 -23.9188 -53.8534 -57.0795 -27.2167 -62.5466 -45.5344 -23.3362 -64.1077 -67.2488 -63.0207 -37.1394 -61.1914 -44.6927 -36.1274 -57.8894 -69.3607 -26.3045 -38.0616 -53.0779
11073.339844 -10.1051 -61.0878 -57.4915 -24.2329 -53.9603 -57.328 -27.6043 -62.7624 -45.7875 -23.7343 -64.261 -67.4598 -62.5508 -37.4411 -60.4908 -44.8249 -36.4705 -58.2117 -69.4712 -26.5754 -38.3582 -53.3585
11074.344727 -10.3634 -61.2634 -57.5577 -24.5441 -54.0702 -57.5756 -27.9836 -62.9766 -46.0403 -24.1195 -64.4126 -67.6677 -62.0139 -37.7429 -59.6863 -44.9603 -36.8103 -58.532 -69.5773 -26.8455 -38.6543 -53.6384
11075.349609 -11.3411 -61.438 -57.6241 -24.8528 -54.1828 -57.8223 -28.3552 -63.1891 -46.293 -24.4932 -64.5625 -67.8725 -61.4209 -38.0448 -58.8234 -45.0985 -37.147 -58.85 -69.6785 -27.115 -38.9499 -53.9174
11076.355469 -12.3372 -61.6116 -57.6908 -25.1593 -54.298 -58.068 -28.7196 -63.4 -46.5455 -24.8569 -64.7104 -68.0743 -60.7856 -38.3467 -57.9434 -45.2394 -37.481 -59.1659 -69.7726 -27.3839 -39.245 -54.1957
11077.359375 -13.3132 -61.7842 -57.7577 -25.4639 -54.4155 -58.3127 -29.0773 -63.6091 -46.7977 -25.2119 -64.8558 -68.2729 -60.1225 -38.6486 -57.0797 -45.3828 -37.8122 -59.4796 -69.8547 -27.6525 -39.5396 -54.4733
11078.365234 -14.2032 -61.9558 -57.8247 -25.7669 -54.5353 -58.5564 -29.4287 -63.8166 -47.0498 -25.5591 -64.9983 -68.4685 -59.4461 -38.9505 -56.2568 -45.5284 -38.1409 -59.791 -69.9144 -27.9209 -39.8337 -54.75
11079.370117 -15.0079 -62.1264 -57.8919 -26.0686 -54.6571 -58.7991 -29.7742 -64.0222 -47.3016 -25.8996 -65.1374 -68.6609 -58.7693 -39.2524 -55.4919 -45.6763 -38.4674 -60.1 -69.9269 -28.189 -40.1273 -55.0258
11080.375000 -15.7335 -62.2959 -57.9593 -26.3693 -54.7808 -59.0407 -30.1141 -64.2261 -47.5531 -26.2341 -65.2722 -68.8502 -58.1037 -39.5541 -54.7951 -45.8262 -38.7916 -60.4067 -69.8308 -28.4571 -40.4204 -55.3009
11081.379883 -16.391 -62.4644 -58.0268 -26.669 -54.9062 -59.2812 -30.4489 -64.4282 -47.8044 -26.5636 -65.402 -69.0364 -57.4609 -39.8559 -54.1705 -45.978 -39.1138 -60.711 -69.4547 -28.7252 -40.713 -55.5751
11082.384766 -16.992 -62.6318 -58.0945 -26.9679 -55.0334 -59.5206 -30.7789 -64.6284 -48.0555 -26.8885 -65.5256 -69.2195 -56.8527 -40.1574 -53.6187 -46.1315 -39.434 -61.0128 -68.2862 -28.9934 -41.0051 -55.8483
11083.389648 -17.546 -62.7981 -58.1622 -27.2663 -55.1621 -59.7588 -31.1044 -64.8267 -48.3063 -27.2097 -65.6417 -69.3995 -56.2914 -40.4589 -53.1376 -46.2868 -39.7524 -61.312 -64.6545 -29.2616 -41.2967 -56.1207
11084.394531 -18.0605 -62.9632 -58.2301 -27.5642 -55.2923 -59.9959 -31.4256 -65.0232 -48.5568 -27.5276 -65.7488 -69.5763 -55.7885 -40.7602 -52.7242 -46.4437 -40.0691 -61.6087 -53.5285 -29.5301 -41.5878 -56.3922
11085.400391 -18.5424 -63.1273 -58.2982 -27.8618 -55.4239 -60.2317 -31.743 -65.2177 -48.807 -27.8429 -65.8455 -69.75 -55.3533 -41.0613 -52.3748 -46.6021 -40.3842 -61.9028 -23.7525 -29.7988 -41.8783 -56.6627
11086.405273 -18.997 -63.2902 -58.3663 -28.1591 -55.5567 -60.4662 -32.0566 -65.4102 -49.057 -28.1559 -65.9299 -69.9207 -54.9918 -41.3621 -52.0851 -46.7619 -40.6977 -62.1942 -12.8614 -30.0678 -42.1683 -56.9322
11087.410156 -19.429 -63.4519 -58.4345 -28.4563 -55.6909 -60.6995 -32.3669 -65.6007 -49.3067 -28.4672 -66.0006 -70.0882 -54.706 -41.6627 -51.8505 -46.9231 -41.0096 -62.4829 -13.6486 -30.337 -42.4577 -57.2007
11088.415039 -19.8419 -63.6125 -58.5027 -28.7534 -55.8261 -60.9315 -32.6739 -65.7893 -49.556 -28.7772 -66.056 -70.2527 -54.4935 -41.963 -51.6657 -47.0856 -41.3201 -62.7688 -14.3034 -30.6066 -42.7466 -57.4682
11089.419922 -20.2387 -63.7718 -58.5711 -29.0505 -55.9625 -61.1621 -32.9779 -65.9758 -49.8051 -29.086 -66.0948 -70.4141 -54.3491 -42.263 -51.525 -47.2493 -41.6292 -63.0518 -14.8946 -30.8766 -43.035 -57.7347
11090.424805 -20.6217 -63.93 -58.6395 -29.3477 -56.1 -61.3913 -33.2792 -66.1603 -50.0539 -29.3939 -66.1159 -70.5725 -54.2648 -42.5627 -51.4224 -47.4143 -41.9369 -63.332 -15.4928 -31.1469 -43.3228 -58
11091.429688 -20.9929 -64.0869 -58.708 -29.6449 -56.2384 -61.6191 -33.5778 -66.3426 -50.3023 -29.7013 -66.1183 -70.7278 -54.2318 -42.8621 -51.3522 -47.5803 -42.2433 -63.6093 -16.1051 -31.4176 -43.61 -58.2642
11092.435547 -21.354 -64.2425 -58.7765 -29.9422 -56.3777 -61.8455 -33.874 -66.5229 -50.5505 -30.0083 -66.1016 -70.8801 -54.2413 -43.1611 -51.3084 -47.7474 -42.5484 -63.8836 -16.7397 -31.6888 -43.8967 -58.5273
11093.439453 -21.7063 -64.3968 -58.845 -30.2397 -56.518 -62.0704 -34.1679 -66.7011 -50.7983 -30.3149 -66.0655 -71.0295 -54.2847 -43.4597 -51.2856 -47.9156 -42.8522 -64.1549 -17.4327 -31.9603 -44.1828 -58.7891
11094.445312 -22.0511 -64.5497 -58.9136 -30.5374 -56.6591 -62.2937 -34.4597 -66.8772 -51.0458 -30.6214 -66.0103 -71.1758 -54.3549 -43.7579 -51.2788 -48.0847 -43.1547 -64.4231 -18.1487 -32.2324 -44.4683 -59.0498
11095.450195 -22.3894 -64.7011 -58.9822 -30.8352 -56.801 -62.5155 -34.7495 -67.0511 -51.2929 -30.9278 -65.9366 -71.3193 -54.4456 -44.0557 -51.2837 -48.2548 -43.4561 -64.6882 -18.8159 -32.5048 -44.7532 -59.3092
11096.455078 -22.7221 -64.8509 -59.0508 -31.1333 -56.9436 -62.7357 -35.0375 -67.2228 -51.5398 -31.2341 -65.8453 -71.4598 -54.5518 -44.3531 -51.2965 -48.4258 -43.7562 -64.9502 -19.4121 -32.7777 -45.0375 -59.5673
11097.459961 -23.0499 -64.9987 -59.1194 -31.4316 -57.087 -62.9543 -35.3237 -67.3924 -51.7862 -31.5405 -65.7376 -71.5974 -54.6694 -44.6499 -51.3144 -48.5976 -44.0551 -65.2089 -19.9483 -33.051 -45.3212 -59.824
11098.464844 -23.3735 -65.1441 -59.188 -31.7302 -57.2311 -63.1712 -35.6083 -67.5598 -52.0323 -31.847 -65.6152 -71.7322 -54.7953 -44.9463 -51.3349 -48.7702 -44.3528 -65.4645 -20.4404 -33.3248 -45.6044 -60.0794
11099.469727 -23.6935 -65.2864 -59.2565 -32.0289 -57.3758 -63.3864 -35.8914 -67.7249 -52.278 -32.1535 -65.4796 -71.8641 -54.9272 -45.2422 -51.3566 -48.9437 -44.6493 -65.7167 -20.9004 -33.5991 -45.8869 -60.3334
11100.474609 -24.0104 -65.425 -59.3251 -32.3279 -57.5211 -63.5999 -36.1731 -67.8878 -52.5234 -32.4602 -65.3326 -71.9932 -55.0632 -45.5376 -51.378 -49.1179 -44.9446 -65.9657 -21.336 -33.8738 -46.1688 -60.5859
11101.480469 -24.3247 -65.5587 -59.3937 -32.6272 -57.667 -63.8116 -36.4534 -68.0484 -52.7684 -32.767 -65.1763 -72.1196 -55.202 -45.8325 -51.398 -49.2928 -45.2388 -66.2113 -21.7523 -34.1489 -46.4501 -60.8369
11102.484375 -24.6366 -65.6867 -59.4622 -32.9266 -57.8135 -64.0215 -36.7326 -68.2067 -53.013 -33.074 -65.0126 -72.2432 -55.3425 -46.1268 -51.4152 -49.4684 -45.5318 -66.4535 -22.1526 -34.4244 -46.7307 -61.0864
11103.490234 -24.9467 -65.8078 -59.5306 -33.2263 -57.9604 -64.2296 -37.0106 -68.3624 -53.2572 -33.3811 -64.8434 -72.3641 -55.484 -46.4205 -51.4281 -49.6447 -45.8236 -66.6923 -22.5391 -34.7004 -47.0108 -61.3343
11104.495117 -25.2551 -65.9213 -59.5991 -33.5262 -58.1079 -64.4359 -37.2875 -68.5152 -53.501 -33.6883 -64.6705 -72.482 -55.6258 -46.7137 -51.4347 -49.8215 -46.1143 -66.9277 -22.9137 -34.9768 -47.2902 -61.5806
11105.500000 -25.5622 -66.0265 -59.6674 -33.8263 -58.2558 -64.6403 -37.5634 -68.6644 -53.7443 -33.9957 -64.4957 -72.5963 -55.7674 -47.0062 -51.4335 -49.999 -46.4038 -67.1597 -23.2777 -35.2535 -47.569 -61.8253
11106.504883 -25.8681 -66.1231 -59.7357 -34.1265 -58.4041 -64.8427 -37.8383 -68.808 -53.9873 -34.3032 -64.3204 -72.704 -55.9085 -47.2982 -51.4236 -50.1771 -46.6922 -67.3881 -23.6324 -35.5307 -47.8471 -62.0682
11107.509766 -26.1731 -66.2111 -59.804 -34.427 -58.5528 -65.0432 -38.1124 -68.9413 -54.2297 -34.6109 -64.1459 -72.7909 -56.0487 -47.5896 -51.4052 -50.3557 -46.9794 -67.613 -23.9786 -35.8082 -48.1246 -62.3094
11108.514648 -26.4773 -66.2905 -59.8721 -34.7276 -58.7018 -65.2417 -38.3856 -69.0528 -54.4718 -34.9187 -63.9733 -72.7901 -56.1877 -47.8803 -51.3791 -50.5348 -47.2655 -67.8345 -24.3175 -36.086 -48.4014 -62.5488
11109.519531 -26.7808 -66.3619 -59.9402 -35.0283 -58.8512 -65.4382 -38.6581 -69.114 -54.7134 -35.2266 -63.8033 -72.3683 -56.3252 -48.1704 -51.3472 -50.7144 -47.5504 -68.0523 -24.6497 -36.3641 -48.6776 -62.7864
11110.525391 -27.0839 -66.4258 -60.0082 -35.3292 -59.0009 -65.6327 -38.9298 -69.0549 -54.9545 -35.5346 -63.6366 -69.7896 -56.4611 -48.4598 -51.3116 -50.8945 -47.8342 -68.2667 -24.976 -36.6426 -48.9532 -63.0221
11111.530273 -27.3866 -66.4828 -60.0761 -35.6301 -59.1509 -65.8251 -39.2008 -68.6974 -55.195 -35.8427 -63.4732 -55.5352 -56.595 -48.7486 -51.2747 -51.0751 -48.1169 -68.4775 -25.2969 -36.9213 -49.2281 -63.2559
11112.535156 -27.689 -66.5338 -60.1439 -35.9312 -59.3011 -66.0155 -39.4712 -67.5625 -55.4351 -36.1509 -63.3125 -6.39478 -56.7267 -49.0366 -51.2385 -51.256 -48.3984 -68.6847 -25.6132 -37.2002 -49.5024 -63.4877
11113.540039 -27.9912 -66.5794 -60.2117 -36.2324 -59.4515 -66.2038 -39.741 -64.4953 -55.6747 -36.4591 -63.1514 -6.51833 -56.8558 -49.324 -51.2052 -51.4374 -48.6787 -68.8883 -25.9252 -37.4793 -49.776 -63.7175
11114.544922 -28.2933 -66.6205 -60.2792 -36.5336 -59.6021 -66.3899 -40.0101 -56.4033 -55.9137 -36.7675 -62.9784 -7.93852 -56.9818 -49.6107 -51.1762 -51.6191 -48.9579 -69.0884 -26.2334 -37.7587 -50.0489 -63.9453
11115.549805 -28.5953 -66.6578 -60.3467 -36.8348 -59.7528 -66.5739 -40.2788 -36.0239 -56.1522 -37.0759 -62.7562 -9.37528 -57.1034 -49.8967 -51.1529 -51.8012 -49.2359 -69.2849 -26.5383 -38.0382 -50.3212 -64.171
11116.554688 -28.8973 -66.6921 -60.4141 -37.1361 -59.9037 -66.7557 -40.5468 -20.1351 -56.39 -37.3843 -62.4083 -10.6009 -57.218 -50.182 -51.1362 -51.9836 -49.5128 -69.4778 -26.8402 -38.3178 -50.5928 -64.3946
11117.560547 -29.1994 -66.724 -60.4813 -37.4373 -60.0546 -66.9353 -40.8144 -18.63 -56.6273 -37.6927 -61.8616 -11.7031 -57.3193 -50.4666 -51.1267 -52.1663 -49.7886 -69.6671 -27.1393 -38.5976 -50.8638 -64.616
11118.564453 -29.5015 -66.7541 -60.5484 -37.7386 -60.2057 -67.1127 -41.0815 -18.969 -56.864 -38.0011 -61.074 -12.6872 -57.3923 -50.7504 -51.1248 -52.3493 -50.0632 -69.8529 -27.4362 -38.8774 -51.1341 -64.8352
11119.570312 -29.8036 -66.7829 -60.6153 -38.0398 -60.3567 -67.2879 -41.3481 -19.3806 -57.1 -38.3095 -60.0077 -13.5684 -57.4035 -51.0334 -51.1305 -52.5326 -50.3367 -70.0352 -27.7309 -39.1573 -51.4037 -65.0522
11120.575195 -30.106 -66.8109 -60.6821 -38.341 -60.5078 -67.4609 -41.6143 -19.7852 -57.3354 -38.6179 -58.5528 -14.3599 -57.276 -51.3157 -51.1438 -52.7161 -50.6089 -70.2139 -28.0237 -39.4372 -51.6726 -65.2669
11121.580078 -30.4084 -66.8385 -60.7488 -38.6421 -60.6589 -67.6317 -41.88 -20.2029 -57.57 -38.9262 -56.3031 -15.0755 -56.8435 -51.5973 -51.1644 -52.8999 -50.8801 -70.3891 -28.3148 -39.7172 -51.9409 -65.4793
11122.584961 -30.711 -66.8661 -60.8153 -38.9431 -60.8099 -67.8001 -42.1453 -20.6225 -57.804 -39.2344 -51.6138 -15.7293 -55.8538 -51.878 -51.1921 -53.0838 -51.15 -70.5608 -28.6045 -39.9971 -52.2085 -65.6894
11123.589844 -31.0137 -66.894 -60.8816 -39.2441 -60.9609 -67.9663 -42.4102 -21.0437 -58.0372 -39.5425 -39.9697 -16.3328 -54.1939 -52.1579 -51.2266 -53.268 -51.4188 -70.7291 -28.8929 -40.277 -52.4753 -65.8971
11124.594727 -31.3166 -66.9223 -60.9478 -39.5449 -61.1117 -68.1303 -42.6747 -21.4607 -58.2697 -39.8504 -27.5658 -16.8957 -52.0849 -52.4371 -51.2673 -53.4523 -51.6863 -70.8938 -29.1801 -40.5568 -52.7415 -66.1024
11125.599609 -31.6196 -66.9512 -61.0138 -39.8456 -61.2624 -68.2919 -42.9389 -21.8693 -58.5014 -40.1582 -25.5172 -17.4254 -49.9836 -52.7154 -51.314 -53.6367 -51.9527 -71.0552 -29.4663 -40.8365 -53.007 -66.3053
11126.605469 -31.9229 -66.9809 -61.0796 -40.1461 -61.413 -68.4513 -43.2026 -22.2669 -58.7323 -40.4658 -26.1924 -17.9273 -48.2662 -52.9929 -51.3662 -53.8213 -52.2177 -71.2132 -29.7516 -41.116 -53.2718 -66.5057
11127.609375 -32.2262 -67.0115 -61.1452 -40.4464 -61.5633 -68.6084 -43.466 -22.6532 -58.9623 -40.7731 -27.0384 -18.406 -47.0169 -53.2695 -51.4235 -54.0059 -52.4814 -71.3677 -30.0361 -41.3954 -53.5359 -66.7036
11128.615234 -32.5297 -67.0429 -61.2106 -40.7466 -61.7135 -68.7631 -43.7291 -23.029 -59.1915 -41.0802 -27.8477 -18.8649 -46.1776 -53.5452 -51.4855 -54.1907 -52.7437 -71.519 -30.3199 -41.6746 -53.7993 -66.899
11129.620117 -32.8334 -67.0751 -61.2758 -41.0465 -61.8633 -68.9156 -43.9918 -23.3955 -59.4198 -41.3869 -28.6197 -19.307 -45.6599 -53.8201 -51.5519 -54.3755 -53.0044 -71.6669 -30.6031 -41.9536 -54.0619 -67.0919
11130.625000 -33.1372 -67.1081 -61.3409 -41.3461 -62.0128 -69.0656 -44.2541 -23.7537 -59.6472 -41.6932 -29.3879 -19.7346 -45.369 -54.0941 -51.6223 -54.5604 -53.2634 -71.8115 -30.8858 -42.2324 -54.3238 -67.2822
11131.629883 -33.4411 -67.1412 -61.4057 -41.6455 -62.1617 -69.2133 -44.5162 -24.1047 -59.8736 -41.9991 -30.1443 -20.1499 -45.2291 -54.3671 -51.6963 -54.7452 -53.5206 -71.953 -31.168 -42.5109 -54.5849 -67.4699
11132.634766 -33.7451 -67.1732 -61.4703 -41.9446 -62.3099 -69.3583 -44.7778 -24.4493 -60.099 -42.3046 -30.8701 -20.5546 -45.1891 -54.6392 -51.7738 -54.9301 -53.7758 -72.0912 -31.4498 -42.7891 -54.8453 -67.6551
11133.639648 -34.0492 -67.2005 -61.5347 -42.2434 -62.4567 -69.5003 -45.0392 -24.7881 -60.3234 -42.6096 -31.5546 -20.9502 -45.2171 -54.9104 -51.8543 -55.115 -54.0287 -72.2262 -31.7313 -43.0671 -55.1049 -67.8376
11134.644531 -34.3533 -67.2134 -61.5989 -42.5419 -62.6015 -69.6379 -45.3002 -25.1216 -60.5468 -42.9141 -32.1948 -21.338 -45.2926 -55.1806 -51.9378 -55.2998 -54.2792 -72.3581 -32.0125 -43.3447 -55.3638 -68.0175
11135.650391 -34.6576 -67.1868 -61.6629 -42.84 -62.7428 -69.7676 -45.5609 -25.4503 -60.7691 -43.2179 -32.7928 -21.7193 -45.402 -55.4498 -52.0238 -55.4846 -54.5269 -72.487 -32.2934 -43.622 -55.6218 -68.1948
11136.655273 -34.9619 -67.0509 -61.7266 -43.1378 -62.8784 -69.8799 -45.8212 -25.7745 -60.9903 -43.5211 -33.3525 -22.0948 -45.536 -55.7179 -52.1124 -55.6693 -54.7717 -72.6127 -32.5742 -43.899 -55.879 -68.3694
11137.660156 -35.2662 -66.5948 -61.7901 -43.4352 -63.0054 -69.9468 -46.0813 -26.0946 -61.2103 -43.8237 -33.8781 -22.4655 -45.6879 -55.9851 -52.2031 -55.8538 -55.0135 -72.7354 -32.8547 -44.1756 -56.1354 -68.5414
11138.665039 -35.5705 -65.2104 -61.8533 -43.7321 -63.1195 -69.8837 -46.341 -26.4108 -61.4292 -44.1255 -34.3738 -22.8321 -45.853 -56.2511 -52.2958 -56.0383 -55.2519 -72.855 -33.1351 -44.4518 -56.3909 -68.7107
11139.669922 -35.8749 -61.3248 -61.9163 -44.0287 -63.2158 -69.4254 -46.6004 -26.7236 -61.6468 -44.4265 -34.8429 -23.1952 -46.0277 -56.5161 -52.3901 -56.2226 -55.487 -72.9709 -33.4153 -44.7277 -56.6455 -68.8774
11140.674805 -36.1792 -51.5639 -61.9791 -44.3248 -63.2889 -67.7491 -46.8594 -27.033 -61.8632 -44.7267 -35.2885 -23.5553 -46.2097 -56.78 -52.4846 -56.4068 -55.7185 -73.0817 -33.6955 -45.0031 -56.8993 -69.0413
11141.679688 -36.4834 -30.9682 -62.0416 -44.6205 -63.3328 -62.2222 -47.1181 -27.3393 -62.0784 -45.0261 -35.7131 -23.9129 -46.3968 -57.0427 -52.5766 -56.5908 -55.9463 -73.1824 -33.9755 -45.2781 -57.1522 -69.2023
11142.685547 -36.7877 -18.5539 -62.1038 -44.9157 -63.3402 -44.6481 -47.3765 -27.6429 -62.2922 -45.3245 -36.1188 -24.2685 -46.5877 -57.3042 -52.6602 -56.7745 -56.1705 -73.256 -34.2555 -45.5527 -57.4041 -69.3598
11143.689453 -37.0918 -17.3727 -62.1657 -45.2105 -63.3017 -15.6234 -47.6346 -27.9438 -62.5047 -45.622 -36.5077 -24.6223 -46.7814 -57.5646 -52.7272 -56.9581 -56.391 -73.2418 -34.5353 -45.8268 -57.6551 -69.5127
11144.695312 -37.3959 -17.6747 -62.2273 -45.5047 -63.2045 -15.3258 -47.8923 -28.2422 -62.7158 -45.9185 -36.8812 -24.9747 -46.9769 -57.8237 -52.7682 -57.1414 -56.6077 -72.914 -34.8152 -46.1004 -57.9052 -69.6595
11145.700195 -37.6998 -18.2991 -62.2885 -45.7985 -63.0335 -15.6887 -48.1497 -28.5384 -62.9255 -46.214 -37.2408 -25.3259 -47.1737 -58.0816 -52.7745 -57.3244 -56.8207 -71.4362 -35.0949 -46.3736 -58.1542 -69.7983
11146.705078 -38.0036 -19.0168 -62.3492 -46.0917 -62.7692 -16.3112 -48.4068 -28.8325 -63.1337 -46.5084 -37.5878 -25.6762 -47.3713 -58.3382 -52.7411 -57.5071 -57.03 -64.9327 -35.3747 -46.6463 -58.4022 -69.9277
11147.709961 -38.3073 -19.787 -62.4093 -46.3844 -62.3792 -17.001 -48.6636 -29.1246 -63.3405 -46.8017 -37.9234 -26.0257 -47.5693 -58.5935 -52.6669 -57.6895 -57.2356 -39.4139 -35.6544 -46.9185 -58.6491 -70.0464
11148.714844 -38.6108 -20.5782 -62.4686 -46.6765 -61.8209 -17.6511 -48.92 -29.4149 -63.5458 -47.0938 -38.2484 -26.3748 -47.7675 -58.8475 -52.5555 -57.8715 -57.4377 -4.79393 -35.934 -47.1902 -58.895 -70.1521
11149.719727 -38.9142 -21.3648 -62.527 -46.9681 -61.05 -18.2569 -49.176 -29.7036 -63.7495 -47.3849 -38.5639 -26.7234 -47.9656 -59.1001 -52.4133 -58.0532 -57.6363 -5.58645 -36.2136 -47.4614 -59.1398 -70.2387
11150.724609 -39.2173 -22.1327 -62.5842 -47.2591 -60.0341 -18.8163 -49.4317 -29.9906 -63.9517 -47.6747 -38.8706 -27.0717 -48.1636 -59.3512 -52.2489 -58.2344 -57.8315 -7.00272 -36.4932 -47.7321 -59.3834 -70.2913
11151.730469 -39.5203 -22.877 -62.6399 -47.5495 -58.741 -19.3378 -49.6871 -30.2763 -64.1522 -47.9634 -39.1692 -27.4199 -48.3614 -59.601 -52.071 -58.4153 -58.0233 -8.35101 -36.7727 -48.0022 -59.6259 -70.2794
11152.734375 -39.823 -23.5968 -62.694 -47.8394 -57.165 -19.83 -49.9421 -30.5605 -64.3512 -48.2509 -39.4605 -27.7681 -48.5588 -59.8492 -51.8878 -58.5956 -58.212 -9.54628 -37.0522 -48.2718 -59.8672 -70.1471
11153.740234 -40.1255 -24.2923 -62.7461 -48.1286 -55.2963 -20.2951 -50.1968 -30.8436 -64.5484 -48.5371 -39.745 -28.1162 -48.7558 -60.096 -51.7063 -58.7754 -58.3976 -10.5917 -37.3317 -48.5409 -60.1073 -69.7995
11154.745117 -40.4277 -24.9639 -62.7959 -48.4172 -53.1902 -20.7355 -50.4511 -31.1255 -64.744 -48.8221 -40.0233 -28.4644 -48.9524 -60.3412 -51.5316 -58.9547 -58.5802 -11.5118 -37.6111 -48.8094 -60.3461 -69.0918
11155.750000 -40.7296 -25.6118 -62.8432 -48.7052 -50.9028 -21.1544 -50.7051 -31.4063 -64.9378 -49.1059 -40.2959 -28.8128 -49.1486 -60.5848 -51.3678 -59.1334 -58.7599 -12.3376 -37.8905 -49.0773 -60.5836 -67.704
11156.754883 -41.0312 -26.2362 -62.8878 -48.9925 -48.6494 -21.5546 -50.9587 -31.6862 -65.1299 -49.3884 -40.5632 -29.1613 -49.3443 -60.8268 -51.2171 -59.3114 -58.937 -13.0886 -38.1698 -49.3447 -60.8198 -64.1637
11157.759766 -41.3325 -26.8377 -62.9294 -49.2793 -46.5337 -21.9387 -51.2119 -31.9652 -65.3202 -49.6697 -40.8257 -29.51 -49.5395 -61.0672 -51.0811 -59.4887 -59.1114 -13.7737 -38.449 -49.6115 -61.0547 -51.4611
11158.764648 -41.6334 -27.417 -62.9678 -49.5653 -44.7216 -22.3085 -51.4647 -32.2434 -65.5087 -49.9496 -41.0838 -29.8589 -49.7343 -61.3059 -50.9603 -59.6652 -59.2832 -14.4002 -38.7282 -49.8778 -61.2881 -19.822
11159.769531 -41.9339 -27.9749 -63.0029 -49.8507 -43.3376 -22.6656 -51.7172 -32.5208 -65.6954 -50.2284 -41.3379 -30.2081 -49.9287 -61.5429 -50.8548 -59.8409 -59.4528 -14.9765 -39.0073 -50.1435 -61.5202 -13.7318
11160.775391 -42.234 -28.5125 -63.0345 -50.1355 -42.3619 -23.0117 -51.9693 -32.7976 -65.8802 -50.5058 -41.5881 -30.5575 -50.1226 -61.7782 -50.7641 -60.0157 -59.62 -15.5117 -39.2863 -50.4085 -61.7508 -13.6527
11161.780273 -42.5338 -29.0309 -63.0627 -50.4195 -41.7962 -23.3479 -52.221 -33.0737 -66.0631 -50.782 -41.835 -30.9072 -50.3161 -62.0117 -50.6877 -60.1895 -59.7851 -16.0139 -39.5653 -50.673 -61.9799 -13.4739
11162.785156 -42.8331 -29.5312 -63.0873 -50.7029 -41.5181 -23.6755 -52.4722 -33.3493 -66.2441 -51.0569 -42.0786 -31.2571 -50.5091 -62.2433 -50.6247 -60.3621 -59.9482 -16.4895 -39.8441 -50.9369 -62.2074 -13.454
11163.790039 -43.1319 -30.0145 -63.1084 -50.9856 -41.415 -23.9956 -52.7231 -33.6243 -66.4232 -51.3305 -42.3192 -31.6073 -50.7018 -62.4731 -50.5744 -60.5334 -60.1093 -16.9438 -40.1229 -51.2002 -62.4335 -13.8943
11164.794922 -43.4303 -30.4819 -63.1259 -51.2676 -41.4114 -24.3091 -52.9736 -33.8989 -66.6003 -51.6029 -42.5571 -31.9578 -50.894 -62.7011 -50.5359 -60.7034 -60.2687 -17.381 -40.4016 -51.4629 -62.6579 -14.561
11165.799805 -43.7282 -30.9344 -63.14 -51.5489 -41.4618 -24.6168 -53.2236 -34.173 -66.7755 -51.874 -42.7924 -32.3084 -51.0859 -62.9271 -50.5084 -60.8717 -60.4263 -17.8041 -40.6801 -51.725 -62.8807 -15.2867
11166.804688 -44.0257 -31.3731 -63.1508 -51.8295 -41.5478 -24.9194 -53.4732 -34.4467 -66.9485 -52.1438 -43.0254 -32.6593 -51.2773 -63.1512 -50.491 -61.0383 -60.5822 -18.216 -40.9584 -51.9865 -63.1018 -15.9969
11167.810547 -44.3226 -31.7989 -63.1582 -52.1093 -41.6589 -25.2177 -53.7223 -34.72 -67.1194 -52.4124 -43.2561 -33.0103 -51.4684 -63.3733 -50.483 -61.2029 -60.7367 -18.6187 -41.2366 -52.2473 -63.3212 -16.6656
11168.814453 -44.619 -32.2127 -63.1624 -52.3885 -41.7884 -25.5121 -53.971 -34.9931 -67.2879 -52.6797 -43.4848 -33.3616 -51.6591 -63.5933 -50.4837 -61.3653 -60.8896 -19.0139 -41.5147 -52.5075 -63.5389 -17.2881
11169.820312 -44.9148 -32.6152 -63.1637 -52.6668 -41.9305 -25.8033 -54.2192 -35.2658 -67.4536 -52.9457 -43.7116 -33.713 -51.8494 -63.8114 -50.4924 -61.5252 -61.0412 -19.4031 -41.7925 -52.7671 -63.7548 -17.8673
11170.825195 -45.2101 -33.0073 -63.162 -52.9444 -42.0802 -26.0915 -54.4669 -35.5382 -67.6155 -53.2105 -43.9366 -34.0645 -52.0394 -64.0274 -50.5086 -61.6823 -61.1915 -19.7874 -42.0702 -53.0261 -63.9689 -18.4086
11171.830078 -45.5048 -33.3897 -63.1577 -53.2213 -42.2333 -26.3773 -54.7141 -35.8103 -67.7719 -53.474 -44.16 -34.4161 -52.229 -64.2413 -50.5317 -61.8363 -61.3406 -20.1678 -42.3476 -53.2843 -64.1812 -18.9174
11172.834961 -45.799 -33.7629 -63.1508 -53.4974 -42.3872 -26.661 -54.9608 -36.0822 -67.9189 -53.7363 -44.3818 -34.7678 -52.4183 -64.453 -50.5613 -61.9868 -61.4884 -20.5451 -42.6249 -53.542 -64.3915 -19.3986
11173.839844 -46.0925 -34.1276 -63.1415 -53.7726 -42.5408 -26.9429 -55.2069 -36.3539 -68.0491 -53.9973 -44.6022 -35.1195 -52.6071 -64.6627 -50.5968 -62.1334 -61.6351 -20.92 -42.9019 -53.7989 -64.6 -19.8564
11174.844727 -46.3854 -34.4843 -63.1301 -54.0471 -42.6938 -27.2233 -55.4525 -36.6253 -68.1476 -54.2571 -44.8212 -35.4713 -52.7957 -64.8701 -50.6379 -62.2756 -61.7808 -21.2931 -43.1786 -54.0552 -64.8066 -20.294
11175.849609 -46.6777 -34.8336 -63.1167 -54.3207 -42.8467 -27.5025 -55.6976 -36.8966 -68.1839 -54.5156 -45.039 -35.8231 -52.9838 -65.0753 -50.6843 -62.4132 -61.9254 -21.6648 -43.4552 -54.3108 -65.0112 -20.7144
11176.855469 -46.9694 -35.1758 -63.1014 -54.5936 -43 -27.7806 -55.9421 -37.1676 -68.0975 -54.7729 -45.2556 -36.1748 -53.1717 -65.2783 -50.7356 -62.5459 -62.069 -22.0355 -43.7314 -54.5656 -65.2138 -21.1198
11177.859375 -47.2605 -35.5115 -63.0846 -54.8655 -43.1542 -28.0578 -56.1859 -37.4385 -67.7678 -55.0289 -45.471 -36.5265 -53.3591 -65.4791 -50.7915 -62.6736 -62.2117 -22.4057 -44.0074 -54.8198 -65.4144 -21.5123
11178.865234 -47.5509 -35.841 -63.0664 -55.1366 -43.3096 -28.3343 -56.4291 -37.7092 -66.9486 -55.2837 -45.6854 -36.878 -53.5462 -65.6776 -50.8517 -62.7963 -62.3534 -22.7755 -44.2831 -55.0733 -65.6129 -21.8935
11179.870117 -47.8406 -36.1647 -63.0469 -55.4068 -43.4665 -28.6104 -56.6717 -37.9797 -65.142 -55.5372 -45.8989 -37.2295 -53.733 -65.8738 -50.9159 -62.9142 -62.4942 -23.1453 -44.5585 -55.326 -65.8094 -22.2649
11180.875000 -48.1297 -36.4829 -63.0264 -55.6761 -43.6251 -28.886 -56.9136 -38.25 -61.349 -55.7895 -46.1114 -37.5808 -53.9193 -66.0676 -50.9841 -63.0276 -62.6342 -23.5152 -44.8336 -55.5779 -66.0037 -22.6277
11181.879883 -48.418 -36.796 -63.005 -55.9445 -43.7853 -29.1613 -57.1549 -38.5202 -53.8614 -56.0405 -46.3231 -37.9319 -54.1054 -66.2592 -51.0558 -63.1369 -62.7733 -23.8854 -45.1083 -55.8291 -66.1959 -22.9831
11182.884766 -48.7057 -37.1042 -62.983 -56.2119 -43.9471 -29.4365 -57.3954 -38.7902 -40.425 -56.2902 -46.5339 -38.2829 -54.291 -66.4484 -51.1311 -63.2425 -62.9115 -24.256 -45.3828 -56.0795 -66.386 -23.3318
11183.889648 -48.9927 -37.4078 -62.9604 -56.4784 -44.1107 -29.7116 -57.6352 -39.06 -27.4116 -56.5387 -46.744 -38.6336 -54.4763 -66.6352 -51.2096 -63.3449 -63.0489 -24.6271 -45.6569 -56.3291 -66.5739 -23.6748
11184.894531 -49.279 -37.707 -62.9374 -56.7439 -44.2758 -29.9867 -57.8742 -39.3297 -23.8946 -56.7859 -46.9533 -38.984 -54.6612 -66.8197 -51.2912 -63.4446 -63.1855 -24.9989 -45.9307 -56.5779 -66.7596 -24.0128
11185.900391 -49.5646 -38.0022 -62.9142 -57.0083 -44.4425 -30.2619 -58.1124 -39.5992 -23.1449 -57.0318 -47.162 -39.3342 -54.8457 -67.0018 -51.3757 -63.5421 -63.3213 -25.3714 -46.2041 -56.8259 -66.943 -24.3464
11186.905273 -49.8494 -38.2934 -62.8909 -57.2718 -44.6106 -30.5372 -58.3498 -39.8685 -23.4972 -57.2764 -47.37 -39.6841 -55.0298 -67.1815 -51.4631 -63.6376 -63.4563 -25.7446 -46.4771 -57.0729 -67.1243 -24.6761
11187.910156 -50.1336 -38.581 -62.8677 -57.5341 -44.7803 -30.8126 -58.5863 -40.1377 -23.9546 -57.5197 -47.5774 -40.0336 -55.2135 -67.3588 -51.5532 -63.7318 -63.5905 -26.1187 -46.7498 -57.3192 -67.3032 -25.0025
11188.915039 -50.417 -38.8651 -62.8445 -57.7954 -44.9514 -31.0883 -58.8219 -40.4067 -24.3597 -57.7617 -47.7841 -40.3828 -55.3968 -67.5336 -51.6458 -63.8248 -63.724 -26.4935 -47.0221 -57.5645 -67.4799 -25.3259
11189.919922 -50.6996 -39.1458 -62.8214 -58.0555 -45.1239 -31.3642 -59.0567 -40.6755 -24.7386 -58.0024 -47.9904 -40.7315 -55.5797 -67.706 -51.7409 -63.9169 -63.8566 -26.8691 -47.2939 -57.8089 -67.6544 -25.6468
11190.924805 -50.9815 -39.4234 -62.7982 -58.3145 -45.2977 -31.6404 -59.2905 -40.9441 -25.1211 -58.2417 -48.196 -41.0798 -55.7622 -67.8761 -51.8384 -64.0085 -63.9885 -27.2456 -47.5654 -58.0523 -67.8265 -25.9654
11191.929688 -51.2627 -39.698 -62.7736 -58.5723 -45.4728 -31.9168 -59.5233 -41.2125 -25.511 -58.4797 -48.4012 -41.4277 -55.9443 -68.0436 -51.9381 -64.0997 -64.1196 -27.6228 -47.8365 -58.2948 -67.9963 -26.2821
